#
# A fatal error has been detected by the Java Runtime Environment:
#
#  SIGILL (0x4) at pc=0x00007ff8115dd5f0, pid=1048, tid=259
#
# JRE version: OpenJDK Runtime Environment Corretto-21.0.4.7.1 (21.0.4+7) (build 21.0.4+7-LTS)
# Java VM: OpenJDK 64-Bit Server VM Corretto-21.0.4.7.1 (21.0.4+7-LTS, mixed mode, sharing, tiered, compressed oops, compressed class ptrs, g1 gc, bsd-amd64)
# Problematic frame:
# C  [CoreFoundation+0x1d95f0]  CFRunLoopRunSpecific.cold.3+0xe
#
# No core dump will be written. Core dumps have been disabled. To enable core dumping, try "ulimit -c unlimited" before starting Java again
#
# If you would like to submit a bug report, please visit:
#   https://github.com/corretto/corretto-21/issues/
# The crash happened outside the Java Virtual Machine in native code.
# See problematic frame for where to report the bug.
#

---------------  S U M M A R Y ------------

Command Line: -agentlib:jdwp=transport=dt_socket,address=127.0.0.1:49536,suspend=y,server=n -javaagent:/Users/gregory/Library/Caches/JetBrains/IntelliJIdea2025.3/captureAgent/debugger-agent.jar=file:///var/folders/b7/xf84s60j05z0cd3l7fzd82bw0000gn/T/capture5166345672449462020.props -Dkotlinx.coroutines.debug.enable.creation.stack.trace=false -Ddebugger.agent.enable.coroutines=true -Dkotlinx.coroutines.debug.enable.flows.stack.trace=true -Dkotlinx.coroutines.debug.enable.mutable.state.flows.stack.trace=true -Ddebugger.async.stack.trace.for.all.threads=true -Dfile.encoding=UTF-8 -Dsun.stdout.encoding=UTF-8 -Dsun.stderr.encoding=UTF-8 com.gl.langchain4j.easyworkflow.samples.SampleSequentialAndRepeatableAgentsPlayground

Host: "MacBookPro16,1" x86_64 2600 MHz, 12 cores, 32G, Darwin 24.6.0, macOS 15.6.1 (24G90)
Time: Sat Jan 24 13:15:42 2026 EST elapsed time: 8825.606314 seconds (0d 2h 27m 5s)

---------------  T H R E A D  ---------------

Current thread (0x00007fcf44374400):  JavaThread "AppKit Thread" daemon [_thread_in_native, id=259, stack(0x00007ff7ba4b7000,0x00007ff7bacb7000) (8192K)]

Stack: [0x00007ff7ba4b7000,0x00007ff7bacb7000],  sp=0x00007ff7bab36048,  free space=6652k
Native frames: (J=compiled Java code, j=interpreted, Vv=VM code, C=native code)
C  [CoreFoundation+0x1d95f0]  CFRunLoopRunSpecific.cold.3+0xe
C  [Foundation+0x5aff3]  -[NSRunLoop(NSRunLoop) runMode:beforeDate:]+0xd8
C  [libawt_lwawt.dylib+0x701ce]  Java_sun_lwawt_macosx_LWCToolkit_doAWTRunLoopImpl+0x14e
J 11171  sun.lwawt.macosx.LWCToolkit.doAWTRunLoopImpl(JZZ)V java.desktop@21.0.4 (0 bytes) @ 0x0000000117c81b76 [0x0000000117c81aa0+0x00000000000000d6]
J 10907 c1 sun.lwawt.macosx.LWCToolkit.invokeAndWait(Ljava/lang/Runnable;Ljava/awt/Component;)V java.desktop@21.0.4 (59 bytes) @ 0x0000000110160d5c [0x00000001101602e0+0x0000000000000a7c]
J 11163 c1 sun.lwawt.macosx.CAccessibility.invokeAndWait(Ljava/util/concurrent/Callable;Ljava/awt/Component;)Ljava/lang/Object; java.desktop@21.0.4 (7 bytes) @ 0x00000001102630cc [0x0000000110262ea0+0x000000000000022c]
j  sun.lwawt.macosx.CAccessibility.getChildrenAndRolesRecursive(Ljavax/accessibility/Accessible;Ljava/awt/Component;IZI)[Ljava/lang/Object;+20 java.desktop@21.0.4
v  ~StubRoutines::call_stub 0x0000000117425cc6
V  [libjvm.dylib+0x5b982b]  JavaCalls::call_helper(JavaValue*, methodHandle const&, JavaCallArguments*, JavaThread*)+0x2ab
V  [libjvm.dylib+0x62ecb2]  jni_invoke_static(JNIEnv_*, JavaValue*, _jobject*, JNICallType, _jmethodID*, JNI_ArgumentPusher*, JavaThread*)+0x1c2
V  [libjvm.dylib+0x62f67f]  jni_CallStaticObjectMethod+0x17f
C  [libawt_lwawt.dylib+0x49791]  +[CommonComponentAccessibility childrenOfParent:withEnv:withChildrenCode:allowIgnored:recursive:]+0x4f1
C  [libawt_lwawt.dylib+0x4b0b6]  -[CommonComponentAccessibility accessibleChildrenWithChildCode:]+0x106
C  [libawt_lwawt.dylib+0x48b30]  -[CommonComponentAccessibility postTreeNodeExpanded]+0x60
C  [Foundation+0x7bc19]  __NSThreadPerformPerform+0xb2
C  [CoreFoundation+0x7bab0]  __CFRUNLOOP_IS_CALLING_OUT_TO_A_SOURCE0_PERFORM_FUNCTION__+0x11
C  [CoreFoundation+0x7ba52]  __CFRunLoopDoSource0+0x9d
C  [CoreFoundation+0x7b80d]  __CFRunLoopDoSources0+0xcb
C  [CoreFoundation+0x7a476]  __CFRunLoopRun+0x3cd
C  [CoreFoundation+0x79a72]  CFRunLoopRunSpecific+0x218
C  [Foundation+0x5aff3]  -[NSRunLoop(NSRunLoop) runMode:beforeDate:]+0xd8
C  [libawt_lwawt.dylib+0x701ce]  Java_sun_lwawt_macosx_LWCToolkit_doAWTRunLoopImpl+0x14e
J 11171  sun.lwawt.macosx.LWCToolkit.doAWTRunLoopImpl(JZZ)V java.desktop@21.0.4 (0 bytes) @ 0x0000000117c81b76 [0x0000000117c81aa0+0x00000000000000d6]
J 10907 c1 sun.lwawt.macosx.LWCToolkit.invokeAndWait(Ljava/lang/Runnable;Ljava/awt/Component;)V java.desktop@21.0.4 (59 bytes) @ 0x0000000110160d5c [0x00000001101602e0+0x0000000000000a7c]
J 11163 c1 sun.lwawt.macosx.CAccessibility.invokeAndWait(Ljava/util/concurrent/Callable;Ljava/awt/Component;)Ljava/lang/Object; java.desktop@21.0.4 (7 bytes) @ 0x00000001102630cc [0x0000000110262ea0+0x000000000000022c]
j  sun.lwawt.macosx.CAccessibility.getChildrenAndRolesRecursive(Ljavax/accessibility/Accessible;Ljava/awt/Component;IZI)[Ljava/lang/Object;+20 java.desktop@21.0.4
v  ~StubRoutines::call_stub 0x0000000117425cc6
V  [libjvm.dylib+0x5b982b]  JavaCalls::call_helper(JavaValue*, methodHandle const&, JavaCallArguments*, JavaThread*)+0x2ab
V  [libjvm.dylib+0x62ecb2]  jni_invoke_static(JNIEnv_*, JavaValue*, _jobject*, JNICallType, _jmethodID*, JNI_ArgumentPusher*, JavaThread*)+0x1c2
V  [libjvm.dylib+0x62f67f]  jni_CallStaticObjectMethod+0x17f
C  [libawt_lwawt.dylib+0x49791]  +[CommonComponentAccessibility childrenOfParent:withEnv:withChildrenCode:allowIgnored:recursive:]+0x4f1
C  [libawt_lwawt.dylib+0x4b0b6]  -[CommonComponentAccessibility accessibleChildrenWithChildCode:]+0x106
C  [libawt_lwawt.dylib+0x48b30]  -[CommonComponentAccessibility postTreeNodeExpanded]+0x60
C  [Foundation+0x7bc19]  __NSThreadPerformPerform+0xb2
C  [CoreFoundation+0x7bab0]  __CFRUNLOOP_IS_CALLING_OUT_TO_A_SOURCE0_PERFORM_FUNCTION__+0x11
C  [CoreFoundation+0x7ba52]  __CFRunLoopDoSource0+0x9d
C  [CoreFoundation+0x7b80d]  __CFRunLoopDoSources0+0xcb
C  [CoreFoundation+0x7a476]  __CFRunLoopRun+0x3cd
C  [CoreFoundation+0x79a72]  CFRunLoopRunSpecific+0x218
C  [Foundation+0x5aff3]  -[NSRunLoop(NSRunLoop) runMode:beforeDate:]+0xd8
C  [libawt_lwawt.dylib+0x701ce]  Java_sun_lwawt_macosx_LWCToolkit_doAWTRunLoopImpl+0x14e
J 11171  sun.lwawt.macosx.LWCToolkit.doAWTRunLoopImpl(JZZ)V java.desktop@21.0.4 (0 bytes) @ 0x0000000117c81b76 [0x0000000117c81aa0+0x00000000000000d6]
J 10907 c1 sun.lwawt.macosx.LWCToolkit.invokeAndWait(Ljava/lang/Runnable;Ljava/awt/Component;)V java.desktop@21.0.4 (59 bytes) @ 0x0000000110160d5c [0x00000001101602e0+0x0000000000000a7c]
J 11163 c1 sun.lwawt.macosx.CAccessibility.invokeAndWait(Ljava/util/concurrent/Callable;Ljava/awt/Component;)Ljava/lang/Object; java.desktop@21.0.4 (7 bytes) @ 0x00000001102630cc [0x0000000110262ea0+0x000000000000022c]
j  sun.lwawt.macosx.CAccessibility.getChildrenAndRolesRecursive(Ljavax/accessibility/Accessible;Ljava/awt/Component;IZI)[Ljava/lang/Object;+20 java.desktop@21.0.4
v  ~StubRoutines::call_stub 0x0000000117425cc6
V  [libjvm.dylib+0x5b982b]  JavaCalls::call_helper(JavaValue*, methodHandle const&, JavaCallArguments*, JavaThread*)+0x2ab
V  [libjvm.dylib+0x62ecb2]  jni_invoke_static(JNIEnv_*, JavaValue*, _jobject*, JNICallType, _jmethodID*, JNI_ArgumentPusher*, JavaThread*)+0x1c2
V  [libjvm.dylib+0x62f67f]  jni_CallStaticObjectMethod+0x17f
C  [libawt_lwawt.dylib+0x49791]  +[CommonComponentAccessibility childrenOfParent:withEnv:withChildrenCode:allowIgnored:recursive:]+0x4f1
C  [libawt_lwawt.dylib+0x4b0b6]  -[CommonComponentAccessibility accessibleChildrenWithChildCode:]+0x106
C  [libawt_lwawt.dylib+0x48b30]  -[CommonComponentAccessibility postTreeNodeExpanded]+0x60
C  [Foundation+0x7bc19]  __NSThreadPerformPerform+0xb2
C  [CoreFoundation+0x7bab0]  __CFRUNLOOP_IS_CALLING_OUT_TO_A_SOURCE0_PERFORM_FUNCTION__+0x11
C  [CoreFoundation+0x7ba52]  __CFRunLoopDoSource0+0x9d
C  [CoreFoundation+0x7b80d]  __CFRunLoopDoSources0+0xcb
C  [CoreFoundation+0x7a476]  __CFRunLoopRun+0x3cd
C  [CoreFoundation+0x79a72]  CFRunLoopRunSpecific+0x218
C  [Foundation+0x5aff3]  -[NSRunLoop(NSRunLoop) runMode:beforeDate:]+0xd8
C  [libawt_lwawt.dylib+0x701ce]  Java_sun_lwawt_macosx_LWCToolkit_doAWTRunLoopImpl+0x14e
J 11171  sun.lwawt.macosx.LWCToolkit.doAWTRunLoopImpl(JZZ)V java.desktop@21.0.4 (0 bytes) @ 0x0000000117c81b76 [0x0000000117c81aa0+0x00000000000000d6]
J 10907 c1 sun.lwawt.macosx.LWCToolkit.invokeAndWait(Ljava/lang/Runnable;Ljava/awt/Component;)V java.desktop@21.0.4 (59 bytes) @ 0x0000000110160d5c [0x00000001101602e0+0x0000000000000a7c]
J 11163 c1 sun.lwawt.macosx.CAccessibility.invokeAndWait(Ljava/util/concurrent/Callable;Ljava/awt/Component;)Ljava/lang/Object; java.desktop@21.0.4 (7 bytes) @ 0x00000001102630cc [0x0000000110262ea0+0x000000000000022c]
j  sun.lwawt.macosx.CAccessibility.getChildrenAndRolesRecursive(Ljavax/accessibility/Accessible;Ljava/awt/Component;IZI)[Ljava/lang/Object;+20 java.desktop@21.0.4
v  ~StubRoutines::call_stub 0x0000000117425cc6
V  [libjvm.dylib+0x5b982b]  JavaCalls::call_helper(JavaValue*, methodHandle const&, JavaCallArguments*, JavaThread*)+0x2ab
V  [libjvm.dylib+0x62ecb2]  jni_invoke_static(JNIEnv_*, JavaValue*, _jobject*, JNICallType, _jmethodID*, JNI_ArgumentPusher*, JavaThread*)+0x1c2
V  [libjvm.dylib+0x62f67f]  jni_CallStaticObjectMethod+0x17f
C  [libawt_lwawt.dylib+0x49791]  +[CommonComponentAccessibility childrenOfParent:withEnv:withChildrenCode:allowIgnored:recursive:]+0x4f1
C  [libawt_lwawt.dylib+0x4b0b6]  -[CommonComponentAccessibility accessibleChildrenWithChildCode:]+0x106
C  [libawt_lwawt.dylib+0x48b30]  -[CommonComponentAccessibility postTreeNodeExpanded]+0x60
C  [Foundation+0x7bc19]  __NSThreadPerformPerform+0xb2
C  [CoreFoundation+0x7bab0]  __CFRUNLOOP_IS_CALLING_OUT_TO_A_SOURCE0_PERFORM_FUNCTION__+0x11
C  [CoreFoundation+0x7ba52]  __CFRunLoopDoSource0+0x9d
C  [CoreFoundation+0x7b80d]  __CFRunLoopDoSources0+0xcb
C  [CoreFoundation+0x7a476]  __CFRunLoopRun+0x3cd
C  [CoreFoundation+0x79a72]  CFRunLoopRunSpecific+0x218
C  [Foundation+0x5aff3]  -[NSRunLoop(NSRunLoop) runMode:beforeDate:]+0xd8
C  [libawt_lwawt.dylib+0x701ce]  Java_sun_lwawt_macosx_LWCToolkit_doAWTRunLoopImpl+0x14e
J 11171  sun.lwawt.macosx.LWCToolkit.doAWTRunLoopImpl(JZZ)V java.desktop@21.0.4 (0 bytes) @ 0x0000000117c81b76 [0x0000000117c81aa0+0x00000000000000d6]
J 10907 c1 sun.lwawt.macosx.LWCToolkit.invokeAndWait(Ljava/lang/Runnable;Ljava/awt/Component;)V java.desktop@21.0.4 (59 bytes) @ 0x0000000110160d5c [0x00000001101602e0+0x0000000000000a7c]
J 11163 c1 sun.lwawt.macosx.CAccessibility.invokeAndWait(Ljava/util/concurrent/Callable;Ljava/awt/Component;)Ljava/lang/Object; java.desktop@21.0.4 (7 bytes) @ 0x00000001102630cc [0x0000000110262ea0+0x000000000000022c]
j  sun.lwawt.macosx.CAccessibility.getChildrenAndRolesRecursive(Ljavax/accessibility/Accessible;Ljava/awt/Component;IZI)[Ljava/lang/Object;+20 java.desktop@21.0.4
v  ~StubRoutines::call_stub 0x0000000117425cc6
V  [libjvm.dylib+0x5b982b]  JavaCalls::call_helper(JavaValue*, methodHandle const&, JavaCallArguments*, JavaThread*)+0x2ab
V  [libjvm.dylib+0x62ecb2]  jni_invoke_static(JNIEnv_*, JavaValue*, _jobject*, JNICallType, _jmethodID*, JNI_ArgumentPusher*, JavaThread*)+0x1c2
V  [libjvm.dylib+0x62f67f]  jni_CallStaticObjectMethod+0x17f
C  [libawt_lwawt.dylib+0x49791]  +[CommonComponentAccessibility childrenOfParent:withEnv:withChildrenCode:allowIgnored:recursive:]+0x4f1
C  [libawt_lwawt.dylib+0x4b0b6]  -[CommonComponentAccessibility accessibleChildrenWithChildCode:]+0x106
C  [libawt_lwawt.dylib+0x48b30]  -[CommonComponentAccessibility postTreeNodeExpanded]+0x60
C  [Foundation+0x7bc19]  __NSThreadPerformPerform+0xb2
C  [CoreFoundation+0x7bab0]  __CFRUNLOOP_IS_CALLING_OUT_TO_A_SOURCE0_PERFORM_FUNCTION__+0x11
C  [CoreFoundation+0x7ba52]  __CFRunLoopDoSource0+0x9d
C  [CoreFoundation+0x7b80d]  __CFRunLoopDoSources0+0xcb
C  [CoreFoundation+0x7a476]  __CFRunLoopRun+0x3cd
C  [CoreFoundation+0x79a72]  CFRunLoopRunSpecific+0x218
C  [Foundation+0x5aff3]  -[NSRunLoop(NSRunLoop) runMode:beforeDate:]+0xd8
C  [libawt_lwawt.dylib+0x701ce]  Java_sun_lwawt_macosx_LWCToolkit_doAWTRunLoopImpl+0x14e
J 11171  sun.lwawt.macosx.LWCToolkit.doAWTRunLoopImpl(JZZ)V java.desktop@21.0.4 (0 bytes) @ 0x0000000117c81b76 [0x0000000117c81aa0+0x00000000000000d6]
J 10907 c1 sun.lwawt.macosx.LWCToolkit.invokeAndWait(Ljava/lang/Runnable;Ljava/awt/Component;)V java.desktop@21.0.4 (59 bytes) @ 0x0000000110160d5c [0x00000001101602e0+0x0000000000000a7c]
...<more frames>...
Java frames: (J=compiled Java code, j=interpreted, Vv=VM code)
J 11171  sun.lwawt.macosx.LWCToolkit.doAWTRunLoopImpl(JZZ)V java.desktop@21.0.4 (0 bytes) @ 0x0000000117c81aff [0x0000000117c81aa0+0x000000000000005f]
J 10907 c1 sun.lwawt.macosx.LWCToolkit.invokeAndWait(Ljava/lang/Runnable;Ljava/awt/Component;)V java.desktop@21.0.4 (59 bytes) @ 0x0000000110160d5c [0x00000001101602e0+0x0000000000000a7c]
J 11163 c1 sun.lwawt.macosx.CAccessibility.invokeAndWait(Ljava/util/concurrent/Callable;Ljava/awt/Component;)Ljava/lang/Object; java.desktop@21.0.4 (7 bytes) @ 0x00000001102630cc [0x0000000110262ea0+0x000000000000022c]
j  sun.lwawt.macosx.CAccessibility.getChildrenAndRolesRecursive(Ljavax/accessibility/Accessible;Ljava/awt/Component;IZI)[Ljava/lang/Object;+20 java.desktop@21.0.4
v  ~StubRoutines::call_stub 0x0000000117425cc6
J 11171  sun.lwawt.macosx.LWCToolkit.doAWTRunLoopImpl(JZZ)V java.desktop@21.0.4 (0 bytes) @ 0x0000000117c81aff [0x0000000117c81aa0+0x000000000000005f]
J 10907 c1 sun.lwawt.macosx.LWCToolkit.invokeAndWait(Ljava/lang/Runnable;Ljava/awt/Component;)V java.desktop@21.0.4 (59 bytes) @ 0x0000000110160d5c [0x00000001101602e0+0x0000000000000a7c]
J 11163 c1 sun.lwawt.macosx.CAccessibility.invokeAndWait(Ljava/util/concurrent/Callable;Ljava/awt/Component;)Ljava/lang/Object; java.desktop@21.0.4 (7 bytes) @ 0x00000001102630cc [0x0000000110262ea0+0x000000000000022c]
j  sun.lwawt.macosx.CAccessibility.getChildrenAndRolesRecursive(Ljavax/accessibility/Accessible;Ljava/awt/Component;IZI)[Ljava/lang/Object;+20 java.desktop@21.0.4
v  ~StubRoutines::call_stub 0x0000000117425cc6
J 11171  sun.lwawt.macosx.LWCToolkit.doAWTRunLoopImpl(JZZ)V java.desktop@21.0.4 (0 bytes) @ 0x0000000117c81aff [0x0000000117c81aa0+0x000000000000005f]
J 10907 c1 sun.lwawt.macosx.LWCToolkit.invokeAndWait(Ljava/lang/Runnable;Ljava/awt/Component;)V java.desktop@21.0.4 (59 bytes) @ 0x0000000110160d5c [0x00000001101602e0+0x0000000000000a7c]
J 11163 c1 sun.lwawt.macosx.CAccessibility.invokeAndWait(Ljava/util/concurrent/Callable;Ljava/awt/Component;)Ljava/lang/Object; java.desktop@21.0.4 (7 bytes) @ 0x00000001102630cc [0x0000000110262ea0+0x000000000000022c]
j  sun.lwawt.macosx.CAccessibility.getChildrenAndRolesRecursive(Ljavax/accessibility/Accessible;Ljava/awt/Component;IZI)[Ljava/lang/Object;+20 java.desktop@21.0.4
v  ~StubRoutines::call_stub 0x0000000117425cc6
J 11171  sun.lwawt.macosx.LWCToolkit.doAWTRunLoopImpl(JZZ)V java.desktop@21.0.4 (0 bytes) @ 0x0000000117c81aff [0x0000000117c81aa0+0x000000000000005f]
J 10907 c1 sun.lwawt.macosx.LWCToolkit.invokeAndWait(Ljava/lang/Runnable;Ljava/awt/Component;)V java.desktop@21.0.4 (59 bytes) @ 0x0000000110160d5c [0x00000001101602e0+0x0000000000000a7c]
J 11163 c1 sun.lwawt.macosx.CAccessibility.invokeAndWait(Ljava/util/concurrent/Callable;Ljava/awt/Component;)Ljava/lang/Object; java.desktop@21.0.4 (7 bytes) @ 0x00000001102630cc [0x0000000110262ea0+0x000000000000022c]
j  sun.lwawt.macosx.CAccessibility.getChildrenAndRolesRecursive(Ljavax/accessibility/Accessible;Ljava/awt/Component;IZI)[Ljava/lang/Object;+20 java.desktop@21.0.4
v  ~StubRoutines::call_stub 0x0000000117425cc6
J 11171  sun.lwawt.macosx.LWCToolkit.doAWTRunLoopImpl(JZZ)V java.desktop@21.0.4 (0 bytes) @ 0x0000000117c81aff [0x0000000117c81aa0+0x000000000000005f]
J 10907 c1 sun.lwawt.macosx.LWCToolkit.invokeAndWait(Ljava/lang/Runnable;Ljava/awt/Component;)V java.desktop@21.0.4 (59 bytes) @ 0x0000000110160d5c [0x00000001101602e0+0x0000000000000a7c]
J 11163 c1 sun.lwawt.macosx.CAccessibility.invokeAndWait(Ljava/util/concurrent/Callable;Ljava/awt/Component;)Ljava/lang/Object; java.desktop@21.0.4 (7 bytes) @ 0x00000001102630cc [0x0000000110262ea0+0x000000000000022c]
j  sun.lwawt.macosx.CAccessibility.getChildrenAndRolesRecursive(Ljavax/accessibility/Accessible;Ljava/awt/Component;IZI)[Ljava/lang/Object;+20 java.desktop@21.0.4
v  ~StubRoutines::call_stub 0x0000000117425cc6
J 11171  sun.lwawt.macosx.LWCToolkit.doAWTRunLoopImpl(JZZ)V java.desktop@21.0.4 (0 bytes) @ 0x0000000117c81aff [0x0000000117c81aa0+0x000000000000005f]
J 10907 c1 sun.lwawt.macosx.LWCToolkit.invokeAndWait(Ljava/lang/Runnable;Ljava/awt/Component;)V java.desktop@21.0.4 (59 bytes) @ 0x0000000110160d5c [0x00000001101602e0+0x0000000000000a7c]
J 11163 c1 sun.lwawt.macosx.CAccessibility.invokeAndWait(Ljava/util/concurrent/Callable;Ljava/awt/Component;)Ljava/lang/Object; java.desktop@21.0.4 (7 bytes) @ 0x00000001102630cc [0x0000000110262ea0+0x000000000000022c]
j  sun.lwawt.macosx.CAccessibility.getChildrenAndRolesRecursive(Ljavax/accessibility/Accessible;Ljava/awt/Component;IZI)[Ljava/lang/Object;+20 java.desktop@21.0.4
v  ~StubRoutines::call_stub 0x0000000117425cc6
J 11171  sun.lwawt.macosx.LWCToolkit.doAWTRunLoopImpl(JZZ)V java.desktop@21.0.4 (0 bytes) @ 0x0000000117c81aff [0x0000000117c81aa0+0x000000000000005f]
J 10907 c1 sun.lwawt.macosx.LWCToolkit.invokeAndWait(Ljava/lang/Runnable;Ljava/awt/Component;)V java.desktop@21.0.4 (59 bytes) @ 0x0000000110160d5c [0x00000001101602e0+0x0000000000000a7c]
J 11163 c1 sun.lwawt.macosx.CAccessibility.invokeAndWait(Ljava/util/concurrent/Callable;Ljava/awt/Component;)Ljava/lang/Object; java.desktop@21.0.4 (7 bytes) @ 0x00000001102630cc [0x0000000110262ea0+0x000000000000022c]
j  sun.lwawt.macosx.CAccessibility.getChildrenAndRolesRecursive(Ljavax/accessibility/Accessible;Ljava/awt/Component;IZI)[Ljava/lang/Object;+20 java.desktop@21.0.4
v  ~StubRoutines::call_stub 0x0000000117425cc6
J 11171  sun.lwawt.macosx.LWCToolkit.doAWTRunLoopImpl(JZZ)V java.desktop@21.0.4 (0 bytes) @ 0x0000000117c81aff [0x0000000117c81aa0+0x000000000000005f]
J 10907 c1 sun.lwawt.macosx.LWCToolkit.invokeAndWait(Ljava/lang/Runnable;Ljava/awt/Component;)V java.desktop@21.0.4 (59 bytes) @ 0x0000000110160d5c [0x00000001101602e0+0x0000000000000a7c]
J 11163 c1 sun.lwawt.macosx.CAccessibility.invokeAndWait(Ljava/util/concurrent/Callable;Ljava/awt/Component;)Ljava/lang/Object; java.desktop@21.0.4 (7 bytes) @ 0x00000001102630cc [0x0000000110262ea0+0x000000000000022c]
j  sun.lwawt.macosx.CAccessibility.getChildrenAndRolesRecursive(Ljavax/accessibility/Accessible;Ljava/awt/Component;IZI)[Ljava/lang/Object;+20 java.desktop@21.0.4
v  ~StubRoutines::call_stub 0x0000000117425cc6
J 11171  sun.lwawt.macosx.LWCToolkit.doAWTRunLoopImpl(JZZ)V java.desktop@21.0.4 (0 bytes) @ 0x0000000117c81aff [0x0000000117c81aa0+0x000000000000005f]
J 10907 c1 sun.lwawt.macosx.LWCToolkit.invokeAndWait(Ljava/lang/Runnable;Ljava/awt/Component;)V java.desktop@21.0.4 (59 bytes) @ 0x0000000110160d5c [0x00000001101602e0+0x0000000000000a7c]
J 11163 c1 sun.lwawt.macosx.CAccessibility.invokeAndWait(Ljava/util/concurrent/Callable;Ljava/awt/Component;)Ljava/lang/Object; java.desktop@21.0.4 (7 bytes) @ 0x00000001102630cc [0x0000000110262ea0+0x000000000000022c]
j  sun.lwawt.macosx.CAccessibility.getChildrenAndRolesRecursive(Ljavax/accessibility/Accessible;Ljava/awt/Component;IZI)[Ljava/lang/Object;+20 java.desktop@21.0.4
v  ~StubRoutines::call_stub 0x0000000117425cc6
J 11171  sun.lwawt.macosx.LWCToolkit.doAWTRunLoopImpl(JZZ)V java.desktop@21.0.4 (0 bytes) @ 0x0000000117c81aff [0x0000000117c81aa0+0x000000000000005f]
J 10907 c1 sun.lwawt.macosx.LWCToolkit.invokeAndWait(Ljava/lang/Runnable;Ljava/awt/Component;)V java.desktop@21.0.4 (59 bytes) @ 0x0000000110160d5c [0x00000001101602e0+0x0000000000000a7c]
J 11163 c1 sun.lwawt.macosx.CAccessibility.invokeAndWait(Ljava/util/concurrent/Callable;Ljava/awt/Component;)Ljava/lang/Object; java.desktop@21.0.4 (7 bytes) @ 0x00000001102630cc [0x0000000110262ea0+0x000000000000022c]
j  sun.lwawt.macosx.CAccessibility.getChildrenAndRolesRecursive(Ljavax/accessibility/Accessible;Ljava/awt/Component;IZI)[Ljava/lang/Object;+20 java.desktop@21.0.4
v  ~StubRoutines::call_stub 0x0000000117425cc6
J 11171  sun.lwawt.macosx.LWCToolkit.doAWTRunLoopImpl(JZZ)V java.desktop@21.0.4 (0 bytes) @ 0x0000000117c81aff [0x0000000117c81aa0+0x000000000000005f]
J 10907 c1 sun.lwawt.macosx.LWCToolkit.invokeAndWait(Ljava/lang/Runnable;Ljava/awt/Component;)V java.desktop@21.0.4 (59 bytes) @ 0x0000000110160d5c [0x00000001101602e0+0x0000000000000a7c]
J 11163 c1 sun.lwawt.macosx.CAccessibility.invokeAndWait(Ljava/util/concurrent/Callable;Ljava/awt/Component;)Ljava/lang/Object; java.desktop@21.0.4 (7 bytes) @ 0x00000001102630cc [0x0000000110262ea0+0x000000000000022c]
j  sun.lwawt.macosx.CAccessibility.getChildrenAndRolesRecursive(Ljavax/accessibility/Accessible;Ljava/awt/Component;IZI)[Ljava/lang/Object;+20 java.desktop@21.0.4
v  ~StubRoutines::call_stub 0x0000000117425cc6
J 11171  sun.lwawt.macosx.LWCToolkit.doAWTRunLoopImpl(JZZ)V java.desktop@21.0.4 (0 bytes) @ 0x0000000117c81aff [0x0000000117c81aa0+0x000000000000005f]
J 10907 c1 sun.lwawt.macosx.LWCToolkit.invokeAndWait(Ljava/lang/Runnable;Ljava/awt/Component;)V java.desktop@21.0.4 (59 bytes) @ 0x0000000110160d5c [0x00000001101602e0+0x0000000000000a7c]
J 11163 c1 sun.lwawt.macosx.CAccessibility.invokeAndWait(Ljava/util/concurrent/Callable;Ljava/awt/Component;)Ljava/lang/Object; java.desktop@21.0.4 (7 bytes) @ 0x00000001102630cc [0x0000000110262ea0+0x000000000000022c]
j  sun.lwawt.macosx.CAccessibility.getChildrenAndRolesRecursive(Ljavax/accessibility/Accessible;Ljava/awt/Component;IZI)[Ljava/lang/Object;+20 java.desktop@21.0.4
v  ~StubRoutines::call_stub 0x0000000117425cc6
J 11171  sun.lwawt.macosx.LWCToolkit.doAWTRunLoopImpl(JZZ)V java.desktop@21.0.4 (0 bytes) @ 0x0000000117c81aff [0x0000000117c81aa0+0x000000000000005f]
J 10907 c1 sun.lwawt.macosx.LWCToolkit.invokeAndWait(Ljava/lang/Runnable;Ljava/awt/Component;)V java.desktop@21.0.4 (59 bytes) @ 0x0000000110160d5c [0x00000001101602e0+0x0000000000000a7c]
J 11163 c1 sun.lwawt.macosx.CAccessibility.invokeAndWait(Ljava/util/concurrent/Callable;Ljava/awt/Component;)Ljava/lang/Object; java.desktop@21.0.4 (7 bytes) @ 0x00000001102630cc [0x0000000110262ea0+0x000000000000022c]
j  sun.lwawt.macosx.CAccessibility.getChildrenAndRolesRecursive(Ljavax/accessibility/Accessible;Ljava/awt/Component;IZI)[Ljava/lang/Object;+20 java.desktop@21.0.4
v  ~StubRoutines::call_stub 0x0000000117425cc6
J 11171  sun.lwawt.macosx.LWCToolkit.doAWTRunLoopImpl(JZZ)V java.desktop@21.0.4 (0 bytes) @ 0x0000000117c81aff [0x0000000117c81aa0+0x000000000000005f]
J 10907 c1 sun.lwawt.macosx.LWCToolkit.invokeAndWait(Ljava/lang/Runnable;Ljava/awt/Component;)V java.desktop@21.0.4 (59 bytes) @ 0x0000000110160d5c [0x00000001101602e0+0x0000000000000a7c]
J 11163 c1 sun.lwawt.macosx.CAccessibility.invokeAndWait(Ljava/util/concurrent/Callable;Ljava/awt/Component;)Ljava/lang/Object; java.desktop@21.0.4 (7 bytes) @ 0x00000001102630cc [0x0000000110262ea0+0x000000000000022c]
j  sun.lwawt.macosx.CAccessibility.getChildrenAndRolesRecursive(Ljavax/accessibility/Accessible;Ljava/awt/Component;IZI)[Ljava/lang/Object;+20 java.desktop@21.0.4
v  ~StubRoutines::call_stub 0x0000000117425cc6
J 11171  sun.lwawt.macosx.LWCToolkit.doAWTRunLoopImpl(JZZ)V java.desktop@21.0.4 (0 bytes) @ 0x0000000117c81aff [0x0000000117c81aa0+0x000000000000005f]
J 10907 c1 sun.lwawt.macosx.LWCToolkit.invokeAndWait(Ljava/lang/Runnable;Ljava/awt/Component;)V java.desktop@21.0.4 (59 bytes) @ 0x0000000110160d5c [0x00000001101602e0+0x0000000000000a7c]
J 11163 c1 sun.lwawt.macosx.CAccessibility.invokeAndWait(Ljava/util/concurrent/Callable;Ljava/awt/Component;)Ljava/lang/Object; java.desktop@21.0.4 (7 bytes) @ 0x00000001102630cc [0x0000000110262ea0+0x000000000000022c]
j  sun.lwawt.macosx.CAccessibility.getChildrenAndRolesRecursive(Ljavax/accessibility/Accessible;Ljava/awt/Component;IZI)[Ljava/lang/Object;+20 java.desktop@21.0.4
v  ~StubRoutines::call_stub 0x0000000117425cc6
J 11171  sun.lwawt.macosx.LWCToolkit.doAWTRunLoopImpl(JZZ)V java.desktop@21.0.4 (0 bytes) @ 0x0000000117c81aff [0x0000000117c81aa0+0x000000000000005f]
J 10907 c1 sun.lwawt.macosx.LWCToolkit.invokeAndWait(Ljava/lang/Runnable;Ljava/awt/Component;)V java.desktop@21.0.4 (59 bytes) @ 0x0000000110160d5c [0x00000001101602e0+0x0000000000000a7c]
J 11163 c1 sun.lwawt.macosx.CAccessibility.invokeAndWait(Ljava/util/concurrent/Callable;Ljava/awt/Component;)Ljava/lang/Object; java.desktop@21.0.4 (7 bytes) @ 0x00000001102630cc [0x0000000110262ea0+0x000000000000022c]
j  sun.lwawt.macosx.CAccessibility.getChildrenAndRolesRecursive(Ljavax/accessibility/Accessible;Ljava/awt/Component;IZI)[Ljava/lang/Object;+20 java.desktop@21.0.4
v  ~StubRoutines::call_stub 0x0000000117425cc6
J 11171  sun.lwawt.macosx.LWCToolkit.doAWTRunLoopImpl(JZZ)V java.desktop@21.0.4 (0 bytes) @ 0x0000000117c81aff [0x0000000117c81aa0+0x000000000000005f]
J 10907 c1 sun.lwawt.macosx.LWCToolkit.invokeAndWait(Ljava/lang/Runnable;Ljava/awt/Component;)V java.desktop@21.0.4 (59 bytes) @ 0x0000000110160d5c [0x00000001101602e0+0x0000000000000a7c]
J 11163 c1 sun.lwawt.macosx.CAccessibility.invokeAndWait(Ljava/util/concurrent/Callable;Ljava/awt/Component;)Ljava/lang/Object; java.desktop@21.0.4 (7 bytes) @ 0x00000001102630cc [0x0000000110262ea0+0x000000000000022c]
j  sun.lwawt.macosx.CAccessibility.getChildrenAndRolesRecursive(Ljavax/accessibility/Accessible;Ljava/awt/Component;IZI)[Ljava/lang/Object;+20 java.desktop@21.0.4
v  ~StubRoutines::call_stub 0x0000000117425cc6
J 11171  sun.lwawt.macosx.LWCToolkit.doAWTRunLoopImpl(JZZ)V java.desktop@21.0.4 (0 bytes) @ 0x0000000117c81aff [0x0000000117c81aa0+0x000000000000005f]
J 10907 c1 sun.lwawt.macosx.LWCToolkit.invokeAndWait(Ljava/lang/Runnable;Ljava/awt/Component;)V java.desktop@21.0.4 (59 bytes) @ 0x0000000110160d5c [0x00000001101602e0+0x0000000000000a7c]
J 11163 c1 sun.lwawt.macosx.CAccessibility.invokeAndWait(Ljava/util/concurrent/Callable;Ljava/awt/Component;)Ljava/lang/Object; java.desktop@21.0.4 (7 bytes) @ 0x00000001102630cc [0x0000000110262ea0+0x000000000000022c]
j  sun.lwawt.macosx.CAccessibility.getChildrenAndRolesRecursive(Ljavax/accessibility/Accessible;Ljava/awt/Component;IZI)[Ljava/lang/Object;+20 java.desktop@21.0.4
v  ~StubRoutines::call_stub 0x0000000117425cc6
J 11171  sun.lwawt.macosx.LWCToolkit.doAWTRunLoopImpl(JZZ)V java.desktop@21.0.4 (0 bytes) @ 0x0000000117c81aff [0x0000000117c81aa0+0x000000000000005f]
J 10907 c1 sun.lwawt.macosx.LWCToolkit.invokeAndWait(Ljava/lang/Runnable;Ljava/awt/Component;)V java.desktop@21.0.4 (59 bytes) @ 0x0000000110160d5c [0x00000001101602e0+0x0000000000000a7c]
J 11163 c1 sun.lwawt.macosx.CAccessibility.invokeAndWait(Ljava/util/concurrent/Callable;Ljava/awt/Component;)Ljava/lang/Object; java.desktop@21.0.4 (7 bytes) @ 0x00000001102630cc [0x0000000110262ea0+0x000000000000022c]
j  sun.lwawt.macosx.CAccessibility.getChildrenAndRolesRecursive(Ljavax/accessibility/Accessible;Ljava/awt/Component;IZI)[Ljava/lang/Object;+20 java.desktop@21.0.4
v  ~StubRoutines::call_stub 0x0000000117425cc6
J 11171  sun.lwawt.macosx.LWCToolkit.doAWTRunLoopImpl(JZZ)V java.desktop@21.0.4 (0 bytes) @ 0x0000000117c81aff [0x0000000117c81aa0+0x000000000000005f]
J 10907 c1 sun.lwawt.macosx.LWCToolkit.invokeAndWait(Ljava/lang/Runnable;Ljava/awt/Component;)V java.desktop@21.0.4 (59 bytes) @ 0x0000000110160d5c [0x00000001101602e0+0x0000000000000a7c]
J 11163 c1 sun.lwawt.macosx.CAccessibility.invokeAndWait(Ljava/util/concurrent/Callable;Ljava/awt/Component;)Ljava/lang/Object; java.desktop@21.0.4 (7 bytes) @ 0x00000001102630cc [0x0000000110262ea0+0x000000000000022c]
j  sun.lwawt.macosx.CAccessibility.getChildrenAndRolesRecursive(Ljavax/accessibility/Accessible;Ljava/awt/Component;IZI)[Ljava/lang/Object;+20 java.desktop@21.0.4
v  ~StubRoutines::call_stub 0x0000000117425cc6
J 11171  sun.lwawt.macosx.LWCToolkit.doAWTRunLoopImpl(JZZ)V java.desktop@21.0.4 (0 bytes) @ 0x0000000117c81aff [0x0000000117c81aa0+0x000000000000005f]
J 10907 c1 sun.lwawt.macosx.LWCToolkit.invokeAndWait(Ljava/lang/Runnable;Ljava/awt/Component;)V java.desktop@21.0.4 (59 bytes) @ 0x0000000110160d5c [0x00000001101602e0+0x0000000000000a7c]
J 11163 c1 sun.lwawt.macosx.CAccessibility.invokeAndWait(Ljava/util/concurrent/Callable;Ljava/awt/Component;)Ljava/lang/Object; java.desktop@21.0.4 (7 bytes) @ 0x00000001102630cc [0x0000000110262ea0+0x000000000000022c]
j  sun.lwawt.macosx.CAccessibility.getChildrenAndRolesRecursive(Ljavax/accessibility/Accessible;Ljava/awt/Component;IZI)[Ljava/lang/Object;+20 java.desktop@21.0.4
v  ~StubRoutines::call_stub 0x0000000117425cc6
J 11171  sun.lwawt.macosx.LWCToolkit.doAWTRunLoopImpl(JZZ)V java.desktop@21.0.4 (0 bytes) @ 0x0000000117c81aff [0x0000000117c81aa0+0x000000000000005f]
J 10907 c1 sun.lwawt.macosx.LWCToolkit.invokeAndWait(Ljava/lang/Runnable;Ljava/awt/Component;)V java.desktop@21.0.4 (59 bytes) @ 0x0000000110160d5c [0x00000001101602e0+0x0000000000000a7c]
J 11163 c1 sun.lwawt.macosx.CAccessibility.invokeAndWait(Ljava/util/concurrent/Callable;Ljava/awt/Component;)Ljava/lang/Object; java.desktop@21.0.4 (7 bytes) @ 0x00000001102630cc [0x0000000110262ea0+0x000000000000022c]
j  sun.lwawt.macosx.CAccessibility.getChildrenAndRolesRecursive(Ljavax/accessibility/Accessible;Ljava/awt/Component;IZI)[Ljava/lang/Object;+20 java.desktop@21.0.4
v  ~StubRoutines::call_stub 0x0000000117425cc6
J 11171  sun.lwawt.macosx.LWCToolkit.doAWTRunLoopImpl(JZZ)V java.desktop@21.0.4 (0 bytes) @ 0x0000000117c81aff [0x0000000117c81aa0+0x000000000000005f]
J 10907 c1 sun.lwawt.macosx.LWCToolkit.invokeAndWait(Ljava/lang/Runnable;Ljava/awt/Component;)V java.desktop@21.0.4 (59 bytes) @ 0x0000000110160d5c [0x00000001101602e0+0x0000000000000a7c]
J 11163 c1 sun.lwawt.macosx.CAccessibility.invokeAndWait(Ljava/util/concurrent/Callable;Ljava/awt/Component;)Ljava/lang/Object; java.desktop@21.0.4 (7 bytes) @ 0x00000001102630cc [0x0000000110262ea0+0x000000000000022c]
j  sun.lwawt.macosx.CAccessibility.getChildrenAndRolesRecursive(Ljavax/accessibility/Accessible;Ljava/awt/Component;IZI)[Ljava/lang/Object;+20 java.desktop@21.0.4
v  ~StubRoutines::call_stub 0x0000000117425cc6
J 11171  sun.lwawt.macosx.LWCToolkit.doAWTRunLoopImpl(JZZ)V java.desktop@21.0.4 (0 bytes) @ 0x0000000117c81aff [0x0000000117c81aa0+0x000000000000005f]
J 10907 c1 sun.lwawt.macosx.LWCToolkit.invokeAndWait(Ljava/lang/Runnable;Ljava/awt/Component;)V java.desktop@21.0.4 (59 bytes) @ 0x0000000110160d5c [0x00000001101602e0+0x0000000000000a7c]
J 11163 c1 sun.lwawt.macosx.CAccessibility.invokeAndWait(Ljava/util/concurrent/Callable;Ljava/awt/Component;)Ljava/lang/Object; java.desktop@21.0.4 (7 bytes) @ 0x00000001102630cc [0x0000000110262ea0+0x000000000000022c]
j  sun.lwawt.macosx.CAccessibility.getChildrenAndRolesRecursive(Ljavax/accessibility/Accessible;Ljava/awt/Component;IZI)[Ljava/lang/Object;+20 java.desktop@21.0.4
v  ~StubRoutines::call_stub 0x0000000117425cc6
J 11171  sun.lwawt.macosx.LWCToolkit.doAWTRunLoopImpl(JZZ)V java.desktop@21.0.4 (0 bytes) @ 0x0000000117c81aff [0x0000000117c81aa0+0x000000000000005f]
J 10907 c1 sun.lwawt.macosx.LWCToolkit.invokeAndWait(Ljava/lang/Runnable;Ljava/awt/Component;)V java.desktop@21.0.4 (59 bytes) @ 0x0000000110160d5c [0x00000001101602e0+0x0000000000000a7c]
J 11163 c1 sun.lwawt.macosx.CAccessibility.invokeAndWait(Ljava/util/concurrent/Callable;Ljava/awt/Component;)Ljava/lang/Object; java.desktop@21.0.4 (7 bytes) @ 0x00000001102630cc [0x0000000110262ea0+0x000000000000022c]
j  sun.lwawt.macosx.CAccessibility.getChildrenAndRolesRecursive(Ljavax/accessibility/Accessible;Ljava/awt/Component;IZI)[Ljava/lang/Object;+20 java.desktop@21.0.4
v  ~StubRoutines::call_stub 0x0000000117425cc6
J 11171  sun.lwawt.macosx.LWCToolkit.doAWTRunLoopImpl(JZZ)V java.desktop@21.0.4 (0 bytes) @ 0x0000000117c81aff [0x0000000117c81aa0+0x000000000000005f]
J 10907 c1 sun.lwawt.macosx.LWCToolkit.invokeAndWait(Ljava/lang/Runnable;Ljava/awt/Component;)V java.desktop@21.0.4 (59 bytes) @ 0x0000000110160d5c [0x00000001101602e0+0x0000000000000a7c]
J 11163 c1 sun.lwawt.macosx.CAccessibility.invokeAndWait(Ljava/util/concurrent/Callable;Ljava/awt/Component;)Ljava/lang/Object; java.desktop@21.0.4 (7 bytes) @ 0x00000001102630cc [0x0000000110262ea0+0x000000000000022c]
j  sun.lwawt.macosx.CAccessibility.getChildrenAndRolesRecursive(Ljavax/accessibility/Accessible;Ljava/awt/Component;IZI)[Ljava/lang/Object;+20 java.desktop@21.0.4
v  ~StubRoutines::call_stub 0x0000000117425cc6
J 11171  sun.lwawt.macosx.LWCToolkit.doAWTRunLoopImpl(JZZ)V java.desktop@21.0.4 (0 bytes) @ 0x0000000117c81aff [0x0000000117c81aa0+0x000000000000005f]
J 10907 c1 sun.lwawt.macosx.LWCToolkit.invokeAndWait(Ljava/lang/Runnable;Ljava/awt/Component;)V java.desktop@21.0.4 (59 bytes) @ 0x0000000110160d5c [0x00000001101602e0+0x0000000000000a7c]
J 11163 c1 sun.lwawt.macosx.CAccessibility.invokeAndWait(Ljava/util/concurrent/Callable;Ljava/awt/Component;)Ljava/lang/Object; java.desktop@21.0.4 (7 bytes) @ 0x00000001102630cc [0x0000000110262ea0+0x000000000000022c]
j  sun.lwawt.macosx.CAccessibility.getChildrenAndRolesRecursive(Ljavax/accessibility/Accessible;Ljava/awt/Component;IZI)[Ljava/lang/Object;+20 java.desktop@21.0.4
v  ~StubRoutines::call_stub 0x0000000117425cc6
J 11171  sun.lwawt.macosx.LWCToolkit.doAWTRunLoopImpl(JZZ)V java.desktop@21.0.4 (0 bytes) @ 0x0000000117c81aff [0x0000000117c81aa0+0x000000000000005f]
J 10907 c1 sun.lwawt.macosx.LWCToolkit.invokeAndWait(Ljava/lang/Runnable;Ljava/awt/Component;)V java.desktop@21.0.4 (59 bytes) @ 0x0000000110160d5c [0x00000001101602e0+0x0000000000000a7c]
J 11163 c1 sun.lwawt.macosx.CAccessibility.invokeAndWait(Ljava/util/concurrent/Callable;Ljava/awt/Component;)Ljava/lang/Object; java.desktop@21.0.4 (7 bytes) @ 0x00000001102630cc [0x0000000110262ea0+0x000000000000022c]
j  sun.lwawt.macosx.CAccessibility.getChildrenAndRolesRecursive(Ljavax/accessibility/Accessible;Ljava/awt/Component;IZI)[Ljava/lang/Object;+20 java.desktop@21.0.4
v  ~StubRoutines::call_stub 0x0000000117425cc6
J 11171  sun.lwawt.macosx.LWCToolkit.doAWTRunLoopImpl(JZZ)V java.desktop@21.0.4 (0 bytes) @ 0x0000000117c81aff [0x0000000117c81aa0+0x000000000000005f]
J 10907 c1 sun.lwawt.macosx.LWCToolkit.invokeAndWait(Ljava/lang/Runnable;Ljava/awt/Component;)V java.desktop@21.0.4 (59 bytes) @ 0x0000000110160d5c [0x00000001101602e0+0x0000000000000a7c]
J 11163 c1 sun.lwawt.macosx.CAccessibility.invokeAndWait(Ljava/util/concurrent/Callable;Ljava/awt/Component;)Ljava/lang/Object; java.desktop@21.0.4 (7 bytes) @ 0x00000001102630cc [0x0000000110262ea0+0x000000000000022c]
j  sun.lwawt.macosx.CAccessibility.getChildrenAndRolesRecursive(Ljavax/accessibility/Accessible;Ljava/awt/Component;IZI)[Ljava/lang/Object;+20 java.desktop@21.0.4
v  ~StubRoutines::call_stub 0x0000000117425cc6
J 11171  sun.lwawt.macosx.LWCToolkit.doAWTRunLoopImpl(JZZ)V java.desktop@21.0.4 (0 bytes) @ 0x0000000117c81aff [0x0000000117c81aa0+0x000000000000005f]
J 10907 c1 sun.lwawt.macosx.LWCToolkit.invokeAndWait(Ljava/lang/Runnable;Ljava/awt/Component;)V java.desktop@21.0.4 (59 bytes) @ 0x0000000110160d5c [0x00000001101602e0+0x0000000000000a7c]
J 11163 c1 sun.lwawt.macosx.CAccessibility.invokeAndWait(Ljava/util/concurrent/Callable;Ljava/awt/Component;)Ljava/lang/Object; java.desktop@21.0.4 (7 bytes) @ 0x00000001102630cc [0x0000000110262ea0+0x000000000000022c]
j  sun.lwawt.macosx.CAccessibility.getChildrenAndRolesRecursive(Ljavax/accessibility/Accessible;Ljava/awt/Component;IZI)[Ljava/lang/Object;+20 java.desktop@21.0.4
v  ~StubRoutines::call_stub 0x0000000117425cc6
J 11171  sun.lwawt.macosx.LWCToolkit.doAWTRunLoopImpl(JZZ)V java.desktop@21.0.4 (0 bytes) @ 0x0000000117c81aff [0x0000000117c81aa0+0x000000000000005f]
J 10907 c1 sun.lwawt.macosx.LWCToolkit.invokeAndWait(Ljava/lang/Runnable;Ljava/awt/Component;)V java.desktop@21.0.4 (59 bytes) @ 0x0000000110160d5c [0x00000001101602e0+0x0000000000000a7c]
J 11163 c1 sun.lwawt.macosx.CAccessibility.invokeAndWait(Ljava/util/concurrent/Callable;Ljava/awt/Component;)Ljava/lang/Object; java.desktop@21.0.4 (7 bytes) @ 0x00000001102630cc [0x0000000110262ea0+0x000000000000022c]
j  sun.lwawt.macosx.CAccessibility.getChildrenAndRolesRecursive(Ljavax/accessibility/Accessible;Ljava/awt/Component;IZI)[Ljava/lang/Object;+20 java.desktop@21.0.4
v  ~StubRoutines::call_stub 0x0000000117425cc6
J 11171  sun.lwawt.macosx.LWCToolkit.doAWTRunLoopImpl(JZZ)V java.desktop@21.0.4 (0 bytes) @ 0x0000000117c81aff [0x0000000117c81aa0+0x000000000000005f]
J 10907 c1 sun.lwawt.macosx.LWCToolkit.invokeAndWait(Ljava/lang/Runnable;Ljava/awt/Component;)V java.desktop@21.0.4 (59 bytes) @ 0x0000000110160d5c [0x00000001101602e0+0x0000000000000a7c]
J 11163 c1 sun.lwawt.macosx.CAccessibility.invokeAndWait(Ljava/util/concurrent/Callable;Ljava/awt/Component;)Ljava/lang/Object; java.desktop@21.0.4 (7 bytes) @ 0x00000001102630cc [0x0000000110262ea0+0x000000000000022c]
j  sun.lwawt.macosx.CAccessibility.getChildrenAndRolesRecursive(Ljavax/accessibility/Accessible;Ljava/awt/Component;IZI)[Ljava/lang/Object;+20 java.desktop@21.0.4
v  ~StubRoutines::call_stub 0x0000000117425cc6
J 11171  sun.lwawt.macosx.LWCToolkit.doAWTRunLoopImpl(JZZ)V java.desktop@21.0.4 (0 bytes) @ 0x0000000117c81aff [0x0000000117c81aa0+0x000000000000005f]
J 10907 c1 sun.lwawt.macosx.LWCToolkit.invokeAndWait(Ljava/lang/Runnable;Ljava/awt/Component;)V java.desktop@21.0.4 (59 bytes) @ 0x0000000110160d5c [0x00000001101602e0+0x0000000000000a7c]
J 11163 c1 sun.lwawt.macosx.CAccessibility.invokeAndWait(Ljava/util/concurrent/Callable;Ljava/awt/Component;)Ljava/lang/Object; java.desktop@21.0.4 (7 bytes) @ 0x00000001102630cc [0x0000000110262ea0+0x000000000000022c]
j  sun.lwawt.macosx.CAccessibility.getChildrenAndRolesRecursive(Ljavax/accessibility/Accessible;Ljava/awt/Component;IZI)[Ljava/lang/Object;+20 java.desktop@21.0.4
v  ~StubRoutines::call_stub 0x0000000117425cc6
J 11171  sun.lwawt.macosx.LWCToolkit.doAWTRunLoopImpl(JZZ)V java.desktop@21.0.4 (0 bytes) @ 0x0000000117c81aff [0x0000000117c81aa0+0x000000000000005f]
J 10907 c1 sun.lwawt.macosx.LWCToolkit.invokeAndWait(Ljava/lang/Runnable;Ljava/awt/Component;)V java.desktop@21.0.4 (59 bytes) @ 0x0000000110160d5c [0x00000001101602e0+0x0000000000000a7c]
J 11163 c1 sun.lwawt.macosx.CAccessibility.invokeAndWait(Ljava/util/concurrent/Callable;Ljava/awt/Component;)Ljava/lang/Object; java.desktop@21.0.4 (7 bytes) @ 0x00000001102630cc [0x0000000110262ea0+0x000000000000022c]
j  sun.lwawt.macosx.CAccessibility.getChildrenAndRolesRecursive(Ljavax/accessibility/Accessible;Ljava/awt/Component;IZI)[Ljava/lang/Object;+20 java.desktop@21.0.4
v  ~StubRoutines::call_stub 0x0000000117425cc6
J 11171  sun.lwawt.macosx.LWCToolkit.doAWTRunLoopImpl(JZZ)V java.desktop@21.0.4 (0 bytes) @ 0x0000000117c81aff [0x0000000117c81aa0+0x000000000000005f]
J 10907 c1 sun.lwawt.macosx.LWCToolkit.invokeAndWait(Ljava/lang/Runnable;Ljava/awt/Component;)V java.desktop@21.0.4 (59 bytes) @ 0x0000000110160d5c [0x00000001101602e0+0x0000000000000a7c]
J 11163 c1 sun.lwawt.macosx.CAccessibility.invokeAndWait(Ljava/util/concurrent/Callable;Ljava/awt/Component;)Ljava/lang/Object; java.desktop@21.0.4 (7 bytes) @ 0x00000001102630cc [0x0000000110262ea0+0x000000000000022c]
j  sun.lwawt.macosx.CAccessibility.getChildrenAndRolesRecursive(Ljavax/accessibility/Accessible;Ljava/awt/Component;IZI)[Ljava/lang/Object;+20 java.desktop@21.0.4
v  ~StubRoutines::call_stub 0x0000000117425cc6
J 11171  sun.lwawt.macosx.LWCToolkit.doAWTRunLoopImpl(JZZ)V java.desktop@21.0.4 (0 bytes) @ 0x0000000117c81aff [0x0000000117c81aa0+0x000000000000005f]
J 10907 c1 sun.lwawt.macosx.LWCToolkit.invokeAndWait(Ljava/lang/Runnable;Ljava/awt/Component;)V java.desktop@21.0.4 (59 bytes) @ 0x0000000110160d5c [0x00000001101602e0+0x0000000000000a7c]
J 11163 c1 sun.lwawt.macosx.CAccessibility.invokeAndWait(Ljava/util/concurrent/Callable;Ljava/awt/Component;)Ljava/lang/Object; java.desktop@21.0.4 (7 bytes) @ 0x00000001102630cc [0x0000000110262ea0+0x000000000000022c]
j  sun.lwawt.macosx.CAccessibility.getChildrenAndRolesRecursive(Ljavax/accessibility/Accessible;Ljava/awt/Component;IZI)[Ljava/lang/Object;+20 java.desktop@21.0.4
v  ~StubRoutines::call_stub 0x0000000117425cc6
J 11171  sun.lwawt.macosx.LWCToolkit.doAWTRunLoopImpl(JZZ)V java.desktop@21.0.4 (0 bytes) @ 0x0000000117c81aff [0x0000000117c81aa0+0x000000000000005f]
J 10907 c1 sun.lwawt.macosx.LWCToolkit.invokeAndWait(Ljava/lang/Runnable;Ljava/awt/Component;)V java.desktop@21.0.4 (59 bytes) @ 0x0000000110160d5c [0x00000001101602e0+0x0000000000000a7c]
J 11163 c1 sun.lwawt.macosx.CAccessibility.invokeAndWait(Ljava/util/concurrent/Callable;Ljava/awt/Component;)Ljava/lang/Object; java.desktop@21.0.4 (7 bytes) @ 0x00000001102630cc [0x0000000110262ea0+0x000000000000022c]
j  sun.lwawt.macosx.CAccessibility.getChildrenAndRolesRecursive(Ljavax/accessibility/Accessible;Ljava/awt/Component;IZI)[Ljava/lang/Object;+20 java.desktop@21.0.4
v  ~StubRoutines::call_stub 0x0000000117425cc6
J 11171  sun.lwawt.macosx.LWCToolkit.doAWTRunLoopImpl(JZZ)V java.desktop@21.0.4 (0 bytes) @ 0x0000000117c81aff [0x0000000117c81aa0+0x000000000000005f]
J 10907 c1 sun.lwawt.macosx.LWCToolkit.invokeAndWait(Ljava/lang/Runnable;Ljava/awt/Component;)V java.desktop@21.0.4 (59 bytes) @ 0x0000000110160d5c [0x00000001101602e0+0x0000000000000a7c]
J 11163 c1 sun.lwawt.macosx.CAccessibility.invokeAndWait(Ljava/util/concurrent/Callable;Ljava/awt/Component;)Ljava/lang/Object; java.desktop@21.0.4 (7 bytes) @ 0x00000001102630cc [0x0000000110262ea0+0x000000000000022c]
j  sun.lwawt.macosx.CAccessibility.getChildrenAndRolesRecursive(Ljavax/accessibility/Accessible;Ljava/awt/Component;IZI)[Ljava/lang/Object;+20 java.desktop@21.0.4
v  ~StubRoutines::call_stub 0x0000000117425cc6
J 11171  sun.lwawt.macosx.LWCToolkit.doAWTRunLoopImpl(JZZ)V java.desktop@21.0.4 (0 bytes) @ 0x0000000117c81aff [0x0000000117c81aa0+0x000000000000005f]
J 10907 c1 sun.lwawt.macosx.LWCToolkit.invokeAndWait(Ljava/lang/Runnable;Ljava/awt/Component;)V java.desktop@21.0.4 (59 bytes) @ 0x0000000110160d5c [0x00000001101602e0+0x0000000000000a7c]
J 11163 c1 sun.lwawt.macosx.CAccessibility.invokeAndWait(Ljava/util/concurrent/Callable;Ljava/awt/Component;)Ljava/lang/Object; java.desktop@21.0.4 (7 bytes) @ 0x00000001102630cc [0x0000000110262ea0+0x000000000000022c]
j  sun.lwawt.macosx.CAccessibility.getChildrenAndRolesRecursive(Ljavax/accessibility/Accessible;Ljava/awt/Component;IZI)[Ljava/lang/Object;+20 java.desktop@21.0.4
v  ~StubRoutines::call_stub 0x0000000117425cc6
J 11171  sun.lwawt.macosx.LWCToolkit.doAWTRunLoopImpl(JZZ)V java.desktop@21.0.4 (0 bytes) @ 0x0000000117c81aff [0x0000000117c81aa0+0x000000000000005f]
J 10907 c1 sun.lwawt.macosx.LWCToolkit.invokeAndWait(Ljava/lang/Runnable;Ljava/awt/Component;)V java.desktop@21.0.4 (59 bytes) @ 0x0000000110160d5c [0x00000001101602e0+0x0000000000000a7c]
J 11163 c1 sun.lwawt.macosx.CAccessibility.invokeAndWait(Ljava/util/concurrent/Callable;Ljava/awt/Component;)Ljava/lang/Object; java.desktop@21.0.4 (7 bytes) @ 0x00000001102630cc [0x0000000110262ea0+0x000000000000022c]
j  sun.lwawt.macosx.CAccessibility.getChildrenAndRolesRecursive(Ljavax/accessibility/Accessible;Ljava/awt/Component;IZI)[Ljava/lang/Object;+20 java.desktop@21.0.4
v  ~StubRoutines::call_stub 0x0000000117425cc6
J 11171  sun.lwawt.macosx.LWCToolkit.doAWTRunLoopImpl(JZZ)V java.desktop@21.0.4 (0 bytes) @ 0x0000000117c81aff [0x0000000117c81aa0+0x000000000000005f]
J 10907 c1 sun.lwawt.macosx.LWCToolkit.invokeAndWait(Ljava/lang/Runnable;Ljava/awt/Component;)V java.desktop@21.0.4 (59 bytes) @ 0x0000000110160d5c [0x00000001101602e0+0x0000000000000a7c]
J 11163 c1 sun.lwawt.macosx.CAccessibility.invokeAndWait(Ljava/util/concurrent/Callable;Ljava/awt/Component;)Ljava/lang/Object; java.desktop@21.0.4 (7 bytes) @ 0x00000001102630cc [0x0000000110262ea0+0x000000000000022c]
j  sun.lwawt.macosx.CAccessibility.getChildrenAndRolesRecursive(Ljavax/accessibility/Accessible;Ljava/awt/Component;IZI)[Ljava/lang/Object;+20 java.desktop@21.0.4
v  ~StubRoutines::call_stub 0x0000000117425cc6
J 11171  sun.lwawt.macosx.LWCToolkit.doAWTRunLoopImpl(JZZ)V java.desktop@21.0.4 (0 bytes) @ 0x0000000117c81aff [0x0000000117c81aa0+0x000000000000005f]
J 10907 c1 sun.lwawt.macosx.LWCToolkit.invokeAndWait(Ljava/lang/Runnable;Ljava/awt/Component;)V java.desktop@21.0.4 (59 bytes) @ 0x0000000110160d5c [0x00000001101602e0+0x0000000000000a7c]
J 11163 c1 sun.lwawt.macosx.CAccessibility.invokeAndWait(Ljava/util/concurrent/Callable;Ljava/awt/Component;)Ljava/lang/Object; java.desktop@21.0.4 (7 bytes) @ 0x00000001102630cc [0x0000000110262ea0+0x000000000000022c]
j  sun.lwawt.macosx.CAccessibility.getChildrenAndRolesRecursive(Ljavax/accessibility/Accessible;Ljava/awt/Component;IZI)[Ljava/lang/Object;+20 java.desktop@21.0.4
v  ~StubRoutines::call_stub 0x0000000117425cc6
J 11171  sun.lwawt.macosx.LWCToolkit.doAWTRunLoopImpl(JZZ)V java.desktop@21.0.4 (0 bytes) @ 0x0000000117c81aff [0x0000000117c81aa0+0x000000000000005f]
J 10907 c1 sun.lwawt.macosx.LWCToolkit.invokeAndWait(Ljava/lang/Runnable;Ljava/awt/Component;)V java.desktop@21.0.4 (59 bytes) @ 0x0000000110160d5c [0x00000001101602e0+0x0000000000000a7c]
J 11163 c1 sun.lwawt.macosx.CAccessibility.invokeAndWait(Ljava/util/concurrent/Callable;Ljava/awt/Component;)Ljava/lang/Object; java.desktop@21.0.4 (7 bytes) @ 0x00000001102630cc [0x0000000110262ea0+0x000000000000022c]
j  sun.lwawt.macosx.CAccessibility.getChildrenAndRolesRecursive(Ljavax/accessibility/Accessible;Ljava/awt/Component;IZI)[Ljava/lang/Object;+20 java.desktop@21.0.4
v  ~StubRoutines::call_stub 0x0000000117425cc6
J 11171  sun.lwawt.macosx.LWCToolkit.doAWTRunLoopImpl(JZZ)V java.desktop@21.0.4 (0 bytes) @ 0x0000000117c81aff [0x0000000117c81aa0+0x000000000000005f]
J 10907 c1 sun.lwawt.macosx.LWCToolkit.invokeAndWait(Ljava/lang/Runnable;Ljava/awt/Component;)V java.desktop@21.0.4 (59 bytes) @ 0x0000000110160d5c [0x00000001101602e0+0x0000000000000a7c]
J 11163 c1 sun.lwawt.macosx.CAccessibility.invokeAndWait(Ljava/util/concurrent/Callable;Ljava/awt/Component;)Ljava/lang/Object; java.desktop@21.0.4 (7 bytes) @ 0x00000001102630cc [0x0000000110262ea0+0x000000000000022c]
j  sun.lwawt.macosx.CAccessibility.getChildrenAndRolesRecursive(Ljavax/accessibility/Accessible;Ljava/awt/Component;IZI)[Ljava/lang/Object;+20 java.desktop@21.0.4
v  ~StubRoutines::call_stub 0x0000000117425cc6
J 11171  sun.lwawt.macosx.LWCToolkit.doAWTRunLoopImpl(JZZ)V java.desktop@21.0.4 (0 bytes) @ 0x0000000117c81aff [0x0000000117c81aa0+0x000000000000005f]
J 10907 c1 sun.lwawt.macosx.LWCToolkit.invokeAndWait(Ljava/lang/Runnable;Ljava/awt/Component;)V java.desktop@21.0.4 (59 bytes) @ 0x0000000110160d5c [0x00000001101602e0+0x0000000000000a7c]
J 11163 c1 sun.lwawt.macosx.CAccessibility.invokeAndWait(Ljava/util/concurrent/Callable;Ljava/awt/Component;)Ljava/lang/Object; java.desktop@21.0.4 (7 bytes) @ 0x00000001102630cc [0x0000000110262ea0+0x000000000000022c]
j  sun.lwawt.macosx.CAccessibility.getChildrenAndRolesRecursive(Ljavax/accessibility/Accessible;Ljava/awt/Component;IZI)[Ljava/lang/Object;+20 java.desktop@21.0.4
v  ~StubRoutines::call_stub 0x0000000117425cc6
J 11171  sun.lwawt.macosx.LWCToolkit.doAWTRunLoopImpl(JZZ)V java.desktop@21.0.4 (0 bytes) @ 0x0000000117c81aff [0x0000000117c81aa0+0x000000000000005f]
J 10907 c1 sun.lwawt.macosx.LWCToolkit.invokeAndWait(Ljava/lang/Runnable;Ljava/awt/Component;)V java.desktop@21.0.4 (59 bytes) @ 0x0000000110160d5c [0x00000001101602e0+0x0000000000000a7c]
J 11163 c1 sun.lwawt.macosx.CAccessibility.invokeAndWait(Ljava/util/concurrent/Callable;Ljava/awt/Component;)Ljava/lang/Object; java.desktop@21.0.4 (7 bytes) @ 0x00000001102630cc [0x0000000110262ea0+0x000000000000022c]
j  sun.lwawt.macosx.CAccessibility.getChildrenAndRolesRecursive(Ljavax/accessibility/Accessible;Ljava/awt/Component;IZI)[Ljava/lang/Object;+20 java.desktop@21.0.4
v  ~StubRoutines::call_stub 0x0000000117425cc6
J 11171  sun.lwawt.macosx.LWCToolkit.doAWTRunLoopImpl(JZZ)V java.desktop@21.0.4 (0 bytes) @ 0x0000000117c81aff [0x0000000117c81aa0+0x000000000000005f]
J 10907 c1 sun.lwawt.macosx.LWCToolkit.invokeAndWait(Ljava/lang/Runnable;Ljava/awt/Component;)V java.desktop@21.0.4 (59 bytes) @ 0x0000000110160d5c [0x00000001101602e0+0x0000000000000a7c]
J 11163 c1 sun.lwawt.macosx.CAccessibility.invokeAndWait(Ljava/util/concurrent/Callable;Ljava/awt/Component;)Ljava/lang/Object; java.desktop@21.0.4 (7 bytes) @ 0x00000001102630cc [0x0000000110262ea0+0x000000000000022c]
j  sun.lwawt.macosx.CAccessibility.getChildrenAndRolesRecursive(Ljavax/accessibility/Accessible;Ljava/awt/Component;IZI)[Ljava/lang/Object;+20 java.desktop@21.0.4
v  ~StubRoutines::call_stub 0x0000000117425cc6
J 11171  sun.lwawt.macosx.LWCToolkit.doAWTRunLoopImpl(JZZ)V java.desktop@21.0.4 (0 bytes) @ 0x0000000117c81aff [0x0000000117c81aa0+0x000000000000005f]
J 10907 c1 sun.lwawt.macosx.LWCToolkit.invokeAndWait(Ljava/lang/Runnable;Ljava/awt/Component;)V java.desktop@21.0.4 (59 bytes) @ 0x0000000110160d5c [0x00000001101602e0+0x0000000000000a7c]
J 11163 c1 sun.lwawt.macosx.CAccessibility.invokeAndWait(Ljava/util/concurrent/Callable;Ljava/awt/Component;)Ljava/lang/Object; java.desktop@21.0.4 (7 bytes) @ 0x00000001102630cc [0x0000000110262ea0+0x000000000000022c]
j  sun.lwawt.macosx.CAccessibility.getChildrenAndRolesRecursive(Ljavax/accessibility/Accessible;Ljava/awt/Component;IZI)[Ljava/lang/Object;+20 java.desktop@21.0.4
v  ~StubRoutines::call_stub 0x0000000117425cc6
J 11171  sun.lwawt.macosx.LWCToolkit.doAWTRunLoopImpl(JZZ)V java.desktop@21.0.4 (0 bytes) @ 0x0000000117c81aff [0x0000000117c81aa0+0x000000000000005f]
J 10907 c1 sun.lwawt.macosx.LWCToolkit.invokeAndWait(Ljava/lang/Runnable;Ljava/awt/Component;)V java.desktop@21.0.4 (59 bytes) @ 0x0000000110160d5c [0x00000001101602e0+0x0000000000000a7c]
J 11163 c1 sun.lwawt.macosx.CAccessibility.invokeAndWait(Ljava/util/concurrent/Callable;Ljava/awt/Component;)Ljava/lang/Object; java.desktop@21.0.4 (7 bytes) @ 0x00000001102630cc [0x0000000110262ea0+0x000000000000022c]
j  sun.lwawt.macosx.CAccessibility.getChildrenAndRolesRecursive(Ljavax/accessibility/Accessible;Ljava/awt/Component;IZI)[Ljava/lang/Object;+20 java.desktop@21.0.4
v  ~StubRoutines::call_stub 0x0000000117425cc6
J 11171  sun.lwawt.macosx.LWCToolkit.doAWTRunLoopImpl(JZZ)V java.desktop@21.0.4 (0 bytes) @ 0x0000000117c81aff [0x0000000117c81aa0+0x000000000000005f]
J 10907 c1 sun.lwawt.macosx.LWCToolkit.invokeAndWait(Ljava/lang/Runnable;Ljava/awt/Component;)V java.desktop@21.0.4 (59 bytes) @ 0x0000000110160d5c [0x00000001101602e0+0x0000000000000a7c]
J 11163 c1 sun.lwawt.macosx.CAccessibility.invokeAndWait(Ljava/util/concurrent/Callable;Ljava/awt/Component;)Ljava/lang/Object; java.desktop@21.0.4 (7 bytes) @ 0x00000001102630cc [0x0000000110262ea0+0x000000000000022c]
j  sun.lwawt.macosx.CAccessibility.getChildrenAndRolesRecursive(Ljavax/accessibility/Accessible;Ljava/awt/Component;IZI)[Ljava/lang/Object;+20 java.desktop@21.0.4
v  ~StubRoutines::call_stub 0x0000000117425cc6
J 11171  sun.lwawt.macosx.LWCToolkit.doAWTRunLoopImpl(JZZ)V java.desktop@21.0.4 (0 bytes) @ 0x0000000117c81aff [0x0000000117c81aa0+0x000000000000005f]
J 10907 c1 sun.lwawt.macosx.LWCToolkit.invokeAndWait(Ljava/lang/Runnable;Ljava/awt/Component;)V java.desktop@21.0.4 (59 bytes) @ 0x0000000110160d5c [0x00000001101602e0+0x0000000000000a7c]
J 11163 c1 sun.lwawt.macosx.CAccessibility.invokeAndWait(Ljava/util/concurrent/Callable;Ljava/awt/Component;)Ljava/lang/Object; java.desktop@21.0.4 (7 bytes) @ 0x00000001102630cc [0x0000000110262ea0+0x000000000000022c]
j  sun.lwawt.macosx.CAccessibility.getChildrenAndRolesRecursive(Ljavax/accessibility/Accessible;Ljava/awt/Component;IZI)[Ljava/lang/Object;+20 java.desktop@21.0.4
v  ~StubRoutines::call_stub 0x0000000117425cc6
J 11171  sun.lwawt.macosx.LWCToolkit.doAWTRunLoopImpl(JZZ)V java.desktop@21.0.4 (0 bytes) @ 0x0000000117c81aff [0x0000000117c81aa0+0x000000000000005f]
J 10907 c1 sun.lwawt.macosx.LWCToolkit.invokeAndWait(Ljava/lang/Runnable;Ljava/awt/Component;)V java.desktop@21.0.4 (59 bytes) @ 0x0000000110160d5c [0x00000001101602e0+0x0000000000000a7c]
J 11163 c1 sun.lwawt.macosx.CAccessibility.invokeAndWait(Ljava/util/concurrent/Callable;Ljava/awt/Component;)Ljava/lang/Object; java.desktop@21.0.4 (7 bytes) @ 0x00000001102630cc [0x0000000110262ea0+0x000000000000022c]
j  sun.lwawt.macosx.CAccessibility.getChildrenAndRolesRecursive(Ljavax/accessibility/Accessible;Ljava/awt/Component;IZI)[Ljava/lang/Object;+20 java.desktop@21.0.4
v  ~StubRoutines::call_stub 0x0000000117425cc6
J 11171  sun.lwawt.macosx.LWCToolkit.doAWTRunLoopImpl(JZZ)V java.desktop@21.0.4 (0 bytes) @ 0x0000000117c81aff [0x0000000117c81aa0+0x000000000000005f]
J 10907 c1 sun.lwawt.macosx.LWCToolkit.invokeAndWait(Ljava/lang/Runnable;Ljava/awt/Component;)V java.desktop@21.0.4 (59 bytes) @ 0x0000000110160d5c [0x00000001101602e0+0x0000000000000a7c]
J 11163 c1 sun.lwawt.macosx.CAccessibility.invokeAndWait(Ljava/util/concurrent/Callable;Ljava/awt/Component;)Ljava/lang/Object; java.desktop@21.0.4 (7 bytes) @ 0x00000001102630cc [0x0000000110262ea0+0x000000000000022c]
j  sun.lwawt.macosx.CAccessibility.getChildrenAndRolesRecursive(Ljavax/accessibility/Accessible;Ljava/awt/Component;IZI)[Ljava/lang/Object;+20 java.desktop@21.0.4
v  ~StubRoutines::call_stub 0x0000000117425cc6
J 11171  sun.lwawt.macosx.LWCToolkit.doAWTRunLoopImpl(JZZ)V java.desktop@21.0.4 (0 bytes) @ 0x0000000117c81aff [0x0000000117c81aa0+0x000000000000005f]
J 10907 c1 sun.lwawt.macosx.LWCToolkit.invokeAndWait(Ljava/lang/Runnable;Ljava/awt/Component;)V java.desktop@21.0.4 (59 bytes) @ 0x0000000110160d5c [0x00000001101602e0+0x0000000000000a7c]
J 11163 c1 sun.lwawt.macosx.CAccessibility.invokeAndWait(Ljava/util/concurrent/Callable;Ljava/awt/Component;)Ljava/lang/Object; java.desktop@21.0.4 (7 bytes) @ 0x00000001102630cc [0x0000000110262ea0+0x000000000000022c]
j  sun.lwawt.macosx.CAccessibility.getChildrenAndRolesRecursive(Ljavax/accessibility/Accessible;Ljava/awt/Component;IZI)[Ljava/lang/Object;+20 java.desktop@21.0.4
v  ~StubRoutines::call_stub 0x0000000117425cc6
J 11171  sun.lwawt.macosx.LWCToolkit.doAWTRunLoopImpl(JZZ)V java.desktop@21.0.4 (0 bytes) @ 0x0000000117c81aff [0x0000000117c81aa0+0x000000000000005f]
J 10907 c1 sun.lwawt.macosx.LWCToolkit.invokeAndWait(Ljava/lang/Runnable;Ljava/awt/Component;)V java.desktop@21.0.4 (59 bytes) @ 0x0000000110160d5c [0x00000001101602e0+0x0000000000000a7c]
J 11163 c1 sun.lwawt.macosx.CAccessibility.invokeAndWait(Ljava/util/concurrent/Callable;Ljava/awt/Component;)Ljava/lang/Object; java.desktop@21.0.4 (7 bytes) @ 0x00000001102630cc [0x0000000110262ea0+0x000000000000022c]
j  sun.lwawt.macosx.CAccessibility.getChildrenAndRolesRecursive(Ljavax/accessibility/Accessible;Ljava/awt/Component;IZI)[Ljava/lang/Object;+20 java.desktop@21.0.4
v  ~StubRoutines::call_stub 0x0000000117425cc6
J 11171  sun.lwawt.macosx.LWCToolkit.doAWTRunLoopImpl(JZZ)V java.desktop@21.0.4 (0 bytes) @ 0x0000000117c81aff [0x0000000117c81aa0+0x000000000000005f]
J 10907 c1 sun.lwawt.macosx.LWCToolkit.invokeAndWait(Ljava/lang/Runnable;Ljava/awt/Component;)V java.desktop@21.0.4 (59 bytes) @ 0x0000000110160d5c [0x00000001101602e0+0x0000000000000a7c]
J 11163 c1 sun.lwawt.macosx.CAccessibility.invokeAndWait(Ljava/util/concurrent/Callable;Ljava/awt/Component;)Ljava/lang/Object; java.desktop@21.0.4 (7 bytes) @ 0x00000001102630cc [0x0000000110262ea0+0x000000000000022c]
j  sun.lwawt.macosx.CAccessibility.getChildrenAndRolesRecursive(Ljavax/accessibility/Accessible;Ljava/awt/Component;IZI)[Ljava/lang/Object;+20 java.desktop@21.0.4
v  ~StubRoutines::call_stub 0x0000000117425cc6
J 11171  sun.lwawt.macosx.LWCToolkit.doAWTRunLoopImpl(JZZ)V java.desktop@21.0.4 (0 bytes) @ 0x0000000117c81aff [0x0000000117c81aa0+0x000000000000005f]
J 10907 c1 sun.lwawt.macosx.LWCToolkit.invokeAndWait(Ljava/lang/Runnable;Ljava/awt/Component;)V java.desktop@21.0.4 (59 bytes) @ 0x0000000110160d5c [0x00000001101602e0+0x0000000000000a7c]
J 11163 c1 sun.lwawt.macosx.CAccessibility.invokeAndWait(Ljava/util/concurrent/Callable;Ljava/awt/Component;)Ljava/lang/Object; java.desktop@21.0.4 (7 bytes) @ 0x00000001102630cc [0x0000000110262ea0+0x000000000000022c]
j  sun.lwawt.macosx.CAccessibility.getChildrenAndRolesRecursive(Ljavax/accessibility/Accessible;Ljava/awt/Component;IZI)[Ljava/lang/Object;+20 java.desktop@21.0.4
v  ~StubRoutines::call_stub 0x0000000117425cc6
J 11171  sun.lwawt.macosx.LWCToolkit.doAWTRunLoopImpl(JZZ)V java.desktop@21.0.4 (0 bytes) @ 0x0000000117c81aff [0x0000000117c81aa0+0x000000000000005f]
J 10907 c1 sun.lwawt.macosx.LWCToolkit.invokeAndWait(Ljava/lang/Runnable;Ljava/awt/Component;)V java.desktop@21.0.4 (59 bytes) @ 0x0000000110160d5c [0x00000001101602e0+0x0000000000000a7c]
J 11163 c1 sun.lwawt.macosx.CAccessibility.invokeAndWait(Ljava/util/concurrent/Callable;Ljava/awt/Component;)Ljava/lang/Object; java.desktop@21.0.4 (7 bytes) @ 0x00000001102630cc [0x0000000110262ea0+0x000000000000022c]
j  sun.lwawt.macosx.CAccessibility.getChildrenAndRolesRecursive(Ljavax/accessibility/Accessible;Ljava/awt/Component;IZI)[Ljava/lang/Object;+20 java.desktop@21.0.4
v  ~StubRoutines::call_stub 0x0000000117425cc6
J 11171  sun.lwawt.macosx.LWCToolkit.doAWTRunLoopImpl(JZZ)V java.desktop@21.0.4 (0 bytes) @ 0x0000000117c81aff [0x0000000117c81aa0+0x000000000000005f]
J 10907 c1 sun.lwawt.macosx.LWCToolkit.invokeAndWait(Ljava/lang/Runnable;Ljava/awt/Component;)V java.desktop@21.0.4 (59 bytes) @ 0x0000000110160d5c [0x00000001101602e0+0x0000000000000a7c]
J 11163 c1 sun.lwawt.macosx.CAccessibility.invokeAndWait(Ljava/util/concurrent/Callable;Ljava/awt/Component;)Ljava/lang/Object; java.desktop@21.0.4 (7 bytes) @ 0x00000001102630cc [0x0000000110262ea0+0x000000000000022c]
j  sun.lwawt.macosx.CAccessibility.getChildrenAndRolesRecursive(Ljavax/accessibility/Accessible;Ljava/awt/Component;IZI)[Ljava/lang/Object;+20 java.desktop@21.0.4
v  ~StubRoutines::call_stub 0x0000000117425cc6
J 11171  sun.lwawt.macosx.LWCToolkit.doAWTRunLoopImpl(JZZ)V java.desktop@21.0.4 (0 bytes) @ 0x0000000117c81aff [0x0000000117c81aa0+0x000000000000005f]
J 10907 c1 sun.lwawt.macosx.LWCToolkit.invokeAndWait(Ljava/lang/Runnable;Ljava/awt/Component;)V java.desktop@21.0.4 (59 bytes) @ 0x0000000110160d5c [0x00000001101602e0+0x0000000000000a7c]
J 11163 c1 sun.lwawt.macosx.CAccessibility.invokeAndWait(Ljava/util/concurrent/Callable;Ljava/awt/Component;)Ljava/lang/Object; java.desktop@21.0.4 (7 bytes) @ 0x00000001102630cc [0x0000000110262ea0+0x000000000000022c]
j  sun.lwawt.macosx.CAccessibility.getChildrenAndRolesRecursive(Ljavax/accessibility/Accessible;Ljava/awt/Component;IZI)[Ljava/lang/Object;+20 java.desktop@21.0.4
v  ~StubRoutines::call_stub 0x0000000117425cc6
J 11171  sun.lwawt.macosx.LWCToolkit.doAWTRunLoopImpl(JZZ)V java.desktop@21.0.4 (0 bytes) @ 0x0000000117c81aff [0x0000000117c81aa0+0x000000000000005f]
J 10907 c1 sun.lwawt.macosx.LWCToolkit.invokeAndWait(Ljava/lang/Runnable;Ljava/awt/Component;)V java.desktop@21.0.4 (59 bytes) @ 0x0000000110160d5c [0x00000001101602e0+0x0000000000000a7c]
J 11163 c1 sun.lwawt.macosx.CAccessibility.invokeAndWait(Ljava/util/concurrent/Callable;Ljava/awt/Component;)Ljava/lang/Object; java.desktop@21.0.4 (7 bytes) @ 0x00000001102630cc [0x0000000110262ea0+0x000000000000022c]
j  sun.lwawt.macosx.CAccessibility.getChildrenAndRolesRecursive(Ljavax/accessibility/Accessible;Ljava/awt/Component;IZI)[Ljava/lang/Object;+20 java.desktop@21.0.4
v  ~StubRoutines::call_stub 0x0000000117425cc6
J 11171  sun.lwawt.macosx.LWCToolkit.doAWTRunLoopImpl(JZZ)V java.desktop@21.0.4 (0 bytes) @ 0x0000000117c81aff [0x0000000117c81aa0+0x000000000000005f]
J 10907 c1 sun.lwawt.macosx.LWCToolkit.invokeAndWait(Ljava/lang/Runnable;Ljava/awt/Component;)V java.desktop@21.0.4 (59 bytes) @ 0x0000000110160d5c [0x00000001101602e0+0x0000000000000a7c]
J 11163 c1 sun.lwawt.macosx.CAccessibility.invokeAndWait(Ljava/util/concurrent/Callable;Ljava/awt/Component;)Ljava/lang/Object; java.desktop@21.0.4 (7 bytes) @ 0x00000001102630cc [0x0000000110262ea0+0x000000000000022c]
j  sun.lwawt.macosx.CAccessibility.getChildrenAndRolesRecursive(Ljavax/accessibility/Accessible;Ljava/awt/Component;IZI)[Ljava/lang/Object;+20 java.desktop@21.0.4
v  ~StubRoutines::call_stub 0x0000000117425cc6
J 11171  sun.lwawt.macosx.LWCToolkit.doAWTRunLoopImpl(JZZ)V java.desktop@21.0.4 (0 bytes) @ 0x0000000117c81aff [0x0000000117c81aa0+0x000000000000005f]
J 10907 c1 sun.lwawt.macosx.LWCToolkit.invokeAndWait(Ljava/lang/Runnable;Ljava/awt/Component;)V java.desktop@21.0.4 (59 bytes) @ 0x0000000110160d5c [0x00000001101602e0+0x0000000000000a7c]
J 11163 c1 sun.lwawt.macosx.CAccessibility.invokeAndWait(Ljava/util/concurrent/Callable;Ljava/awt/Component;)Ljava/lang/Object; java.desktop@21.0.4 (7 bytes) @ 0x00000001102630cc [0x0000000110262ea0+0x000000000000022c]
j  sun.lwawt.macosx.CAccessibility.getChildrenAndRolesRecursive(Ljavax/accessibility/Accessible;Ljava/awt/Component;IZI)[Ljava/lang/Object;+20 java.desktop@21.0.4
v  ~StubRoutines::call_stub 0x0000000117425cc6
J 11171  sun.lwawt.macosx.LWCToolkit.doAWTRunLoopImpl(JZZ)V java.desktop@21.0.4 (0 bytes) @ 0x0000000117c81aff [0x0000000117c81aa0+0x000000000000005f]
J 10907 c1 sun.lwawt.macosx.LWCToolkit.invokeAndWait(Ljava/lang/Runnable;Ljava/awt/Component;)V java.desktop@21.0.4 (59 bytes) @ 0x0000000110160d5c [0x00000001101602e0+0x0000000000000a7c]
J 11163 c1 sun.lwawt.macosx.CAccessibility.invokeAndWait(Ljava/util/concurrent/Callable;Ljava/awt/Component;)Ljava/lang/Object; java.desktop@21.0.4 (7 bytes) @ 0x00000001102630cc [0x0000000110262ea0+0x000000000000022c]
j  sun.lwawt.macosx.CAccessibility.getChildrenAndRolesRecursive(Ljavax/accessibility/Accessible;Ljava/awt/Component;IZI)[Ljava/lang/Object;+20 java.desktop@21.0.4
v  ~StubRoutines::call_stub 0x0000000117425cc6
J 11171  sun.lwawt.macosx.LWCToolkit.doAWTRunLoopImpl(JZZ)V java.desktop@21.0.4 (0 bytes) @ 0x0000000117c81aff [0x0000000117c81aa0+0x000000000000005f]
J 10907 c1 sun.lwawt.macosx.LWCToolkit.invokeAndWait(Ljava/lang/Runnable;Ljava/awt/Component;)V java.desktop@21.0.4 (59 bytes) @ 0x0000000110160d5c [0x00000001101602e0+0x0000000000000a7c]
J 11163 c1 sun.lwawt.macosx.CAccessibility.invokeAndWait(Ljava/util/concurrent/Callable;Ljava/awt/Component;)Ljava/lang/Object; java.desktop@21.0.4 (7 bytes) @ 0x00000001102630cc [0x0000000110262ea0+0x000000000000022c]
j  sun.lwawt.macosx.CAccessibility.getChildrenAndRolesRecursive(Ljavax/accessibility/Accessible;Ljava/awt/Component;IZI)[Ljava/lang/Object;+20 java.desktop@21.0.4
v  ~StubRoutines::call_stub 0x0000000117425cc6
J 11171  sun.lwawt.macosx.LWCToolkit.doAWTRunLoopImpl(JZZ)V java.desktop@21.0.4 (0 bytes) @ 0x0000000117c81aff [0x0000000117c81aa0+0x000000000000005f]
J 10907 c1 sun.lwawt.macosx.LWCToolkit.invokeAndWait(Ljava/lang/Runnable;Ljava/awt/Component;)V java.desktop@21.0.4 (59 bytes) @ 0x0000000110160d5c [0x00000001101602e0+0x0000000000000a7c]
J 11163 c1 sun.lwawt.macosx.CAccessibility.invokeAndWait(Ljava/util/concurrent/Callable;Ljava/awt/Component;)Ljava/lang/Object; java.desktop@21.0.4 (7 bytes) @ 0x00000001102630cc [0x0000000110262ea0+0x000000000000022c]
j  sun.lwawt.macosx.CAccessibility.getChildrenAndRolesRecursive(Ljavax/accessibility/Accessible;Ljava/awt/Component;IZI)[Ljava/lang/Object;+20 java.desktop@21.0.4
v  ~StubRoutines::call_stub 0x0000000117425cc6
J 11171  sun.lwawt.macosx.LWCToolkit.doAWTRunLoopImpl(JZZ)V java.desktop@21.0.4 (0 bytes) @ 0x0000000117c81aff [0x0000000117c81aa0+0x000000000000005f]
J 10907 c1 sun.lwawt.macosx.LWCToolkit.invokeAndWait(Ljava/lang/Runnable;Ljava/awt/Component;)V java.desktop@21.0.4 (59 bytes) @ 0x0000000110160d5c [0x00000001101602e0+0x0000000000000a7c]
J 11163 c1 sun.lwawt.macosx.CAccessibility.invokeAndWait(Ljava/util/concurrent/Callable;Ljava/awt/Component;)Ljava/lang/Object; java.desktop@21.0.4 (7 bytes) @ 0x00000001102630cc [0x0000000110262ea0+0x000000000000022c]
j  sun.lwawt.macosx.CAccessibility.getChildrenAndRolesRecursive(Ljavax/accessibility/Accessible;Ljava/awt/Component;IZI)[Ljava/lang/Object;+20 java.desktop@21.0.4
v  ~StubRoutines::call_stub 0x0000000117425cc6
J 11171  sun.lwawt.macosx.LWCToolkit.doAWTRunLoopImpl(JZZ)V java.desktop@21.0.4 (0 bytes) @ 0x0000000117c81aff [0x0000000117c81aa0+0x000000000000005f]
J 10907 c1 sun.lwawt.macosx.LWCToolkit.invokeAndWait(Ljava/lang/Runnable;Ljava/awt/Component;)V java.desktop@21.0.4 (59 bytes) @ 0x0000000110160d5c [0x00000001101602e0+0x0000000000000a7c]
J 11163 c1 sun.lwawt.macosx.CAccessibility.invokeAndWait(Ljava/util/concurrent/Callable;Ljava/awt/Component;)Ljava/lang/Object; java.desktop@21.0.4 (7 bytes) @ 0x00000001102630cc [0x0000000110262ea0+0x000000000000022c]
j  sun.lwawt.macosx.CAccessibility.getChildrenAndRolesRecursive(Ljavax/accessibility/Accessible;Ljava/awt/Component;IZI)[Ljava/lang/Object;+20 java.desktop@21.0.4
v  ~StubRoutines::call_stub 0x0000000117425cc6
J 11171  sun.lwawt.macosx.LWCToolkit.doAWTRunLoopImpl(JZZ)V java.desktop@21.0.4 (0 bytes) @ 0x0000000117c81aff [0x0000000117c81aa0+0x000000000000005f]
J 10907 c1 sun.lwawt.macosx.LWCToolkit.invokeAndWait(Ljava/lang/Runnable;Ljava/awt/Component;)V java.desktop@21.0.4 (59 bytes) @ 0x0000000110160d5c [0x00000001101602e0+0x0000000000000a7c]
J 11163 c1 sun.lwawt.macosx.CAccessibility.invokeAndWait(Ljava/util/concurrent/Callable;Ljava/awt/Component;)Ljava/lang/Object; java.desktop@21.0.4 (7 bytes) @ 0x00000001102630cc [0x0000000110262ea0+0x000000000000022c]
j  sun.lwawt.macosx.CAccessibility.getChildrenAndRolesRecursive(Ljavax/accessibility/Accessible;Ljava/awt/Component;IZI)[Ljava/lang/Object;+20 java.desktop@21.0.4
v  ~StubRoutines::call_stub 0x0000000117425cc6
J 11171  sun.lwawt.macosx.LWCToolkit.doAWTRunLoopImpl(JZZ)V java.desktop@21.0.4 (0 bytes) @ 0x0000000117c81aff [0x0000000117c81aa0+0x000000000000005f]
J 10907 c1 sun.lwawt.macosx.LWCToolkit.invokeAndWait(Ljava/lang/Runnable;Ljava/awt/Component;)V java.desktop@21.0.4 (59 bytes) @ 0x0000000110160d5c [0x00000001101602e0+0x0000000000000a7c]
J 11163 c1 sun.lwawt.macosx.CAccessibility.invokeAndWait(Ljava/util/concurrent/Callable;Ljava/awt/Component;)Ljava/lang/Object; java.desktop@21.0.4 (7 bytes) @ 0x00000001102630cc [0x0000000110262ea0+0x000000000000022c]
j  sun.lwawt.macosx.CAccessibility.getChildrenAndRolesRecursive(Ljavax/accessibility/Accessible;Ljava/awt/Component;IZI)[Ljava/lang/Object;+20 java.desktop@21.0.4
v  ~StubRoutines::call_stub 0x0000000117425cc6
J 11171  sun.lwawt.macosx.LWCToolkit.doAWTRunLoopImpl(JZZ)V java.desktop@21.0.4 (0 bytes) @ 0x0000000117c81aff [0x0000000117c81aa0+0x000000000000005f]
J 10907 c1 sun.lwawt.macosx.LWCToolkit.invokeAndWait(Ljava/lang/Runnable;Ljava/awt/Component;)V java.desktop@21.0.4 (59 bytes) @ 0x0000000110160d5c [0x00000001101602e0+0x0000000000000a7c]
J 11163 c1 sun.lwawt.macosx.CAccessibility.invokeAndWait(Ljava/util/concurrent/Callable;Ljava/awt/Component;)Ljava/lang/Object; java.desktop@21.0.4 (7 bytes) @ 0x00000001102630cc [0x0000000110262ea0+0x000000000000022c]
j  sun.lwawt.macosx.CAccessibility.getChildrenAndRolesRecursive(Ljavax/accessibility/Accessible;Ljava/awt/Component;IZI)[Ljava/lang/Object;+20 java.desktop@21.0.4
v  ~StubRoutines::call_stub 0x0000000117425cc6
J 11171  sun.lwawt.macosx.LWCToolkit.doAWTRunLoopImpl(JZZ)V java.desktop@21.0.4 (0 bytes) @ 0x0000000117c81aff [0x0000000117c81aa0+0x000000000000005f]
J 10907 c1 sun.lwawt.macosx.LWCToolkit.invokeAndWait(Ljava/lang/Runnable;Ljava/awt/Component;)V java.desktop@21.0.4 (59 bytes) @ 0x0000000110160d5c [0x00000001101602e0+0x0000000000000a7c]
J 11163 c1 sun.lwawt.macosx.CAccessibility.invokeAndWait(Ljava/util/concurrent/Callable;Ljava/awt/Component;)Ljava/lang/Object; java.desktop@21.0.4 (7 bytes) @ 0x00000001102630cc [0x0000000110262ea0+0x000000000000022c]
j  sun.lwawt.macosx.CAccessibility.getChildrenAndRolesRecursive(Ljavax/accessibility/Accessible;Ljava/awt/Component;IZI)[Ljava/lang/Object;+20 java.desktop@21.0.4
v  ~StubRoutines::call_stub 0x0000000117425cc6
J 11171  sun.lwawt.macosx.LWCToolkit.doAWTRunLoopImpl(JZZ)V java.desktop@21.0.4 (0 bytes) @ 0x0000000117c81aff [0x0000000117c81aa0+0x000000000000005f]
J 10907 c1 sun.lwawt.macosx.LWCToolkit.invokeAndWait(Ljava/lang/Runnable;Ljava/awt/Component;)V java.desktop@21.0.4 (59 bytes) @ 0x0000000110160d5c [0x00000001101602e0+0x0000000000000a7c]
J 11163 c1 sun.lwawt.macosx.CAccessibility.invokeAndWait(Ljava/util/concurrent/Callable;Ljava/awt/Component;)Ljava/lang/Object; java.desktop@21.0.4 (7 bytes) @ 0x00000001102630cc [0x0000000110262ea0+0x000000000000022c]
j  sun.lwawt.macosx.CAccessibility.getChildrenAndRolesRecursive(Ljavax/accessibility/Accessible;Ljava/awt/Component;IZI)[Ljava/lang/Object;+20 java.desktop@21.0.4
v  ~StubRoutines::call_stub 0x0000000117425cc6
J 11171  sun.lwawt.macosx.LWCToolkit.doAWTRunLoopImpl(JZZ)V java.desktop@21.0.4 (0 bytes) @ 0x0000000117c81aff [0x0000000117c81aa0+0x000000000000005f]
J 10907 c1 sun.lwawt.macosx.LWCToolkit.invokeAndWait(Ljava/lang/Runnable;Ljava/awt/Component;)V java.desktop@21.0.4 (59 bytes) @ 0x0000000110160d5c [0x00000001101602e0+0x0000000000000a7c]
J 11163 c1 sun.lwawt.macosx.CAccessibility.invokeAndWait(Ljava/util/concurrent/Callable;Ljava/awt/Component;)Ljava/lang/Object; java.desktop@21.0.4 (7 bytes) @ 0x00000001102630cc [0x0000000110262ea0+0x000000000000022c]
j  sun.lwawt.macosx.CAccessibility.getChildrenAndRolesRecursive(Ljavax/accessibility/Accessible;Ljava/awt/Component;IZI)[Ljava/lang/Object;+20 java.desktop@21.0.4
v  ~StubRoutines::call_stub 0x0000000117425cc6
J 11171  sun.lwawt.macosx.LWCToolkit.doAWTRunLoopImpl(JZZ)V java.desktop@21.0.4 (0 bytes) @ 0x0000000117c81aff [0x0000000117c81aa0+0x000000000000005f]
J 10907 c1 sun.lwawt.macosx.LWCToolkit.invokeAndWait(Ljava/lang/Runnable;Ljava/awt/Component;)V java.desktop@21.0.4 (59 bytes) @ 0x0000000110160d5c [0x00000001101602e0+0x0000000000000a7c]
J 11163 c1 sun.lwawt.macosx.CAccessibility.invokeAndWait(Ljava/util/concurrent/Callable;Ljava/awt/Component;)Ljava/lang/Object; java.desktop@21.0.4 (7 bytes) @ 0x00000001102630cc [0x0000000110262ea0+0x000000000000022c]
j  sun.lwawt.macosx.CAccessibility.getChildrenAndRolesRecursive(Ljavax/accessibility/Accessible;Ljava/awt/Component;IZI)[Ljava/lang/Object;+20 java.desktop@21.0.4
v  ~StubRoutines::call_stub 0x0000000117425cc6
J 11171  sun.lwawt.macosx.LWCToolkit.doAWTRunLoopImpl(JZZ)V java.desktop@21.0.4 (0 bytes) @ 0x0000000117c81aff [0x0000000117c81aa0+0x000000000000005f]
J 10907 c1 sun.lwawt.macosx.LWCToolkit.invokeAndWait(Ljava/lang/Runnable;Ljava/awt/Component;)V java.desktop@21.0.4 (59 bytes) @ 0x0000000110160d5c [0x00000001101602e0+0x0000000000000a7c]
J 11163 c1 sun.lwawt.macosx.CAccessibility.invokeAndWait(Ljava/util/concurrent/Callable;Ljava/awt/Component;)Ljava/lang/Object; java.desktop@21.0.4 (7 bytes) @ 0x00000001102630cc [0x0000000110262ea0+0x000000000000022c]
j  sun.lwawt.macosx.CAccessibility.getChildrenAndRolesRecursive(Ljavax/accessibility/Accessible;Ljava/awt/Component;IZI)[Ljava/lang/Object;+20 java.desktop@21.0.4
v  ~StubRoutines::call_stub 0x0000000117425cc6
J 11171  sun.lwawt.macosx.LWCToolkit.doAWTRunLoopImpl(JZZ)V java.desktop@21.0.4 (0 bytes) @ 0x0000000117c81aff [0x0000000117c81aa0+0x000000000000005f]
J 10907 c1 sun.lwawt.macosx.LWCToolkit.invokeAndWait(Ljava/lang/Runnable;Ljava/awt/Component;)V java.desktop@21.0.4 (59 bytes) @ 0x0000000110160d5c [0x00000001101602e0+0x0000000000000a7c]
J 11163 c1 sun.lwawt.macosx.CAccessibility.invokeAndWait(Ljava/util/concurrent/Callable;Ljava/awt/Component;)Ljava/lang/Object; java.desktop@21.0.4 (7 bytes) @ 0x00000001102630cc [0x0000000110262ea0+0x000000000000022c]
j  sun.lwawt.macosx.CAccessibility.getChildrenAndRolesRecursive(Ljavax/accessibility/Accessible;Ljava/awt/Component;IZI)[Ljava/lang/Object;+20 java.desktop@21.0.4
v  ~StubRoutines::call_stub 0x0000000117425cc6
J 11171  sun.lwawt.macosx.LWCToolkit.doAWTRunLoopImpl(JZZ)V java.desktop@21.0.4 (0 bytes) @ 0x0000000117c81aff [0x0000000117c81aa0+0x000000000000005f]
J 10907 c1 sun.lwawt.macosx.LWCToolkit.invokeAndWait(Ljava/lang/Runnable;Ljava/awt/Component;)V java.desktop@21.0.4 (59 bytes) @ 0x0000000110160d5c [0x00000001101602e0+0x0000000000000a7c]
J 11163 c1 sun.lwawt.macosx.CAccessibility.invokeAndWait(Ljava/util/concurrent/Callable;Ljava/awt/Component;)Ljava/lang/Object; java.desktop@21.0.4 (7 bytes) @ 0x00000001102630cc [0x0000000110262ea0+0x000000000000022c]
j  sun.lwawt.macosx.CAccessibility.getChildrenAndRolesRecursive(Ljavax/accessibility/Accessible;Ljava/awt/Component;IZI)[Ljava/lang/Object;+20 java.desktop@21.0.4
v  ~StubRoutines::call_stub 0x0000000117425cc6
J 11171  sun.lwawt.macosx.LWCToolkit.doAWTRunLoopImpl(JZZ)V java.desktop@21.0.4 (0 bytes) @ 0x0000000117c81aff [0x0000000117c81aa0+0x000000000000005f]
J 10907 c1 sun.lwawt.macosx.LWCToolkit.invokeAndWait(Ljava/lang/Runnable;Ljava/awt/Component;)V java.desktop@21.0.4 (59 bytes) @ 0x0000000110160d5c [0x00000001101602e0+0x0000000000000a7c]
J 11163 c1 sun.lwawt.macosx.CAccessibility.invokeAndWait(Ljava/util/concurrent/Callable;Ljava/awt/Component;)Ljava/lang/Object; java.desktop@21.0.4 (7 bytes) @ 0x00000001102630cc [0x0000000110262ea0+0x000000000000022c]
j  sun.lwawt.macosx.CAccessibility.getChildrenAndRolesRecursive(Ljavax/accessibility/Accessible;Ljava/awt/Component;IZI)[Ljava/lang/Object;+20 java.desktop@21.0.4
v  ~StubRoutines::call_stub 0x0000000117425cc6
J 11171  sun.lwawt.macosx.LWCToolkit.doAWTRunLoopImpl(JZZ)V java.desktop@21.0.4 (0 bytes) @ 0x0000000117c81aff [0x0000000117c81aa0+0x000000000000005f]
J 10907 c1 sun.lwawt.macosx.LWCToolkit.invokeAndWait(Ljava/lang/Runnable;Ljava/awt/Component;)V java.desktop@21.0.4 (59 bytes) @ 0x0000000110160d5c [0x00000001101602e0+0x0000000000000a7c]
J 11163 c1 sun.lwawt.macosx.CAccessibility.invokeAndWait(Ljava/util/concurrent/Callable;Ljava/awt/Component;)Ljava/lang/Object; java.desktop@21.0.4 (7 bytes) @ 0x00000001102630cc [0x0000000110262ea0+0x000000000000022c]
j  sun.lwawt.macosx.CAccessibility.getChildrenAndRolesRecursive(Ljavax/accessibility/Accessible;Ljava/awt/Component;IZI)[Ljava/lang/Object;+20 java.desktop@21.0.4
v  ~StubRoutines::call_stub 0x0000000117425cc6
J 11171  sun.lwawt.macosx.LWCToolkit.doAWTRunLoopImpl(JZZ)V java.desktop@21.0.4 (0 bytes) @ 0x0000000117c81aff [0x0000000117c81aa0+0x000000000000005f]
J 10907 c1 sun.lwawt.macosx.LWCToolkit.invokeAndWait(Ljava/lang/Runnable;Ljava/awt/Component;)V java.desktop@21.0.4 (59 bytes) @ 0x0000000110160d5c [0x00000001101602e0+0x0000000000000a7c]
J 11163 c1 sun.lwawt.macosx.CAccessibility.invokeAndWait(Ljava/util/concurrent/Callable;Ljava/awt/Component;)Ljava/lang/Object; java.desktop@21.0.4 (7 bytes) @ 0x00000001102630cc [0x0000000110262ea0+0x000000000000022c]
j  sun.lwawt.macosx.CAccessibility.getChildrenAndRolesRecursive(Ljavax/accessibility/Accessible;Ljava/awt/Component;IZI)[Ljava/lang/Object;+20 java.desktop@21.0.4
v  ~StubRoutines::call_stub 0x0000000117425cc6
J 11171  sun.lwawt.macosx.LWCToolkit.doAWTRunLoopImpl(JZZ)V java.desktop@21.0.4 (0 bytes) @ 0x0000000117c81aff [0x0000000117c81aa0+0x000000000000005f]
J 10907 c1 sun.lwawt.macosx.LWCToolkit.invokeAndWait(Ljava/lang/Runnable;Ljava/awt/Component;)V java.desktop@21.0.4 (59 bytes) @ 0x0000000110160d5c [0x00000001101602e0+0x0000000000000a7c]
J 11163 c1 sun.lwawt.macosx.CAccessibility.invokeAndWait(Ljava/util/concurrent/Callable;Ljava/awt/Component;)Ljava/lang/Object; java.desktop@21.0.4 (7 bytes) @ 0x00000001102630cc [0x0000000110262ea0+0x000000000000022c]
j  sun.lwawt.macosx.CAccessibility.getChildrenAndRolesRecursive(Ljavax/accessibility/Accessible;Ljava/awt/Component;IZI)[Ljava/lang/Object;+20 java.desktop@21.0.4
v  ~StubRoutines::call_stub 0x0000000117425cc6
J 11171  sun.lwawt.macosx.LWCToolkit.doAWTRunLoopImpl(JZZ)V java.desktop@21.0.4 (0 bytes) @ 0x0000000117c81aff [0x0000000117c81aa0+0x000000000000005f]
J 10907 c1 sun.lwawt.macosx.LWCToolkit.invokeAndWait(Ljava/lang/Runnable;Ljava/awt/Component;)V java.desktop@21.0.4 (59 bytes) @ 0x0000000110160d5c [0x00000001101602e0+0x0000000000000a7c]
J 11163 c1 sun.lwawt.macosx.CAccessibility.invokeAndWait(Ljava/util/concurrent/Callable;Ljava/awt/Component;)Ljava/lang/Object; java.desktop@21.0.4 (7 bytes) @ 0x00000001102630cc [0x0000000110262ea0+0x000000000000022c]
j  sun.lwawt.macosx.CAccessibility.getChildrenAndRolesRecursive(Ljavax/accessibility/Accessible;Ljava/awt/Component;IZI)[Ljava/lang/Object;+20 java.desktop@21.0.4
v  ~StubRoutines::call_stub 0x0000000117425cc6
J 11171  sun.lwawt.macosx.LWCToolkit.doAWTRunLoopImpl(JZZ)V java.desktop@21.0.4 (0 bytes) @ 0x0000000117c81aff [0x0000000117c81aa0+0x000000000000005f]
J 10907 c1 sun.lwawt.macosx.LWCToolkit.invokeAndWait(Ljava/lang/Runnable;Ljava/awt/Component;)V java.desktop@21.0.4 (59 bytes) @ 0x0000000110160d5c [0x00000001101602e0+0x0000000000000a7c]
J 11163 c1 sun.lwawt.macosx.CAccessibility.invokeAndWait(Ljava/util/concurrent/Callable;Ljava/awt/Component;)Ljava/lang/Object; java.desktop@21.0.4 (7 bytes) @ 0x00000001102630cc [0x0000000110262ea0+0x000000000000022c]
j  sun.lwawt.macosx.CAccessibility.getChildrenAndRolesRecursive(Ljavax/accessibility/Accessible;Ljava/awt/Component;IZI)[Ljava/lang/Object;+20 java.desktop@21.0.4
v  ~StubRoutines::call_stub 0x0000000117425cc6
J 11171  sun.lwawt.macosx.LWCToolkit.doAWTRunLoopImpl(JZZ)V java.desktop@21.0.4 (0 bytes) @ 0x0000000117c81aff [0x0000000117c81aa0+0x000000000000005f]
J 10907 c1 sun.lwawt.macosx.LWCToolkit.invokeAndWait(Ljava/lang/Runnable;Ljava/awt/Component;)V java.desktop@21.0.4 (59 bytes) @ 0x0000000110160d5c [0x00000001101602e0+0x0000000000000a7c]
J 11163 c1 sun.lwawt.macosx.CAccessibility.invokeAndWait(Ljava/util/concurrent/Callable;Ljava/awt/Component;)Ljava/lang/Object; java.desktop@21.0.4 (7 bytes) @ 0x00000001102630cc [0x0000000110262ea0+0x000000000000022c]
j  sun.lwawt.macosx.CAccessibility.getChildrenAndRolesRecursive(Ljavax/accessibility/Accessible;Ljava/awt/Component;IZI)[Ljava/lang/Object;+20 java.desktop@21.0.4
v  ~StubRoutines::call_stub 0x0000000117425cc6
J 11171  sun.lwawt.macosx.LWCToolkit.doAWTRunLoopImpl(JZZ)V java.desktop@21.0.4 (0 bytes) @ 0x0000000117c81aff [0x0000000117c81aa0+0x000000000000005f]
J 10907 c1 sun.lwawt.macosx.LWCToolkit.invokeAndWait(Ljava/lang/Runnable;Ljava/awt/Component;)V java.desktop@21.0.4 (59 bytes) @ 0x0000000110160d5c [0x00000001101602e0+0x0000000000000a7c]
J 11163 c1 sun.lwawt.macosx.CAccessibility.invokeAndWait(Ljava/util/concurrent/Callable;Ljava/awt/Component;)Ljava/lang/Object; java.desktop@21.0.4 (7 bytes) @ 0x00000001102630cc [0x0000000110262ea0+0x000000000000022c]
j  sun.lwawt.macosx.CAccessibility.getChildrenAndRolesRecursive(Ljavax/accessibility/Accessible;Ljava/awt/Component;IZI)[Ljava/lang/Object;+20 java.desktop@21.0.4
v  ~StubRoutines::call_stub 0x0000000117425cc6
J 11171  sun.lwawt.macosx.LWCToolkit.doAWTRunLoopImpl(JZZ)V java.desktop@21.0.4 (0 bytes) @ 0x0000000117c81aff [0x0000000117c81aa0+0x000000000000005f]
J 10907 c1 sun.lwawt.macosx.LWCToolkit.invokeAndWait(Ljava/lang/Runnable;Ljava/awt/Component;)V java.desktop@21.0.4 (59 bytes) @ 0x0000000110160d5c [0x00000001101602e0+0x0000000000000a7c]
J 11163 c1 sun.lwawt.macosx.CAccessibility.invokeAndWait(Ljava/util/concurrent/Callable;Ljava/awt/Component;)Ljava/lang/Object; java.desktop@21.0.4 (7 bytes) @ 0x00000001102630cc [0x0000000110262ea0+0x000000000000022c]
j  sun.lwawt.macosx.CAccessibility.getChildrenAndRolesRecursive(Ljavax/accessibility/Accessible;Ljava/awt/Component;IZI)[Ljava/lang/Object;+20 java.desktop@21.0.4
v  ~StubRoutines::call_stub 0x0000000117425cc6
J 11171  sun.lwawt.macosx.LWCToolkit.doAWTRunLoopImpl(JZZ)V java.desktop@21.0.4 (0 bytes) @ 0x0000000117c81aff [0x0000000117c81aa0+0x000000000000005f]
J 10907 c1 sun.lwawt.macosx.LWCToolkit.invokeAndWait(Ljava/lang/Runnable;Ljava/awt/Component;)V java.desktop@21.0.4 (59 bytes) @ 0x0000000110160d5c [0x00000001101602e0+0x0000000000000a7c]
J 11163 c1 sun.lwawt.macosx.CAccessibility.invokeAndWait(Ljava/util/concurrent/Callable;Ljava/awt/Component;)Ljava/lang/Object; java.desktop@21.0.4 (7 bytes) @ 0x00000001102630cc [0x0000000110262ea0+0x000000000000022c]
j  sun.lwawt.macosx.CAccessibility.getChildrenAndRolesRecursive(Ljavax/accessibility/Accessible;Ljava/awt/Component;IZI)[Ljava/lang/Object;+20 java.desktop@21.0.4
v  ~StubRoutines::call_stub 0x0000000117425cc6
J 11171  sun.lwawt.macosx.LWCToolkit.doAWTRunLoopImpl(JZZ)V java.desktop@21.0.4 (0 bytes) @ 0x0000000117c81aff [0x0000000117c81aa0+0x000000000000005f]
J 10907 c1 sun.lwawt.macosx.LWCToolkit.invokeAndWait(Ljava/lang/Runnable;Ljava/awt/Component;)V java.desktop@21.0.4 (59 bytes) @ 0x0000000110160d5c [0x00000001101602e0+0x0000000000000a7c]
J 11163 c1 sun.lwawt.macosx.CAccessibility.invokeAndWait(Ljava/util/concurrent/Callable;Ljava/awt/Component;)Ljava/lang/Object; java.desktop@21.0.4 (7 bytes) @ 0x00000001102630cc [0x0000000110262ea0+0x000000000000022c]
j  sun.lwawt.macosx.CAccessibility.getChildrenAndRolesRecursive(Ljavax/accessibility/Accessible;Ljava/awt/Component;IZI)[Ljava/lang/Object;+20 java.desktop@21.0.4
v  ~StubRoutines::call_stub 0x0000000117425cc6
J 11171  sun.lwawt.macosx.LWCToolkit.doAWTRunLoopImpl(JZZ)V java.desktop@21.0.4 (0 bytes) @ 0x0000000117c81aff [0x0000000117c81aa0+0x000000000000005f]
J 10907 c1 sun.lwawt.macosx.LWCToolkit.invokeAndWait(Ljava/lang/Runnable;Ljava/awt/Component;)V java.desktop@21.0.4 (59 bytes) @ 0x0000000110160d5c [0x00000001101602e0+0x0000000000000a7c]
J 11163 c1 sun.lwawt.macosx.CAccessibility.invokeAndWait(Ljava/util/concurrent/Callable;Ljava/awt/Component;)Ljava/lang/Object; java.desktop@21.0.4 (7 bytes) @ 0x00000001102630cc [0x0000000110262ea0+0x000000000000022c]
j  sun.lwawt.macosx.CAccessibility.getChildrenAndRolesRecursive(Ljavax/accessibility/Accessible;Ljava/awt/Component;IZI)[Ljava/lang/Object;+20 java.desktop@21.0.4
v  ~StubRoutines::call_stub 0x0000000117425cc6
J 11171  sun.lwawt.macosx.LWCToolkit.doAWTRunLoopImpl(JZZ)V java.desktop@21.0.4 (0 bytes) @ 0x0000000117c81aff [0x0000000117c81aa0+0x000000000000005f]
J 10907 c1 sun.lwawt.macosx.LWCToolkit.invokeAndWait(Ljava/lang/Runnable;Ljava/awt/Component;)V java.desktop@21.0.4 (59 bytes) @ 0x0000000110160d5c [0x00000001101602e0+0x0000000000000a7c]
J 11163 c1 sun.lwawt.macosx.CAccessibility.invokeAndWait(Ljava/util/concurrent/Callable;Ljava/awt/Component;)Ljava/lang/Object; java.desktop@21.0.4 (7 bytes) @ 0x00000001102630cc [0x0000000110262ea0+0x000000000000022c]
j  sun.lwawt.macosx.CAccessibility.getChildrenAndRolesRecursive(Ljavax/accessibility/Accessible;Ljava/awt/Component;IZI)[Ljava/lang/Object;+20 java.desktop@21.0.4
v  ~StubRoutines::call_stub 0x0000000117425cc6
J 11171  sun.lwawt.macosx.LWCToolkit.doAWTRunLoopImpl(JZZ)V java.desktop@21.0.4 (0 bytes) @ 0x0000000117c81aff [0x0000000117c81aa0+0x000000000000005f]
J 10907 c1 sun.lwawt.macosx.LWCToolkit.invokeAndWait(Ljava/lang/Runnable;Ljava/awt/Component;)V java.desktop@21.0.4 (59 bytes) @ 0x0000000110160d5c [0x00000001101602e0+0x0000000000000a7c]
J 11163 c1 sun.lwawt.macosx.CAccessibility.invokeAndWait(Ljava/util/concurrent/Callable;Ljava/awt/Component;)Ljava/lang/Object; java.desktop@21.0.4 (7 bytes) @ 0x00000001102630cc [0x0000000110262ea0+0x000000000000022c]
j  sun.lwawt.macosx.CAccessibility.getChildrenAndRolesRecursive(Ljavax/accessibility/Accessible;Ljava/awt/Component;IZI)[Ljava/lang/Object;+20 java.desktop@21.0.4
v  ~StubRoutines::call_stub 0x0000000117425cc6
J 11171  sun.lwawt.macosx.LWCToolkit.doAWTRunLoopImpl(JZZ)V java.desktop@21.0.4 (0 bytes) @ 0x0000000117c81aff [0x0000000117c81aa0+0x000000000000005f]
J 10907 c1 sun.lwawt.macosx.LWCToolkit.invokeAndWait(Ljava/lang/Runnable;Ljava/awt/Component;)V java.desktop@21.0.4 (59 bytes) @ 0x0000000110160d5c [0x00000001101602e0+0x0000000000000a7c]
J 11163 c1 sun.lwawt.macosx.CAccessibility.invokeAndWait(Ljava/util/concurrent/Callable;Ljava/awt/Component;)Ljava/lang/Object; java.desktop@21.0.4 (7 bytes) @ 0x00000001102630cc [0x0000000110262ea0+0x000000000000022c]
j  sun.lwawt.macosx.CAccessibility.getChildrenAndRolesRecursive(Ljavax/accessibility/Accessible;Ljava/awt/Component;IZI)[Ljava/lang/Object;+20 java.desktop@21.0.4
v  ~StubRoutines::call_stub 0x0000000117425cc6
J 11171  sun.lwawt.macosx.LWCToolkit.doAWTRunLoopImpl(JZZ)V java.desktop@21.0.4 (0 bytes) @ 0x0000000117c81aff [0x0000000117c81aa0+0x000000000000005f]
J 10907 c1 sun.lwawt.macosx.LWCToolkit.invokeAndWait(Ljava/lang/Runnable;Ljava/awt/Component;)V java.desktop@21.0.4 (59 bytes) @ 0x0000000110160d5c [0x00000001101602e0+0x0000000000000a7c]
J 11163 c1 sun.lwawt.macosx.CAccessibility.invokeAndWait(Ljava/util/concurrent/Callable;Ljava/awt/Component;)Ljava/lang/Object; java.desktop@21.0.4 (7 bytes) @ 0x00000001102630cc [0x0000000110262ea0+0x000000000000022c]
j  sun.lwawt.macosx.CAccessibility.getChildrenAndRolesRecursive(Ljavax/accessibility/Accessible;Ljava/awt/Component;IZI)[Ljava/lang/Object;+20 java.desktop@21.0.4
v  ~StubRoutines::call_stub 0x0000000117425cc6
J 11171  sun.lwawt.macosx.LWCToolkit.doAWTRunLoopImpl(JZZ)V java.desktop@21.0.4 (0 bytes) @ 0x0000000117c81aff [0x0000000117c81aa0+0x000000000000005f]
J 10907 c1 sun.lwawt.macosx.LWCToolkit.invokeAndWait(Ljava/lang/Runnable;Ljava/awt/Component;)V java.desktop@21.0.4 (59 bytes) @ 0x0000000110160d5c [0x00000001101602e0+0x0000000000000a7c]
J 11163 c1 sun.lwawt.macosx.CAccessibility.invokeAndWait(Ljava/util/concurrent/Callable;Ljava/awt/Component;)Ljava/lang/Object; java.desktop@21.0.4 (7 bytes) @ 0x00000001102630cc [0x0000000110262ea0+0x000000000000022c]
j  sun.lwawt.macosx.CAccessibility.getChildrenAndRolesRecursive(Ljavax/accessibility/Accessible;Ljava/awt/Component;IZI)[Ljava/lang/Object;+20 java.desktop@21.0.4
v  ~StubRoutines::call_stub 0x0000000117425cc6
J 11171  sun.lwawt.macosx.LWCToolkit.doAWTRunLoopImpl(JZZ)V java.desktop@21.0.4 (0 bytes) @ 0x0000000117c81aff [0x0000000117c81aa0+0x000000000000005f]
J 10907 c1 sun.lwawt.macosx.LWCToolkit.invokeAndWait(Ljava/lang/Runnable;Ljava/awt/Component;)V java.desktop@21.0.4 (59 bytes) @ 0x0000000110160d5c [0x00000001101602e0+0x0000000000000a7c]
J 11163 c1 sun.lwawt.macosx.CAccessibility.invokeAndWait(Ljava/util/concurrent/Callable;Ljava/awt/Component;)Ljava/lang/Object; java.desktop@21.0.4 (7 bytes) @ 0x00000001102630cc [0x0000000110262ea0+0x000000000000022c]
j  sun.lwawt.macosx.CAccessibility.getChildrenAndRolesRecursive(Ljavax/accessibility/Accessible;Ljava/awt/Component;IZI)[Ljava/lang/Object;+20 java.desktop@21.0.4
v  ~StubRoutines::call_stub 0x0000000117425cc6
J 11171  sun.lwawt.macosx.LWCToolkit.doAWTRunLoopImpl(JZZ)V java.desktop@21.0.4 (0 bytes) @ 0x0000000117c81aff [0x0000000117c81aa0+0x000000000000005f]
J 10907 c1 sun.lwawt.macosx.LWCToolkit.invokeAndWait(Ljava/lang/Runnable;Ljava/awt/Component;)V java.desktop@21.0.4 (59 bytes) @ 0x0000000110160d5c [0x00000001101602e0+0x0000000000000a7c]
J 11163 c1 sun.lwawt.macosx.CAccessibility.invokeAndWait(Ljava/util/concurrent/Callable;Ljava/awt/Component;)Ljava/lang/Object; java.desktop@21.0.4 (7 bytes) @ 0x00000001102630cc [0x0000000110262ea0+0x000000000000022c]
j  sun.lwawt.macosx.CAccessibility.getChildrenAndRolesRecursive(Ljavax/accessibility/Accessible;Ljava/awt/Component;IZI)[Ljava/lang/Object;+20 java.desktop@21.0.4
v  ~StubRoutines::call_stub 0x0000000117425cc6
J 11171  sun.lwawt.macosx.LWCToolkit.doAWTRunLoopImpl(JZZ)V java.desktop@21.0.4 (0 bytes) @ 0x0000000117c81aff [0x0000000117c81aa0+0x000000000000005f]
J 10907 c1 sun.lwawt.macosx.LWCToolkit.invokeAndWait(Ljava/lang/Runnable;Ljava/awt/Component;)V java.desktop@21.0.4 (59 bytes) @ 0x0000000110160d5c [0x00000001101602e0+0x0000000000000a7c]
J 11163 c1 sun.lwawt.macosx.CAccessibility.invokeAndWait(Ljava/util/concurrent/Callable;Ljava/awt/Component;)Ljava/lang/Object; java.desktop@21.0.4 (7 bytes) @ 0x00000001102630cc [0x0000000110262ea0+0x000000000000022c]
j  sun.lwawt.macosx.CAccessibility.getChildrenAndRolesRecursive(Ljavax/accessibility/Accessible;Ljava/awt/Component;IZI)[Ljava/lang/Object;+20 java.desktop@21.0.4
v  ~StubRoutines::call_stub 0x0000000117425cc6
J 11171  sun.lwawt.macosx.LWCToolkit.doAWTRunLoopImpl(JZZ)V java.desktop@21.0.4 (0 bytes) @ 0x0000000117c81aff [0x0000000117c81aa0+0x000000000000005f]
J 10907 c1 sun.lwawt.macosx.LWCToolkit.invokeAndWait(Ljava/lang/Runnable;Ljava/awt/Component;)V java.desktop@21.0.4 (59 bytes) @ 0x0000000110160d5c [0x00000001101602e0+0x0000000000000a7c]
J 11163 c1 sun.lwawt.macosx.CAccessibility.invokeAndWait(Ljava/util/concurrent/Callable;Ljava/awt/Component;)Ljava/lang/Object; java.desktop@21.0.4 (7 bytes) @ 0x00000001102630cc [0x0000000110262ea0+0x000000000000022c]
j  sun.lwawt.macosx.CAccessibility.getChildrenAndRolesRecursive(Ljavax/accessibility/Accessible;Ljava/awt/Component;IZI)[Ljava/lang/Object;+20 java.desktop@21.0.4
v  ~StubRoutines::call_stub 0x0000000117425cc6
J 11171  sun.lwawt.macosx.LWCToolkit.doAWTRunLoopImpl(JZZ)V java.desktop@21.0.4 (0 bytes) @ 0x0000000117c81aff [0x0000000117c81aa0+0x000000000000005f]
J 10907 c1 sun.lwawt.macosx.LWCToolkit.invokeAndWait(Ljava/lang/Runnable;Ljava/awt/Component;)V java.desktop@21.0.4 (59 bytes) @ 0x0000000110160d5c [0x00000001101602e0+0x0000000000000a7c]
J 11163 c1 sun.lwawt.macosx.CAccessibility.invokeAndWait(Ljava/util/concurrent/Callable;Ljava/awt/Component;)Ljava/lang/Object; java.desktop@21.0.4 (7 bytes) @ 0x00000001102630cc [0x0000000110262ea0+0x000000000000022c]
j  sun.lwawt.macosx.CAccessibility.getChildrenAndRolesRecursive(Ljavax/accessibility/Accessible;Ljava/awt/Component;IZI)[Ljava/lang/Object;+20 java.desktop@21.0.4
v  ~StubRoutines::call_stub 0x0000000117425cc6
J 11171  sun.lwawt.macosx.LWCToolkit.doAWTRunLoopImpl(JZZ)V java.desktop@21.0.4 (0 bytes) @ 0x0000000117c81aff [0x0000000117c81aa0+0x000000000000005f]
J 10907 c1 sun.lwawt.macosx.LWCToolkit.invokeAndWait(Ljava/lang/Runnable;Ljava/awt/Component;)V java.desktop@21.0.4 (59 bytes) @ 0x0000000110160d5c [0x00000001101602e0+0x0000000000000a7c]
J 11163 c1 sun.lwawt.macosx.CAccessibility.invokeAndWait(Ljava/util/concurrent/Callable;Ljava/awt/Component;)Ljava/lang/Object; java.desktop@21.0.4 (7 bytes) @ 0x00000001102630cc [0x0000000110262ea0+0x000000000000022c]
j  sun.lwawt.macosx.CAccessibility.getChildrenAndRolesRecursive(Ljavax/accessibility/Accessible;Ljava/awt/Component;IZI)[Ljava/lang/Object;+20 java.desktop@21.0.4
v  ~StubRoutines::call_stub 0x0000000117425cc6
J 11171  sun.lwawt.macosx.LWCToolkit.doAWTRunLoopImpl(JZZ)V java.desktop@21.0.4 (0 bytes) @ 0x0000000117c81aff [0x0000000117c81aa0+0x000000000000005f]
J 10907 c1 sun.lwawt.macosx.LWCToolkit.invokeAndWait(Ljava/lang/Runnable;Ljava/awt/Component;)V java.desktop@21.0.4 (59 bytes) @ 0x0000000110160d5c [0x00000001101602e0+0x0000000000000a7c]
J 11163 c1 sun.lwawt.macosx.CAccessibility.invokeAndWait(Ljava/util/concurrent/Callable;Ljava/awt/Component;)Ljava/lang/Object; java.desktop@21.0.4 (7 bytes) @ 0x00000001102630cc [0x0000000110262ea0+0x000000000000022c]
j  sun.lwawt.macosx.CAccessibility.getChildrenAndRolesRecursive(Ljavax/accessibility/Accessible;Ljava/awt/Component;IZI)[Ljava/lang/Object;+20 java.desktop@21.0.4
v  ~StubRoutines::call_stub 0x0000000117425cc6
J 11171  sun.lwawt.macosx.LWCToolkit.doAWTRunLoopImpl(JZZ)V java.desktop@21.0.4 (0 bytes) @ 0x0000000117c81aff [0x0000000117c81aa0+0x000000000000005f]
J 10907 c1 sun.lwawt.macosx.LWCToolkit.invokeAndWait(Ljava/lang/Runnable;Ljava/awt/Component;)V java.desktop@21.0.4 (59 bytes) @ 0x0000000110160d5c [0x00000001101602e0+0x0000000000000a7c]
J 11163 c1 sun.lwawt.macosx.CAccessibility.invokeAndWait(Ljava/util/concurrent/Callable;Ljava/awt/Component;)Ljava/lang/Object; java.desktop@21.0.4 (7 bytes) @ 0x00000001102630cc [0x0000000110262ea0+0x000000000000022c]
j  sun.lwawt.macosx.CAccessibility.getChildrenAndRolesRecursive(Ljavax/accessibility/Accessible;Ljava/awt/Component;IZI)[Ljava/lang/Object;+20 java.desktop@21.0.4
v  ~StubRoutines::call_stub 0x0000000117425cc6
J 11171  sun.lwawt.macosx.LWCToolkit.doAWTRunLoopImpl(JZZ)V java.desktop@21.0.4 (0 bytes) @ 0x0000000117c81aff [0x0000000117c81aa0+0x000000000000005f]
J 10907 c1 sun.lwawt.macosx.LWCToolkit.invokeAndWait(Ljava/lang/Runnable;Ljava/awt/Component;)V java.desktop@21.0.4 (59 bytes) @ 0x0000000110160d5c [0x00000001101602e0+0x0000000000000a7c]
J 11163 c1 sun.lwawt.macosx.CAccessibility.invokeAndWait(Ljava/util/concurrent/Callable;Ljava/awt/Component;)Ljava/lang/Object; java.desktop@21.0.4 (7 bytes) @ 0x00000001102630cc [0x0000000110262ea0+0x000000000000022c]
j  sun.lwawt.macosx.CAccessibility.getChildrenAndRolesRecursive(Ljavax/accessibility/Accessible;Ljava/awt/Component;IZI)[Ljava/lang/Object;+20 java.desktop@21.0.4
v  ~StubRoutines::call_stub 0x0000000117425cc6
J 11171  sun.lwawt.macosx.LWCToolkit.doAWTRunLoopImpl(JZZ)V java.desktop@21.0.4 (0 bytes) @ 0x0000000117c81aff [0x0000000117c81aa0+0x000000000000005f]
J 10907 c1 sun.lwawt.macosx.LWCToolkit.invokeAndWait(Ljava/lang/Runnable;Ljava/awt/Component;)V java.desktop@21.0.4 (59 bytes) @ 0x0000000110160d5c [0x00000001101602e0+0x0000000000000a7c]
J 11163 c1 sun.lwawt.macosx.CAccessibility.invokeAndWait(Ljava/util/concurrent/Callable;Ljava/awt/Component;)Ljava/lang/Object; java.desktop@21.0.4 (7 bytes) @ 0x00000001102630cc [0x0000000110262ea0+0x000000000000022c]
j  sun.lwawt.macosx.CAccessibility.getChildrenAndRolesRecursive(Ljavax/accessibility/Accessible;Ljava/awt/Component;IZI)[Ljava/lang/Object;+20 java.desktop@21.0.4
v  ~StubRoutines::call_stub 0x0000000117425cc6
J 11171  sun.lwawt.macosx.LWCToolkit.doAWTRunLoopImpl(JZZ)V java.desktop@21.0.4 (0 bytes) @ 0x0000000117c81aff [0x0000000117c81aa0+0x000000000000005f]
J 10907 c1 sun.lwawt.macosx.LWCToolkit.invokeAndWait(Ljava/lang/Runnable;Ljava/awt/Component;)V java.desktop@21.0.4 (59 bytes) @ 0x0000000110160d5c [0x00000001101602e0+0x0000000000000a7c]
J 11163 c1 sun.lwawt.macosx.CAccessibility.invokeAndWait(Ljava/util/concurrent/Callable;Ljava/awt/Component;)Ljava/lang/Object; java.desktop@21.0.4 (7 bytes) @ 0x00000001102630cc [0x0000000110262ea0+0x000000000000022c]
j  sun.lwawt.macosx.CAccessibility.getChildrenAndRolesRecursive(Ljavax/accessibility/Accessible;Ljava/awt/Component;IZI)[Ljava/lang/Object;+20 java.desktop@21.0.4
v  ~StubRoutines::call_stub 0x0000000117425cc6
J 11171  sun.lwawt.macosx.LWCToolkit.doAWTRunLoopImpl(JZZ)V java.desktop@21.0.4 (0 bytes) @ 0x0000000117c81aff [0x0000000117c81aa0+0x000000000000005f]
J 10907 c1 sun.lwawt.macosx.LWCToolkit.invokeAndWait(Ljava/lang/Runnable;Ljava/awt/Component;)V java.desktop@21.0.4 (59 bytes) @ 0x0000000110160d5c [0x00000001101602e0+0x0000000000000a7c]
J 11163 c1 sun.lwawt.macosx.CAccessibility.invokeAndWait(Ljava/util/concurrent/Callable;Ljava/awt/Component;)Ljava/lang/Object; java.desktop@21.0.4 (7 bytes) @ 0x00000001102630cc [0x0000000110262ea0+0x000000000000022c]
j  sun.lwawt.macosx.CAccessibility.getChildrenAndRolesRecursive(Ljavax/accessibility/Accessible;Ljava/awt/Component;IZI)[Ljava/lang/Object;+20 java.desktop@21.0.4
v  ~StubRoutines::call_stub 0x0000000117425cc6
J 11171  sun.lwawt.macosx.LWCToolkit.doAWTRunLoopImpl(JZZ)V java.desktop@21.0.4 (0 bytes) @ 0x0000000117c81aff [0x0000000117c81aa0+0x000000000000005f]
J 10907 c1 sun.lwawt.macosx.LWCToolkit.invokeAndWait(Ljava/lang/Runnable;Ljava/awt/Component;)V java.desktop@21.0.4 (59 bytes) @ 0x0000000110160d5c [0x00000001101602e0+0x0000000000000a7c]
J 11163 c1 sun.lwawt.macosx.CAccessibility.invokeAndWait(Ljava/util/concurrent/Callable;Ljava/awt/Component;)Ljava/lang/Object; java.desktop@21.0.4 (7 bytes) @ 0x00000001102630cc [0x0000000110262ea0+0x000000000000022c]
j  sun.lwawt.macosx.CAccessibility.getChildrenAndRolesRecursive(Ljavax/accessibility/Accessible;Ljava/awt/Component;IZI)[Ljava/lang/Object;+20 java.desktop@21.0.4
v  ~StubRoutines::call_stub 0x0000000117425cc6
J 11171  sun.lwawt.macosx.LWCToolkit.doAWTRunLoopImpl(JZZ)V java.desktop@21.0.4 (0 bytes) @ 0x0000000117c81aff [0x0000000117c81aa0+0x000000000000005f]
J 10907 c1 sun.lwawt.macosx.LWCToolkit.invokeAndWait(Ljava/lang/Runnable;Ljava/awt/Component;)V java.desktop@21.0.4 (59 bytes) @ 0x0000000110160d5c [0x00000001101602e0+0x0000000000000a7c]
J 11163 c1 sun.lwawt.macosx.CAccessibility.invokeAndWait(Ljava/util/concurrent/Callable;Ljava/awt/Component;)Ljava/lang/Object; java.desktop@21.0.4 (7 bytes) @ 0x00000001102630cc [0x0000000110262ea0+0x000000000000022c]
j  sun.lwawt.macosx.CAccessibility.getChildrenAndRolesRecursive(Ljavax/accessibility/Accessible;Ljava/awt/Component;IZI)[Ljava/lang/Object;+20 java.desktop@21.0.4
v  ~StubRoutines::call_stub 0x0000000117425cc6
J 11171  sun.lwawt.macosx.LWCToolkit.doAWTRunLoopImpl(JZZ)V java.desktop@21.0.4 (0 bytes) @ 0x0000000117c81aff [0x0000000117c81aa0+0x000000000000005f]
J 10907 c1 sun.lwawt.macosx.LWCToolkit.invokeAndWait(Ljava/lang/Runnable;Ljava/awt/Component;)V java.desktop@21.0.4 (59 bytes) @ 0x0000000110160d5c [0x00000001101602e0+0x0000000000000a7c]
J 11163 c1 sun.lwawt.macosx.CAccessibility.invokeAndWait(Ljava/util/concurrent/Callable;Ljava/awt/Component;)Ljava/lang/Object; java.desktop@21.0.4 (7 bytes) @ 0x00000001102630cc [0x0000000110262ea0+0x000000000000022c]
j  sun.lwawt.macosx.CAccessibility.getChildrenAndRolesRecursive(Ljavax/accessibility/Accessible;Ljava/awt/Component;IZI)[Ljava/lang/Object;+20 java.desktop@21.0.4
v  ~StubRoutines::call_stub 0x0000000117425cc6
J 11171  sun.lwawt.macosx.LWCToolkit.doAWTRunLoopImpl(JZZ)V java.desktop@21.0.4 (0 bytes) @ 0x0000000117c81aff [0x0000000117c81aa0+0x000000000000005f]
J 10907 c1 sun.lwawt.macosx.LWCToolkit.invokeAndWait(Ljava/lang/Runnable;Ljava/awt/Component;)V java.desktop@21.0.4 (59 bytes) @ 0x0000000110160d5c [0x00000001101602e0+0x0000000000000a7c]
J 11163 c1 sun.lwawt.macosx.CAccessibility.invokeAndWait(Ljava/util/concurrent/Callable;Ljava/awt/Component;)Ljava/lang/Object; java.desktop@21.0.4 (7 bytes) @ 0x00000001102630cc [0x0000000110262ea0+0x000000000000022c]
j  sun.lwawt.macosx.CAccessibility.getChildrenAndRolesRecursive(Ljavax/accessibility/Accessible;Ljava/awt/Component;IZI)[Ljava/lang/Object;+20 java.desktop@21.0.4
v  ~StubRoutines::call_stub 0x0000000117425cc6
J 11171  sun.lwawt.macosx.LWCToolkit.doAWTRunLoopImpl(JZZ)V java.desktop@21.0.4 (0 bytes) @ 0x0000000117c81aff [0x0000000117c81aa0+0x000000000000005f]
J 10907 c1 sun.lwawt.macosx.LWCToolkit.invokeAndWait(Ljava/lang/Runnable;Ljava/awt/Component;)V java.desktop@21.0.4 (59 bytes) @ 0x0000000110160d5c [0x00000001101602e0+0x0000000000000a7c]
J 11163 c1 sun.lwawt.macosx.CAccessibility.invokeAndWait(Ljava/util/concurrent/Callable;Ljava/awt/Component;)Ljava/lang/Object; java.desktop@21.0.4 (7 bytes) @ 0x00000001102630cc [0x0000000110262ea0+0x000000000000022c]
j  sun.lwawt.macosx.CAccessibility.getChildrenAndRolesRecursive(Ljavax/accessibility/Accessible;Ljava/awt/Component;IZI)[Ljava/lang/Object;+20 java.desktop@21.0.4
v  ~StubRoutines::call_stub 0x0000000117425cc6
J 11171  sun.lwawt.macosx.LWCToolkit.doAWTRunLoopImpl(JZZ)V java.desktop@21.0.4 (0 bytes) @ 0x0000000117c81aff [0x0000000117c81aa0+0x000000000000005f]
J 10907 c1 sun.lwawt.macosx.LWCToolkit.invokeAndWait(Ljava/lang/Runnable;Ljava/awt/Component;)V java.desktop@21.0.4 (59 bytes) @ 0x0000000110160d5c [0x00000001101602e0+0x0000000000000a7c]
J 11163 c1 sun.lwawt.macosx.CAccessibility.invokeAndWait(Ljava/util/concurrent/Callable;Ljava/awt/Component;)Ljava/lang/Object; java.desktop@21.0.4 (7 bytes) @ 0x00000001102630cc [0x0000000110262ea0+0x000000000000022c]
j  sun.lwawt.macosx.CAccessibility.getChildrenAndRolesRecursive(Ljavax/accessibility/Accessible;Ljava/awt/Component;IZI)[Ljava/lang/Object;+20 java.desktop@21.0.4
v  ~StubRoutines::call_stub 0x0000000117425cc6
J 11171  sun.lwawt.macosx.LWCToolkit.doAWTRunLoopImpl(JZZ)V java.desktop@21.0.4 (0 bytes) @ 0x0000000117c81aff [0x0000000117c81aa0+0x000000000000005f]
J 10907 c1 sun.lwawt.macosx.LWCToolkit.invokeAndWait(Ljava/lang/Runnable;Ljava/awt/Component;)V java.desktop@21.0.4 (59 bytes) @ 0x0000000110160d5c [0x00000001101602e0+0x0000000000000a7c]
J 11163 c1 sun.lwawt.macosx.CAccessibility.invokeAndWait(Ljava/util/concurrent/Callable;Ljava/awt/Component;)Ljava/lang/Object; java.desktop@21.0.4 (7 bytes) @ 0x00000001102630cc [0x0000000110262ea0+0x000000000000022c]
j  sun.lwawt.macosx.CAccessibility.getChildrenAndRolesRecursive(Ljavax/accessibility/Accessible;Ljava/awt/Component;IZI)[Ljava/lang/Object;+20 java.desktop@21.0.4
v  ~StubRoutines::call_stub 0x0000000117425cc6
J 11171  sun.lwawt.macosx.LWCToolkit.doAWTRunLoopImpl(JZZ)V java.desktop@21.0.4 (0 bytes) @ 0x0000000117c81aff [0x0000000117c81aa0+0x000000000000005f]
J 10907 c1 sun.lwawt.macosx.LWCToolkit.invokeAndWait(Ljava/lang/Runnable;Ljava/awt/Component;)V java.desktop@21.0.4 (59 bytes) @ 0x0000000110160d5c [0x00000001101602e0+0x0000000000000a7c]
J 11163 c1 sun.lwawt.macosx.CAccessibility.invokeAndWait(Ljava/util/concurrent/Callable;Ljava/awt/Component;)Ljava/lang/Object; java.desktop@21.0.4 (7 bytes) @ 0x00000001102630cc [0x0000000110262ea0+0x000000000000022c]
j  sun.lwawt.macosx.CAccessibility.getChildrenAndRolesRecursive(Ljavax/accessibility/Accessible;Ljava/awt/Component;IZI)[Ljava/lang/Object;+20 java.desktop@21.0.4
v  ~StubRoutines::call_stub 0x0000000117425cc6
J 11171  sun.lwawt.macosx.LWCToolkit.doAWTRunLoopImpl(JZZ)V java.desktop@21.0.4 (0 bytes) @ 0x0000000117c81aff [0x0000000117c81aa0+0x000000000000005f]
J 10907 c1 sun.lwawt.macosx.LWCToolkit.invokeAndWait(Ljava/lang/Runnable;Ljava/awt/Component;)V java.desktop@21.0.4 (59 bytes) @ 0x0000000110160d5c [0x00000001101602e0+0x0000000000000a7c]
J 11163 c1 sun.lwawt.macosx.CAccessibility.invokeAndWait(Ljava/util/concurrent/Callable;Ljava/awt/Component;)Ljava/lang/Object; java.desktop@21.0.4 (7 bytes) @ 0x00000001102630cc [0x0000000110262ea0+0x000000000000022c]
j  sun.lwawt.macosx.CAccessibility.getChildrenAndRolesRecursive(Ljavax/accessibility/Accessible;Ljava/awt/Component;IZI)[Ljava/lang/Object;+20 java.desktop@21.0.4
v  ~StubRoutines::call_stub 0x0000000117425cc6
J 11171  sun.lwawt.macosx.LWCToolkit.doAWTRunLoopImpl(JZZ)V java.desktop@21.0.4 (0 bytes) @ 0x0000000117c81aff [0x0000000117c81aa0+0x000000000000005f]
J 10907 c1 sun.lwawt.macosx.LWCToolkit.invokeAndWait(Ljava/lang/Runnable;Ljava/awt/Component;)V java.desktop@21.0.4 (59 bytes) @ 0x0000000110160d5c [0x00000001101602e0+0x0000000000000a7c]
J 11163 c1 sun.lwawt.macosx.CAccessibility.invokeAndWait(Ljava/util/concurrent/Callable;Ljava/awt/Component;)Ljava/lang/Object; java.desktop@21.0.4 (7 bytes) @ 0x00000001102630cc [0x0000000110262ea0+0x000000000000022c]
j  sun.lwawt.macosx.CAccessibility.getChildrenAndRolesRecursive(Ljavax/accessibility/Accessible;Ljava/awt/Component;IZI)[Ljava/lang/Object;+20 java.desktop@21.0.4
v  ~StubRoutines::call_stub 0x0000000117425cc6
J 11171  sun.lwawt.macosx.LWCToolkit.doAWTRunLoopImpl(JZZ)V java.desktop@21.0.4 (0 bytes) @ 0x0000000117c81aff [0x0000000117c81aa0+0x000000000000005f]
J 10907 c1 sun.lwawt.macosx.LWCToolkit.invokeAndWait(Ljava/lang/Runnable;Ljava/awt/Component;)V java.desktop@21.0.4 (59 bytes) @ 0x0000000110160d5c [0x00000001101602e0+0x0000000000000a7c]
J 11163 c1 sun.lwawt.macosx.CAccessibility.invokeAndWait(Ljava/util/concurrent/Callable;Ljava/awt/Component;)Ljava/lang/Object; java.desktop@21.0.4 (7 bytes) @ 0x00000001102630cc [0x0000000110262ea0+0x000000000000022c]
j  sun.lwawt.macosx.CAccessibility.getChildrenAndRolesRecursive(Ljavax/accessibility/Accessible;Ljava/awt/Component;IZI)[Ljava/lang/Object;+20 java.desktop@21.0.4
v  ~StubRoutines::call_stub 0x0000000117425cc6
J 11171  sun.lwawt.macosx.LWCToolkit.doAWTRunLoopImpl(JZZ)V java.desktop@21.0.4 (0 bytes) @ 0x0000000117c81aff [0x0000000117c81aa0+0x000000000000005f]
J 10907 c1 sun.lwawt.macosx.LWCToolkit.invokeAndWait(Ljava/lang/Runnable;Ljava/awt/Component;)V java.desktop@21.0.4 (59 bytes) @ 0x0000000110160d5c [0x00000001101602e0+0x0000000000000a7c]
J 11163 c1 sun.lwawt.macosx.CAccessibility.invokeAndWait(Ljava/util/concurrent/Callable;Ljava/awt/Component;)Ljava/lang/Object; java.desktop@21.0.4 (7 bytes) @ 0x00000001102630cc [0x0000000110262ea0+0x000000000000022c]
j  sun.lwawt.macosx.CAccessibility.getChildrenAndRolesRecursive(Ljavax/accessibility/Accessible;Ljava/awt/Component;IZI)[Ljava/lang/Object;+20 java.desktop@21.0.4
v  ~StubRoutines::call_stub 0x0000000117425cc6
J 11171  sun.lwawt.macosx.LWCToolkit.doAWTRunLoopImpl(JZZ)V java.desktop@21.0.4 (0 bytes) @ 0x0000000117c81aff [0x0000000117c81aa0+0x000000000000005f]
J 10907 c1 sun.lwawt.macosx.LWCToolkit.invokeAndWait(Ljava/lang/Runnable;Ljava/awt/Component;)V java.desktop@21.0.4 (59 bytes) @ 0x0000000110160d5c [0x00000001101602e0+0x0000000000000a7c]
J 11163 c1 sun.lwawt.macosx.CAccessibility.invokeAndWait(Ljava/util/concurrent/Callable;Ljava/awt/Component;)Ljava/lang/Object; java.desktop@21.0.4 (7 bytes) @ 0x00000001102630cc [0x0000000110262ea0+0x000000000000022c]
j  sun.lwawt.macosx.CAccessibility.getChildrenAndRolesRecursive(Ljavax/accessibility/Accessible;Ljava/awt/Component;IZI)[Ljava/lang/Object;+20 java.desktop@21.0.4
v  ~StubRoutines::call_stub 0x0000000117425cc6
J 11171  sun.lwawt.macosx.LWCToolkit.doAWTRunLoopImpl(JZZ)V java.desktop@21.0.4 (0 bytes) @ 0x0000000117c81aff [0x0000000117c81aa0+0x000000000000005f]
J 10907 c1 sun.lwawt.macosx.LWCToolkit.invokeAndWait(Ljava/lang/Runnable;Ljava/awt/Component;)V java.desktop@21.0.4 (59 bytes) @ 0x0000000110160d5c [0x00000001101602e0+0x0000000000000a7c]
J 11163 c1 sun.lwawt.macosx.CAccessibility.invokeAndWait(Ljava/util/concurrent/Callable;Ljava/awt/Component;)Ljava/lang/Object; java.desktop@21.0.4 (7 bytes) @ 0x00000001102630cc [0x0000000110262ea0+0x000000000000022c]
j  sun.lwawt.macosx.CAccessibility.getChildrenAndRolesRecursive(Ljavax/accessibility/Accessible;Ljava/awt/Component;IZI)[Ljava/lang/Object;+20 java.desktop@21.0.4
v  ~StubRoutines::call_stub 0x0000000117425cc6
J 11171  sun.lwawt.macosx.LWCToolkit.doAWTRunLoopImpl(JZZ)V java.desktop@21.0.4 (0 bytes) @ 0x0000000117c81aff [0x0000000117c81aa0+0x000000000000005f]
J 10907 c1 sun.lwawt.macosx.LWCToolkit.invokeAndWait(Ljava/lang/Runnable;Ljava/awt/Component;)V java.desktop@21.0.4 (59 bytes) @ 0x0000000110160d5c [0x00000001101602e0+0x0000000000000a7c]
J 11163 c1 sun.lwawt.macosx.CAccessibility.invokeAndWait(Ljava/util/concurrent/Callable;Ljava/awt/Component;)Ljava/lang/Object; java.desktop@21.0.4 (7 bytes) @ 0x00000001102630cc [0x0000000110262ea0+0x000000000000022c]
j  sun.lwawt.macosx.CAccessibility.getChildrenAndRolesRecursive(Ljavax/accessibility/Accessible;Ljava/awt/Component;IZI)[Ljava/lang/Object;+20 java.desktop@21.0.4
v  ~StubRoutines::call_stub 0x0000000117425cc6
J 11171  sun.lwawt.macosx.LWCToolkit.doAWTRunLoopImpl(JZZ)V java.desktop@21.0.4 (0 bytes) @ 0x0000000117c81aff [0x0000000117c81aa0+0x000000000000005f]
J 10907 c1 sun.lwawt.macosx.LWCToolkit.invokeAndWait(Ljava/lang/Runnable;Ljava/awt/Component;)V java.desktop@21.0.4 (59 bytes) @ 0x0000000110160d5c [0x00000001101602e0+0x0000000000000a7c]
J 11163 c1 sun.lwawt.macosx.CAccessibility.invokeAndWait(Ljava/util/concurrent/Callable;Ljava/awt/Component;)Ljava/lang/Object; java.desktop@21.0.4 (7 bytes) @ 0x00000001102630cc [0x0000000110262ea0+0x000000000000022c]
j  sun.lwawt.macosx.CAccessibility.getChildrenAndRolesRecursive(Ljavax/accessibility/Accessible;Ljava/awt/Component;IZI)[Ljava/lang/Object;+20 java.desktop@21.0.4
v  ~StubRoutines::call_stub 0x0000000117425cc6
J 11171  sun.lwawt.macosx.LWCToolkit.doAWTRunLoopImpl(JZZ)V java.desktop@21.0.4 (0 bytes) @ 0x0000000117c81aff [0x0000000117c81aa0+0x000000000000005f]
J 10907 c1 sun.lwawt.macosx.LWCToolkit.invokeAndWait(Ljava/lang/Runnable;Ljava/awt/Component;)V java.desktop@21.0.4 (59 bytes) @ 0x0000000110160d5c [0x00000001101602e0+0x0000000000000a7c]
J 11163 c1 sun.lwawt.macosx.CAccessibility.invokeAndWait(Ljava/util/concurrent/Callable;Ljava/awt/Component;)Ljava/lang/Object; java.desktop@21.0.4 (7 bytes) @ 0x00000001102630cc [0x0000000110262ea0+0x000000000000022c]
j  sun.lwawt.macosx.CAccessibility.getChildrenAndRolesRecursive(Ljavax/accessibility/Accessible;Ljava/awt/Component;IZI)[Ljava/lang/Object;+20 java.desktop@21.0.4
v  ~StubRoutines::call_stub 0x0000000117425cc6
J 11171  sun.lwawt.macosx.LWCToolkit.doAWTRunLoopImpl(JZZ)V java.desktop@21.0.4 (0 bytes) @ 0x0000000117c81aff [0x0000000117c81aa0+0x000000000000005f]
J 10907 c1 sun.lwawt.macosx.LWCToolkit.invokeAndWait(Ljava/lang/Runnable;Ljava/awt/Component;)V java.desktop@21.0.4 (59 bytes) @ 0x0000000110160d5c [0x00000001101602e0+0x0000000000000a7c]
J 11163 c1 sun.lwawt.macosx.CAccessibility.invokeAndWait(Ljava/util/concurrent/Callable;Ljava/awt/Component;)Ljava/lang/Object; java.desktop@21.0.4 (7 bytes) @ 0x00000001102630cc [0x0000000110262ea0+0x000000000000022c]
j  sun.lwawt.macosx.CAccessibility.getChildrenAndRolesRecursive(Ljavax/accessibility/Accessible;Ljava/awt/Component;IZI)[Ljava/lang/Object;+20 java.desktop@21.0.4
v  ~StubRoutines::call_stub 0x0000000117425cc6
J 11171  sun.lwawt.macosx.LWCToolkit.doAWTRunLoopImpl(JZZ)V java.desktop@21.0.4 (0 bytes) @ 0x0000000117c81aff [0x0000000117c81aa0+0x000000000000005f]
J 10907 c1 sun.lwawt.macosx.LWCToolkit.invokeAndWait(Ljava/lang/Runnable;Ljava/awt/Component;)V java.desktop@21.0.4 (59 bytes) @ 0x0000000110160d5c [0x00000001101602e0+0x0000000000000a7c]
J 11163 c1 sun.lwawt.macosx.CAccessibility.invokeAndWait(Ljava/util/concurrent/Callable;Ljava/awt/Component;)Ljava/lang/Object; java.desktop@21.0.4 (7 bytes) @ 0x00000001102630cc [0x0000000110262ea0+0x000000000000022c]
j  sun.lwawt.macosx.CAccessibility.getChildrenAndRolesRecursive(Ljavax/accessibility/Accessible;Ljava/awt/Component;IZI)[Ljava/lang/Object;+20 java.desktop@21.0.4
v  ~StubRoutines::call_stub 0x0000000117425cc6
J 11171  sun.lwawt.macosx.LWCToolkit.doAWTRunLoopImpl(JZZ)V java.desktop@21.0.4 (0 bytes) @ 0x0000000117c81aff [0x0000000117c81aa0+0x000000000000005f]
J 10907 c1 sun.lwawt.macosx.LWCToolkit.invokeAndWait(Ljava/lang/Runnable;Ljava/awt/Component;)V java.desktop@21.0.4 (59 bytes) @ 0x0000000110160d5c [0x00000001101602e0+0x0000000000000a7c]
J 11163 c1 sun.lwawt.macosx.CAccessibility.invokeAndWait(Ljava/util/concurrent/Callable;Ljava/awt/Component;)Ljava/lang/Object; java.desktop@21.0.4 (7 bytes) @ 0x00000001102630cc [0x0000000110262ea0+0x000000000000022c]
j  sun.lwawt.macosx.CAccessibility.getChildrenAndRolesRecursive(Ljavax/accessibility/Accessible;Ljava/awt/Component;IZI)[Ljava/lang/Object;+20 java.desktop@21.0.4
v  ~StubRoutines::call_stub 0x0000000117425cc6
J 11171  sun.lwawt.macosx.LWCToolkit.doAWTRunLoopImpl(JZZ)V java.desktop@21.0.4 (0 bytes) @ 0x0000000117c81aff [0x0000000117c81aa0+0x000000000000005f]
J 10907 c1 sun.lwawt.macosx.LWCToolkit.invokeAndWait(Ljava/lang/Runnable;Ljava/awt/Component;)V java.desktop@21.0.4 (59 bytes) @ 0x0000000110160d5c [0x00000001101602e0+0x0000000000000a7c]
J 11163 c1 sun.lwawt.macosx.CAccessibility.invokeAndWait(Ljava/util/concurrent/Callable;Ljava/awt/Component;)Ljava/lang/Object; java.desktop@21.0.4 (7 bytes) @ 0x00000001102630cc [0x0000000110262ea0+0x000000000000022c]
j  sun.lwawt.macosx.CAccessibility.getChildrenAndRolesRecursive(Ljavax/accessibility/Accessible;Ljava/awt/Component;IZI)[Ljava/lang/Object;+20 java.desktop@21.0.4
v  ~StubRoutines::call_stub 0x0000000117425cc6
J 11171  sun.lwawt.macosx.LWCToolkit.doAWTRunLoopImpl(JZZ)V java.desktop@21.0.4 (0 bytes) @ 0x0000000117c81aff [0x0000000117c81aa0+0x000000000000005f]
J 10907 c1 sun.lwawt.macosx.LWCToolkit.invokeAndWait(Ljava/lang/Runnable;Ljava/awt/Component;)V java.desktop@21.0.4 (59 bytes) @ 0x0000000110160d5c [0x00000001101602e0+0x0000000000000a7c]
J 11163 c1 sun.lwawt.macosx.CAccessibility.invokeAndWait(Ljava/util/concurrent/Callable;Ljava/awt/Component;)Ljava/lang/Object; java.desktop@21.0.4 (7 bytes) @ 0x00000001102630cc [0x0000000110262ea0+0x000000000000022c]
j  sun.lwawt.macosx.CAccessibility.getChildrenAndRolesRecursive(Ljavax/accessibility/Accessible;Ljava/awt/Component;IZI)[Ljava/lang/Object;+20 java.desktop@21.0.4
v  ~StubRoutines::call_stub 0x0000000117425cc6
J 11171  sun.lwawt.macosx.LWCToolkit.doAWTRunLoopImpl(JZZ)V java.desktop@21.0.4 (0 bytes) @ 0x0000000117c81aff [0x0000000117c81aa0+0x000000000000005f]
J 10907 c1 sun.lwawt.macosx.LWCToolkit.invokeAndWait(Ljava/lang/Runnable;Ljava/awt/Component;)V java.desktop@21.0.4 (59 bytes) @ 0x0000000110160d5c [0x00000001101602e0+0x0000000000000a7c]
J 11163 c1 sun.lwawt.macosx.CAccessibility.invokeAndWait(Ljava/util/concurrent/Callable;Ljava/awt/Component;)Ljava/lang/Object; java.desktop@21.0.4 (7 bytes) @ 0x00000001102630cc [0x0000000110262ea0+0x000000000000022c]
j  sun.lwawt.macosx.CAccessibility.getChildrenAndRolesRecursive(Ljavax/accessibility/Accessible;Ljava/awt/Component;IZI)[Ljava/lang/Object;+20 java.desktop@21.0.4
v  ~StubRoutines::call_stub 0x0000000117425cc6
J 11171  sun.lwawt.macosx.LWCToolkit.doAWTRunLoopImpl(JZZ)V java.desktop@21.0.4 (0 bytes) @ 0x0000000117c81aff [0x0000000117c81aa0+0x000000000000005f]
J 10907 c1 sun.lwawt.macosx.LWCToolkit.invokeAndWait(Ljava/lang/Runnable;Ljava/awt/Component;)V java.desktop@21.0.4 (59 bytes) @ 0x0000000110160d5c [0x00000001101602e0+0x0000000000000a7c]
J 11163 c1 sun.lwawt.macosx.CAccessibility.invokeAndWait(Ljava/util/concurrent/Callable;Ljava/awt/Component;)Ljava/lang/Object; java.desktop@21.0.4 (7 bytes) @ 0x00000001102630cc [0x0000000110262ea0+0x000000000000022c]
j  sun.lwawt.macosx.CAccessibility.getChildrenAndRolesRecursive(Ljavax/accessibility/Accessible;Ljava/awt/Component;IZI)[Ljava/lang/Object;+20 java.desktop@21.0.4
v  ~StubRoutines::call_stub 0x0000000117425cc6
J 11171  sun.lwawt.macosx.LWCToolkit.doAWTRunLoopImpl(JZZ)V java.desktop@21.0.4 (0 bytes) @ 0x0000000117c81aff [0x0000000117c81aa0+0x000000000000005f]
J 10907 c1 sun.lwawt.macosx.LWCToolkit.invokeAndWait(Ljava/lang/Runnable;Ljava/awt/Component;)V java.desktop@21.0.4 (59 bytes) @ 0x0000000110160d5c [0x00000001101602e0+0x0000000000000a7c]
J 11163 c1 sun.lwawt.macosx.CAccessibility.invokeAndWait(Ljava/util/concurrent/Callable;Ljava/awt/Component;)Ljava/lang/Object; java.desktop@21.0.4 (7 bytes) @ 0x00000001102630cc [0x0000000110262ea0+0x000000000000022c]
j  sun.lwawt.macosx.CAccessibility.getChildrenAndRolesRecursive(Ljavax/accessibility/Accessible;Ljava/awt/Component;IZI)[Ljava/lang/Object;+20 java.desktop@21.0.4
v  ~StubRoutines::call_stub 0x0000000117425cc6
J 11171  sun.lwawt.macosx.LWCToolkit.doAWTRunLoopImpl(JZZ)V java.desktop@21.0.4 (0 bytes) @ 0x0000000117c81aff [0x0000000117c81aa0+0x000000000000005f]
J 10907 c1 sun.lwawt.macosx.LWCToolkit.invokeAndWait(Ljava/lang/Runnable;Ljava/awt/Component;)V java.desktop@21.0.4 (59 bytes) @ 0x0000000110160d5c [0x00000001101602e0+0x0000000000000a7c]
J 11163 c1 sun.lwawt.macosx.CAccessibility.invokeAndWait(Ljava/util/concurrent/Callable;Ljava/awt/Component;)Ljava/lang/Object; java.desktop@21.0.4 (7 bytes) @ 0x00000001102630cc [0x0000000110262ea0+0x000000000000022c]
j  sun.lwawt.macosx.CAccessibility.getChildrenAndRolesRecursive(Ljavax/accessibility/Accessible;Ljava/awt/Component;IZI)[Ljava/lang/Object;+20 java.desktop@21.0.4
v  ~StubRoutines::call_stub 0x0000000117425cc6
J 11171  sun.lwawt.macosx.LWCToolkit.doAWTRunLoopImpl(JZZ)V java.desktop@21.0.4 (0 bytes) @ 0x0000000117c81aff [0x0000000117c81aa0+0x000000000000005f]
J 10907 c1 sun.lwawt.macosx.LWCToolkit.invokeAndWait(Ljava/lang/Runnable;Ljava/awt/Component;)V java.desktop@21.0.4 (59 bytes) @ 0x0000000110160d5c [0x00000001101602e0+0x0000000000000a7c]
J 11163 c1 sun.lwawt.macosx.CAccessibility.invokeAndWait(Ljava/util/concurrent/Callable;Ljava/awt/Component;)Ljava/lang/Object; java.desktop@21.0.4 (7 bytes) @ 0x00000001102630cc [0x0000000110262ea0+0x000000000000022c]
j  sun.lwawt.macosx.CAccessibility.getChildrenAndRolesRecursive(Ljavax/accessibility/Accessible;Ljava/awt/Component;IZI)[Ljava/lang/Object;+20 java.desktop@21.0.4
v  ~StubRoutines::call_stub 0x0000000117425cc6
J 11171  sun.lwawt.macosx.LWCToolkit.doAWTRunLoopImpl(JZZ)V java.desktop@21.0.4 (0 bytes) @ 0x0000000117c81aff [0x0000000117c81aa0+0x000000000000005f]
J 10907 c1 sun.lwawt.macosx.LWCToolkit.invokeAndWait(Ljava/lang/Runnable;Ljava/awt/Component;)V java.desktop@21.0.4 (59 bytes) @ 0x0000000110160d5c [0x00000001101602e0+0x0000000000000a7c]
J 11163 c1 sun.lwawt.macosx.CAccessibility.invokeAndWait(Ljava/util/concurrent/Callable;Ljava/awt/Component;)Ljava/lang/Object; java.desktop@21.0.4 (7 bytes) @ 0x00000001102630cc [0x0000000110262ea0+0x000000000000022c]
j  sun.lwawt.macosx.CAccessibility.getChildrenAndRolesRecursive(Ljavax/accessibility/Accessible;Ljava/awt/Component;IZI)[Ljava/lang/Object;+20 java.desktop@21.0.4
v  ~StubRoutines::call_stub 0x0000000117425cc6
J 11171  sun.lwawt.macosx.LWCToolkit.doAWTRunLoopImpl(JZZ)V java.desktop@21.0.4 (0 bytes) @ 0x0000000117c81aff [0x0000000117c81aa0+0x000000000000005f]
J 10907 c1 sun.lwawt.macosx.LWCToolkit.invokeAndWait(Ljava/lang/Runnable;Ljava/awt/Component;)V java.desktop@21.0.4 (59 bytes) @ 0x0000000110160d5c [0x00000001101602e0+0x0000000000000a7c]
J 11163 c1 sun.lwawt.macosx.CAccessibility.invokeAndWait(Ljava/util/concurrent/Callable;Ljava/awt/Component;)Ljava/lang/Object; java.desktop@21.0.4 (7 bytes) @ 0x00000001102630cc [0x0000000110262ea0+0x000000000000022c]
j  sun.lwawt.macosx.CAccessibility.getChildrenAndRolesRecursive(Ljavax/accessibility/Accessible;Ljava/awt/Component;IZI)[Ljava/lang/Object;+20 java.desktop@21.0.4
v  ~StubRoutines::call_stub 0x0000000117425cc6
J 11171  sun.lwawt.macosx.LWCToolkit.doAWTRunLoopImpl(JZZ)V java.desktop@21.0.4 (0 bytes) @ 0x0000000117c81aff [0x0000000117c81aa0+0x000000000000005f]
J 10907 c1 sun.lwawt.macosx.LWCToolkit.invokeAndWait(Ljava/lang/Runnable;Ljava/awt/Component;)V java.desktop@21.0.4 (59 bytes) @ 0x0000000110160d5c [0x00000001101602e0+0x0000000000000a7c]
J 11163 c1 sun.lwawt.macosx.CAccessibility.invokeAndWait(Ljava/util/concurrent/Callable;Ljava/awt/Component;)Ljava/lang/Object; java.desktop@21.0.4 (7 bytes) @ 0x00000001102630cc [0x0000000110262ea0+0x000000000000022c]
j  sun.lwawt.macosx.CAccessibility.getChildrenAndRolesRecursive(Ljavax/accessibility/Accessible;Ljava/awt/Component;IZI)[Ljava/lang/Object;+20 java.desktop@21.0.4
v  ~StubRoutines::call_stub 0x0000000117425cc6
J 11171  sun.lwawt.macosx.LWCToolkit.doAWTRunLoopImpl(JZZ)V java.desktop@21.0.4 (0 bytes) @ 0x0000000117c81aff [0x0000000117c81aa0+0x000000000000005f]
J 10907 c1 sun.lwawt.macosx.LWCToolkit.invokeAndWait(Ljava/lang/Runnable;Ljava/awt/Component;)V java.desktop@21.0.4 (59 bytes) @ 0x0000000110160d5c [0x00000001101602e0+0x0000000000000a7c]
J 11163 c1 sun.lwawt.macosx.CAccessibility.invokeAndWait(Ljava/util/concurrent/Callable;Ljava/awt/Component;)Ljava/lang/Object; java.desktop@21.0.4 (7 bytes) @ 0x00000001102630cc [0x0000000110262ea0+0x000000000000022c]
j  sun.lwawt.macosx.CAccessibility.getChildrenAndRolesRecursive(Ljavax/accessibility/Accessible;Ljava/awt/Component;IZI)[Ljava/lang/Object;+20 java.desktop@21.0.4
v  ~StubRoutines::call_stub 0x0000000117425cc6
J 11171  sun.lwawt.macosx.LWCToolkit.doAWTRunLoopImpl(JZZ)V java.desktop@21.0.4 (0 bytes) @ 0x0000000117c81aff [0x0000000117c81aa0+0x000000000000005f]
J 10907 c1 sun.lwawt.macosx.LWCToolkit.invokeAndWait(Ljava/lang/Runnable;Ljava/awt/Component;)V java.desktop@21.0.4 (59 bytes) @ 0x0000000110160d5c [0x00000001101602e0+0x0000000000000a7c]
J 11163 c1 sun.lwawt.macosx.CAccessibility.invokeAndWait(Ljava/util/concurrent/Callable;Ljava/awt/Component;)Ljava/lang/Object; java.desktop@21.0.4 (7 bytes) @ 0x00000001102630cc [0x0000000110262ea0+0x000000000000022c]
j  sun.lwawt.macosx.CAccessibility.getChildrenAndRolesRecursive(Ljavax/accessibility/Accessible;Ljava/awt/Component;IZI)[Ljava/lang/Object;+20 java.desktop@21.0.4
v  ~StubRoutines::call_stub 0x0000000117425cc6
J 11171  sun.lwawt.macosx.LWCToolkit.doAWTRunLoopImpl(JZZ)V java.desktop@21.0.4 (0 bytes) @ 0x0000000117c81aff [0x0000000117c81aa0+0x000000000000005f]
J 10907 c1 sun.lwawt.macosx.LWCToolkit.invokeAndWait(Ljava/lang/Runnable;Ljava/awt/Component;)V java.desktop@21.0.4 (59 bytes) @ 0x0000000110160d5c [0x00000001101602e0+0x0000000000000a7c]
J 11163 c1 sun.lwawt.macosx.CAccessibility.invokeAndWait(Ljava/util/concurrent/Callable;Ljava/awt/Component;)Ljava/lang/Object; java.desktop@21.0.4 (7 bytes) @ 0x00000001102630cc [0x0000000110262ea0+0x000000000000022c]
j  sun.lwawt.macosx.CAccessibility.getChildrenAndRolesRecursive(Ljavax/accessibility/Accessible;Ljava/awt/Component;IZI)[Ljava/lang/Object;+20 java.desktop@21.0.4
v  ~StubRoutines::call_stub 0x0000000117425cc6
J 11171  sun.lwawt.macosx.LWCToolkit.doAWTRunLoopImpl(JZZ)V java.desktop@21.0.4 (0 bytes) @ 0x0000000117c81aff [0x0000000117c81aa0+0x000000000000005f]
J 10907 c1 sun.lwawt.macosx.LWCToolkit.invokeAndWait(Ljava/lang/Runnable;Ljava/awt/Component;)V java.desktop@21.0.4 (59 bytes) @ 0x0000000110160d5c [0x00000001101602e0+0x0000000000000a7c]
J 11163 c1 sun.lwawt.macosx.CAccessibility.invokeAndWait(Ljava/util/concurrent/Callable;Ljava/awt/Component;)Ljava/lang/Object; java.desktop@21.0.4 (7 bytes) @ 0x00000001102630cc [0x0000000110262ea0+0x000000000000022c]
j  sun.lwawt.macosx.CAccessibility.getChildrenAndRolesRecursive(Ljavax/accessibility/Accessible;Ljava/awt/Component;IZI)[Ljava/lang/Object;+20 java.desktop@21.0.4
v  ~StubRoutines::call_stub 0x0000000117425cc6
J 11171  sun.lwawt.macosx.LWCToolkit.doAWTRunLoopImpl(JZZ)V java.desktop@21.0.4 (0 bytes) @ 0x0000000117c81aff [0x0000000117c81aa0+0x000000000000005f]
J 10907 c1 sun.lwawt.macosx.LWCToolkit.invokeAndWait(Ljava/lang/Runnable;Ljava/awt/Component;)V java.desktop@21.0.4 (59 bytes) @ 0x0000000110160d5c [0x00000001101602e0+0x0000000000000a7c]
J 11163 c1 sun.lwawt.macosx.CAccessibility.invokeAndWait(Ljava/util/concurrent/Callable;Ljava/awt/Component;)Ljava/lang/Object; java.desktop@21.0.4 (7 bytes) @ 0x00000001102630cc [0x0000000110262ea0+0x000000000000022c]
j  sun.lwawt.macosx.CAccessibility.getChildrenAndRolesRecursive(Ljavax/accessibility/Accessible;Ljava/awt/Component;IZI)[Ljava/lang/Object;+20 java.desktop@21.0.4
v  ~StubRoutines::call_stub 0x0000000117425cc6
J 11171  sun.lwawt.macosx.LWCToolkit.doAWTRunLoopImpl(JZZ)V java.desktop@21.0.4 (0 bytes) @ 0x0000000117c81aff [0x0000000117c81aa0+0x000000000000005f]
J 10907 c1 sun.lwawt.macosx.LWCToolkit.invokeAndWait(Ljava/lang/Runnable;Ljava/awt/Component;)V java.desktop@21.0.4 (59 bytes) @ 0x0000000110160d5c [0x00000001101602e0+0x0000000000000a7c]
J 11163 c1 sun.lwawt.macosx.CAccessibility.invokeAndWait(Ljava/util/concurrent/Callable;Ljava/awt/Component;)Ljava/lang/Object; java.desktop@21.0.4 (7 bytes) @ 0x00000001102630cc [0x0000000110262ea0+0x000000000000022c]
j  sun.lwawt.macosx.CAccessibility.getChildrenAndRolesRecursive(Ljavax/accessibility/Accessible;Ljava/awt/Component;IZI)[Ljava/lang/Object;+20 java.desktop@21.0.4
v  ~StubRoutines::call_stub 0x0000000117425cc6
J 11171  sun.lwawt.macosx.LWCToolkit.doAWTRunLoopImpl(JZZ)V java.desktop@21.0.4 (0 bytes) @ 0x0000000117c81aff [0x0000000117c81aa0+0x000000000000005f]
J 10907 c1 sun.lwawt.macosx.LWCToolkit.invokeAndWait(Ljava/lang/Runnable;Ljava/awt/Component;)V java.desktop@21.0.4 (59 bytes) @ 0x0000000110160d5c [0x00000001101602e0+0x0000000000000a7c]
J 11163 c1 sun.lwawt.macosx.CAccessibility.invokeAndWait(Ljava/util/concurrent/Callable;Ljava/awt/Component;)Ljava/lang/Object; java.desktop@21.0.4 (7 bytes) @ 0x00000001102630cc [0x0000000110262ea0+0x000000000000022c]
j  sun.lwawt.macosx.CAccessibility.getChildrenAndRolesRecursive(Ljavax/accessibility/Accessible;Ljava/awt/Component;IZI)[Ljava/lang/Object;+20 java.desktop@21.0.4
v  ~StubRoutines::call_stub 0x0000000117425cc6
J 11171  sun.lwawt.macosx.LWCToolkit.doAWTRunLoopImpl(JZZ)V java.desktop@21.0.4 (0 bytes) @ 0x0000000117c81aff [0x0000000117c81aa0+0x000000000000005f]
J 10907 c1 sun.lwawt.macosx.LWCToolkit.invokeAndWait(Ljava/lang/Runnable;Ljava/awt/Component;)V java.desktop@21.0.4 (59 bytes) @ 0x0000000110160d5c [0x00000001101602e0+0x0000000000000a7c]
J 11163 c1 sun.lwawt.macosx.CAccessibility.invokeAndWait(Ljava/util/concurrent/Callable;Ljava/awt/Component;)Ljava/lang/Object; java.desktop@21.0.4 (7 bytes) @ 0x00000001102630cc [0x0000000110262ea0+0x000000000000022c]
j  sun.lwawt.macosx.CAccessibility.getChildrenAndRolesRecursive(Ljavax/accessibility/Accessible;Ljava/awt/Component;IZI)[Ljava/lang/Object;+20 java.desktop@21.0.4
v  ~StubRoutines::call_stub 0x0000000117425cc6
J 11171  sun.lwawt.macosx.LWCToolkit.doAWTRunLoopImpl(JZZ)V java.desktop@21.0.4 (0 bytes) @ 0x0000000117c81aff [0x0000000117c81aa0+0x000000000000005f]
J 10907 c1 sun.lwawt.macosx.LWCToolkit.invokeAndWait(Ljava/lang/Runnable;Ljava/awt/Component;)V java.desktop@21.0.4 (59 bytes) @ 0x0000000110160d5c [0x00000001101602e0+0x0000000000000a7c]
J 11163 c1 sun.lwawt.macosx.CAccessibility.invokeAndWait(Ljava/util/concurrent/Callable;Ljava/awt/Component;)Ljava/lang/Object; java.desktop@21.0.4 (7 bytes) @ 0x00000001102630cc [0x0000000110262ea0+0x000000000000022c]
j  sun.lwawt.macosx.CAccessibility.getChildrenAndRolesRecursive(Ljavax/accessibility/Accessible;Ljava/awt/Component;IZI)[Ljava/lang/Object;+20 java.desktop@21.0.4
v  ~StubRoutines::call_stub 0x0000000117425cc6
J 11171  sun.lwawt.macosx.LWCToolkit.doAWTRunLoopImpl(JZZ)V java.desktop@21.0.4 (0 bytes) @ 0x0000000117c81aff [0x0000000117c81aa0+0x000000000000005f]
J 10907 c1 sun.lwawt.macosx.LWCToolkit.invokeAndWait(Ljava/lang/Runnable;Ljava/awt/Component;)V java.desktop@21.0.4 (59 bytes) @ 0x0000000110160d5c [0x00000001101602e0+0x0000000000000a7c]
J 11163 c1 sun.lwawt.macosx.CAccessibility.invokeAndWait(Ljava/util/concurrent/Callable;Ljava/awt/Component;)Ljava/lang/Object; java.desktop@21.0.4 (7 bytes) @ 0x00000001102630cc [0x0000000110262ea0+0x000000000000022c]
j  sun.lwawt.macosx.CAccessibility.getChildrenAndRolesRecursive(Ljavax/accessibility/Accessible;Ljava/awt/Component;IZI)[Ljava/lang/Object;+20 java.desktop@21.0.4
v  ~StubRoutines::call_stub 0x0000000117425cc6
J 11171  sun.lwawt.macosx.LWCToolkit.doAWTRunLoopImpl(JZZ)V java.desktop@21.0.4 (0 bytes) @ 0x0000000117c81aff [0x0000000117c81aa0+0x000000000000005f]
J 10907 c1 sun.lwawt.macosx.LWCToolkit.invokeAndWait(Ljava/lang/Runnable;Ljava/awt/Component;)V java.desktop@21.0.4 (59 bytes) @ 0x0000000110160d5c [0x00000001101602e0+0x0000000000000a7c]
J 11163 c1 sun.lwawt.macosx.CAccessibility.invokeAndWait(Ljava/util/concurrent/Callable;Ljava/awt/Component;)Ljava/lang/Object; java.desktop@21.0.4 (7 bytes) @ 0x00000001102630cc [0x0000000110262ea0+0x000000000000022c]
j  sun.lwawt.macosx.CAccessibility.getChildrenAndRolesRecursive(Ljavax/accessibility/Accessible;Ljava/awt/Component;IZI)[Ljava/lang/Object;+20 java.desktop@21.0.4
v  ~StubRoutines::call_stub 0x0000000117425cc6
J 11171  sun.lwawt.macosx.LWCToolkit.doAWTRunLoopImpl(JZZ)V java.desktop@21.0.4 (0 bytes) @ 0x0000000117c81aff [0x0000000117c81aa0+0x000000000000005f]
J 10907 c1 sun.lwawt.macosx.LWCToolkit.invokeAndWait(Ljava/lang/Runnable;Ljava/awt/Component;)V java.desktop@21.0.4 (59 bytes) @ 0x0000000110160d5c [0x00000001101602e0+0x0000000000000a7c]
J 11163 c1 sun.lwawt.macosx.CAccessibility.invokeAndWait(Ljava/util/concurrent/Callable;Ljava/awt/Component;)Ljava/lang/Object; java.desktop@21.0.4 (7 bytes) @ 0x00000001102630cc [0x0000000110262ea0+0x000000000000022c]
j  sun.lwawt.macosx.CAccessibility.getChildrenAndRolesRecursive(Ljavax/accessibility/Accessible;Ljava/awt/Component;IZI)[Ljava/lang/Object;+20 java.desktop@21.0.4
v  ~StubRoutines::call_stub 0x0000000117425cc6
J 11171  sun.lwawt.macosx.LWCToolkit.doAWTRunLoopImpl(JZZ)V java.desktop@21.0.4 (0 bytes) @ 0x0000000117c81aff [0x0000000117c81aa0+0x000000000000005f]
J 10907 c1 sun.lwawt.macosx.LWCToolkit.invokeAndWait(Ljava/lang/Runnable;Ljava/awt/Component;)V java.desktop@21.0.4 (59 bytes) @ 0x0000000110160d5c [0x00000001101602e0+0x0000000000000a7c]
J 11163 c1 sun.lwawt.macosx.CAccessibility.invokeAndWait(Ljava/util/concurrent/Callable;Ljava/awt/Component;)Ljava/lang/Object; java.desktop@21.0.4 (7 bytes) @ 0x00000001102630cc [0x0000000110262ea0+0x000000000000022c]
j  sun.lwawt.macosx.CAccessibility.getChildrenAndRolesRecursive(Ljavax/accessibility/Accessible;Ljava/awt/Component;IZI)[Ljava/lang/Object;+20 java.desktop@21.0.4
v  ~StubRoutines::call_stub 0x0000000117425cc6
J 11171  sun.lwawt.macosx.LWCToolkit.doAWTRunLoopImpl(JZZ)V java.desktop@21.0.4 (0 bytes) @ 0x0000000117c81aff [0x0000000117c81aa0+0x000000000000005f]
J 10907 c1 sun.lwawt.macosx.LWCToolkit.invokeAndWait(Ljava/lang/Runnable;Ljava/awt/Component;)V java.desktop@21.0.4 (59 bytes) @ 0x0000000110160d5c [0x00000001101602e0+0x0000000000000a7c]
J 11163 c1 sun.lwawt.macosx.CAccessibility.invokeAndWait(Ljava/util/concurrent/Callable;Ljava/awt/Component;)Ljava/lang/Object; java.desktop@21.0.4 (7 bytes) @ 0x00000001102630cc [0x0000000110262ea0+0x000000000000022c]
j  sun.lwawt.macosx.CAccessibility.getChildrenAndRolesRecursive(Ljavax/accessibility/Accessible;Ljava/awt/Component;IZI)[Ljava/lang/Object;+20 java.desktop@21.0.4
v  ~StubRoutines::call_stub 0x0000000117425cc6
J 11171  sun.lwawt.macosx.LWCToolkit.doAWTRunLoopImpl(JZZ)V java.desktop@21.0.4 (0 bytes) @ 0x0000000117c81aff [0x0000000117c81aa0+0x000000000000005f]
J 10907 c1 sun.lwawt.macosx.LWCToolkit.invokeAndWait(Ljava/lang/Runnable;Ljava/awt/Component;)V java.desktop@21.0.4 (59 bytes) @ 0x0000000110160d5c [0x00000001101602e0+0x0000000000000a7c]
J 11163 c1 sun.lwawt.macosx.CAccessibility.invokeAndWait(Ljava/util/concurrent/Callable;Ljava/awt/Component;)Ljava/lang/Object; java.desktop@21.0.4 (7 bytes) @ 0x00000001102630cc [0x0000000110262ea0+0x000000000000022c]
j  sun.lwawt.macosx.CAccessibility.getChildrenAndRolesRecursive(Ljavax/accessibility/Accessible;Ljava/awt/Component;IZI)[Ljava/lang/Object;+20 java.desktop@21.0.4
v  ~StubRoutines::call_stub 0x0000000117425cc6
J 11171  sun.lwawt.macosx.LWCToolkit.doAWTRunLoopImpl(JZZ)V java.desktop@21.0.4 (0 bytes) @ 0x0000000117c81aff [0x0000000117c81aa0+0x000000000000005f]
J 10907 c1 sun.lwawt.macosx.LWCToolkit.invokeAndWait(Ljava/lang/Runnable;Ljava/awt/Component;)V java.desktop@21.0.4 (59 bytes) @ 0x0000000110160d5c [0x00000001101602e0+0x0000000000000a7c]
J 11163 c1 sun.lwawt.macosx.CAccessibility.invokeAndWait(Ljava/util/concurrent/Callable;Ljava/awt/Component;)Ljava/lang/Object; java.desktop@21.0.4 (7 bytes) @ 0x00000001102630cc [0x0000000110262ea0+0x000000000000022c]
j  sun.lwawt.macosx.CAccessibility.getChildrenAndRolesRecursive(Ljavax/accessibility/Accessible;Ljava/awt/Component;IZI)[Ljava/lang/Object;+20 java.desktop@21.0.4
v  ~StubRoutines::call_stub 0x0000000117425cc6
J 11171  sun.lwawt.macosx.LWCToolkit.doAWTRunLoopImpl(JZZ)V java.desktop@21.0.4 (0 bytes) @ 0x0000000117c81aff [0x0000000117c81aa0+0x000000000000005f]
J 10907 c1 sun.lwawt.macosx.LWCToolkit.invokeAndWait(Ljava/lang/Runnable;Ljava/awt/Component;)V java.desktop@21.0.4 (59 bytes) @ 0x0000000110160d5c [0x00000001101602e0+0x0000000000000a7c]
J 11163 c1 sun.lwawt.macosx.CAccessibility.invokeAndWait(Ljava/util/concurrent/Callable;Ljava/awt/Component;)Ljava/lang/Object; java.desktop@21.0.4 (7 bytes) @ 0x00000001102630cc [0x0000000110262ea0+0x000000000000022c]
j  sun.lwawt.macosx.CAccessibility.getChildrenAndRolesRecursive(Ljavax/accessibility/Accessible;Ljava/awt/Component;IZI)[Ljava/lang/Object;+20 java.desktop@21.0.4
v  ~StubRoutines::call_stub 0x0000000117425cc6
J 11171  sun.lwawt.macosx.LWCToolkit.doAWTRunLoopImpl(JZZ)V java.desktop@21.0.4 (0 bytes) @ 0x0000000117c81aff [0x0000000117c81aa0+0x000000000000005f]
J 10907 c1 sun.lwawt.macosx.LWCToolkit.invokeAndWait(Ljava/lang/Runnable;Ljava/awt/Component;)V java.desktop@21.0.4 (59 bytes) @ 0x0000000110160d5c [0x00000001101602e0+0x0000000000000a7c]
J 11163 c1 sun.lwawt.macosx.CAccessibility.invokeAndWait(Ljava/util/concurrent/Callable;Ljava/awt/Component;)Ljava/lang/Object; java.desktop@21.0.4 (7 bytes) @ 0x00000001102630cc [0x0000000110262ea0+0x000000000000022c]
j  sun.lwawt.macosx.CAccessibility.getChildrenAndRolesRecursive(Ljavax/accessibility/Accessible;Ljava/awt/Component;IZI)[Ljava/lang/Object;+20 java.desktop@21.0.4
v  ~StubRoutines::call_stub 0x0000000117425cc6
J 11171  sun.lwawt.macosx.LWCToolkit.doAWTRunLoopImpl(JZZ)V java.desktop@21.0.4 (0 bytes) @ 0x0000000117c81aff [0x0000000117c81aa0+0x000000000000005f]
J 10907 c1 sun.lwawt.macosx.LWCToolkit.invokeAndWait(Ljava/lang/Runnable;Ljava/awt/Component;)V java.desktop@21.0.4 (59 bytes) @ 0x0000000110160d5c [0x00000001101602e0+0x0000000000000a7c]
J 11163 c1 sun.lwawt.macosx.CAccessibility.invokeAndWait(Ljava/util/concurrent/Callable;Ljava/awt/Component;)Ljava/lang/Object; java.desktop@21.0.4 (7 bytes) @ 0x00000001102630cc [0x0000000110262ea0+0x000000000000022c]
j  sun.lwawt.macosx.CAccessibility.getChildrenAndRolesRecursive(Ljavax/accessibility/Accessible;Ljava/awt/Component;IZI)[Ljava/lang/Object;+20 java.desktop@21.0.4
v  ~StubRoutines::call_stub 0x0000000117425cc6
J 11171  sun.lwawt.macosx.LWCToolkit.doAWTRunLoopImpl(JZZ)V java.desktop@21.0.4 (0 bytes) @ 0x0000000117c81aff [0x0000000117c81aa0+0x000000000000005f]
J 10907 c1 sun.lwawt.macosx.LWCToolkit.invokeAndWait(Ljava/lang/Runnable;Ljava/awt/Component;)V java.desktop@21.0.4 (59 bytes) @ 0x0000000110160d5c [0x00000001101602e0+0x0000000000000a7c]
J 11163 c1 sun.lwawt.macosx.CAccessibility.invokeAndWait(Ljava/util/concurrent/Callable;Ljava/awt/Component;)Ljava/lang/Object; java.desktop@21.0.4 (7 bytes) @ 0x00000001102630cc [0x0000000110262ea0+0x000000000000022c]
j  sun.lwawt.macosx.CAccessibility.getChildrenAndRolesRecursive(Ljavax/accessibility/Accessible;Ljava/awt/Component;IZI)[Ljava/lang/Object;+20 java.desktop@21.0.4
v  ~StubRoutines::call_stub 0x0000000117425cc6
J 11171  sun.lwawt.macosx.LWCToolkit.doAWTRunLoopImpl(JZZ)V java.desktop@21.0.4 (0 bytes) @ 0x0000000117c81aff [0x0000000117c81aa0+0x000000000000005f]
J 10907 c1 sun.lwawt.macosx.LWCToolkit.invokeAndWait(Ljava/lang/Runnable;Ljava/awt/Component;)V java.desktop@21.0.4 (59 bytes) @ 0x0000000110160d5c [0x00000001101602e0+0x0000000000000a7c]
J 11163 c1 sun.lwawt.macosx.CAccessibility.invokeAndWait(Ljava/util/concurrent/Callable;Ljava/awt/Component;)Ljava/lang/Object; java.desktop@21.0.4 (7 bytes) @ 0x00000001102630cc [0x0000000110262ea0+0x000000000000022c]
j  sun.lwawt.macosx.CAccessibility.getChildrenAndRolesRecursive(Ljavax/accessibility/Accessible;Ljava/awt/Component;IZI)[Ljava/lang/Object;+20 java.desktop@21.0.4
v  ~StubRoutines::call_stub 0x0000000117425cc6
J 11171  sun.lwawt.macosx.LWCToolkit.doAWTRunLoopImpl(JZZ)V java.desktop@21.0.4 (0 bytes) @ 0x0000000117c81aff [0x0000000117c81aa0+0x000000000000005f]
J 10907 c1 sun.lwawt.macosx.LWCToolkit.invokeAndWait(Ljava/lang/Runnable;Ljava/awt/Component;)V java.desktop@21.0.4 (59 bytes) @ 0x0000000110160d5c [0x00000001101602e0+0x0000000000000a7c]
J 11163 c1 sun.lwawt.macosx.CAccessibility.invokeAndWait(Ljava/util/concurrent/Callable;Ljava/awt/Component;)Ljava/lang/Object; java.desktop@21.0.4 (7 bytes) @ 0x00000001102630cc [0x0000000110262ea0+0x000000000000022c]
j  sun.lwawt.macosx.CAccessibility.getChildrenAndRolesRecursive(Ljavax/accessibility/Accessible;Ljava/awt/Component;IZI)[Ljava/lang/Object;+20 java.desktop@21.0.4
v  ~StubRoutines::call_stub 0x0000000117425cc6
J 11171  sun.lwawt.macosx.LWCToolkit.doAWTRunLoopImpl(JZZ)V java.desktop@21.0.4 (0 bytes) @ 0x0000000117c81aff [0x0000000117c81aa0+0x000000000000005f]
J 10907 c1 sun.lwawt.macosx.LWCToolkit.invokeAndWait(Ljava/lang/Runnable;Ljava/awt/Component;)V java.desktop@21.0.4 (59 bytes) @ 0x0000000110160d5c [0x00000001101602e0+0x0000000000000a7c]
J 11163 c1 sun.lwawt.macosx.CAccessibility.invokeAndWait(Ljava/util/concurrent/Callable;Ljava/awt/Component;)Ljava/lang/Object; java.desktop@21.0.4 (7 bytes) @ 0x00000001102630cc [0x0000000110262ea0+0x000000000000022c]
j  sun.lwawt.macosx.CAccessibility.getChildrenAndRolesRecursive(Ljavax/accessibility/Accessible;Ljava/awt/Component;IZI)[Ljava/lang/Object;+20 java.desktop@21.0.4
v  ~StubRoutines::call_stub 0x0000000117425cc6
J 11171  sun.lwawt.macosx.LWCToolkit.doAWTRunLoopImpl(JZZ)V java.desktop@21.0.4 (0 bytes) @ 0x0000000117c81aff [0x0000000117c81aa0+0x000000000000005f]
J 10907 c1 sun.lwawt.macosx.LWCToolkit.invokeAndWait(Ljava/lang/Runnable;Ljava/awt/Component;)V java.desktop@21.0.4 (59 bytes) @ 0x0000000110160d5c [0x00000001101602e0+0x0000000000000a7c]
J 11163 c1 sun.lwawt.macosx.CAccessibility.invokeAndWait(Ljava/util/concurrent/Callable;Ljava/awt/Component;)Ljava/lang/Object; java.desktop@21.0.4 (7 bytes) @ 0x00000001102630cc [0x0000000110262ea0+0x000000000000022c]
j  sun.lwawt.macosx.CAccessibility.getChildrenAndRolesRecursive(Ljavax/accessibility/Accessible;Ljava/awt/Component;IZI)[Ljava/lang/Object;+20 java.desktop@21.0.4
v  ~StubRoutines::call_stub 0x0000000117425cc6
J 11171  sun.lwawt.macosx.LWCToolkit.doAWTRunLoopImpl(JZZ)V java.desktop@21.0.4 (0 bytes) @ 0x0000000117c81aff [0x0000000117c81aa0+0x000000000000005f]
J 10907 c1 sun.lwawt.macosx.LWCToolkit.invokeAndWait(Ljava/lang/Runnable;Ljava/awt/Component;)V java.desktop@21.0.4 (59 bytes) @ 0x0000000110160d5c [0x00000001101602e0+0x0000000000000a7c]
J 11163 c1 sun.lwawt.macosx.CAccessibility.invokeAndWait(Ljava/util/concurrent/Callable;Ljava/awt/Component;)Ljava/lang/Object; java.desktop@21.0.4 (7 bytes) @ 0x00000001102630cc [0x0000000110262ea0+0x000000000000022c]
j  sun.lwawt.macosx.CAccessibility.getChildrenAndRolesRecursive(Ljavax/accessibility/Accessible;Ljava/awt/Component;IZI)[Ljava/lang/Object;+20 java.desktop@21.0.4
v  ~StubRoutines::call_stub 0x0000000117425cc6
J 11171  sun.lwawt.macosx.LWCToolkit.doAWTRunLoopImpl(JZZ)V java.desktop@21.0.4 (0 bytes) @ 0x0000000117c81aff [0x0000000117c81aa0+0x000000000000005f]
J 10907 c1 sun.lwawt.macosx.LWCToolkit.invokeAndWait(Ljava/lang/Runnable;Ljava/awt/Component;)V java.desktop@21.0.4 (59 bytes) @ 0x0000000110160d5c [0x00000001101602e0+0x0000000000000a7c]
J 11163 c1 sun.lwawt.macosx.CAccessibility.invokeAndWait(Ljava/util/concurrent/Callable;Ljava/awt/Component;)Ljava/lang/Object; java.desktop@21.0.4 (7 bytes) @ 0x00000001102630cc [0x0000000110262ea0+0x000000000000022c]
j  sun.lwawt.macosx.CAccessibility.getChildrenAndRolesRecursive(Ljavax/accessibility/Accessible;Ljava/awt/Component;IZI)[Ljava/lang/Object;+20 java.desktop@21.0.4
v  ~StubRoutines::call_stub 0x0000000117425cc6
J 11171  sun.lwawt.macosx.LWCToolkit.doAWTRunLoopImpl(JZZ)V java.desktop@21.0.4 (0 bytes) @ 0x0000000117c81aff [0x0000000117c81aa0+0x000000000000005f]
J 10907 c1 sun.lwawt.macosx.LWCToolkit.invokeAndWait(Ljava/lang/Runnable;Ljava/awt/Component;)V java.desktop@21.0.4 (59 bytes) @ 0x0000000110160d5c [0x00000001101602e0+0x0000000000000a7c]
J 11163 c1 sun.lwawt.macosx.CAccessibility.invokeAndWait(Ljava/util/concurrent/Callable;Ljava/awt/Component;)Ljava/lang/Object; java.desktop@21.0.4 (7 bytes) @ 0x00000001102630cc [0x0000000110262ea0+0x000000000000022c]
j  sun.lwawt.macosx.CAccessibility.getChildrenAndRolesRecursive(Ljavax/accessibility/Accessible;Ljava/awt/Component;IZI)[Ljava/lang/Object;+20 java.desktop@21.0.4
v  ~StubRoutines::call_stub 0x0000000117425cc6
J 11171  sun.lwawt.macosx.LWCToolkit.doAWTRunLoopImpl(JZZ)V java.desktop@21.0.4 (0 bytes) @ 0x0000000117c81aff [0x0000000117c81aa0+0x000000000000005f]
J 10907 c1 sun.lwawt.macosx.LWCToolkit.invokeAndWait(Ljava/lang/Runnable;Ljava/awt/Component;)V java.desktop@21.0.4 (59 bytes) @ 0x0000000110160d5c [0x00000001101602e0+0x0000000000000a7c]
J 11163 c1 sun.lwawt.macosx.CAccessibility.invokeAndWait(Ljava/util/concurrent/Callable;Ljava/awt/Component;)Ljava/lang/Object; java.desktop@21.0.4 (7 bytes) @ 0x00000001102630cc [0x0000000110262ea0+0x000000000000022c]
j  sun.lwawt.macosx.CAccessibility.getChildrenAndRolesRecursive(Ljavax/accessibility/Accessible;Ljava/awt/Component;IZI)[Ljava/lang/Object;+20 java.desktop@21.0.4
v  ~StubRoutines::call_stub 0x0000000117425cc6
J 11171  sun.lwawt.macosx.LWCToolkit.doAWTRunLoopImpl(JZZ)V java.desktop@21.0.4 (0 bytes) @ 0x0000000117c81aff [0x0000000117c81aa0+0x000000000000005f]
J 10907 c1 sun.lwawt.macosx.LWCToolkit.invokeAndWait(Ljava/lang/Runnable;Ljava/awt/Component;)V java.desktop@21.0.4 (59 bytes) @ 0x0000000110160d5c [0x00000001101602e0+0x0000000000000a7c]
J 11163 c1 sun.lwawt.macosx.CAccessibility.invokeAndWait(Ljava/util/concurrent/Callable;Ljava/awt/Component;)Ljava/lang/Object; java.desktop@21.0.4 (7 bytes) @ 0x00000001102630cc [0x0000000110262ea0+0x000000000000022c]
j  sun.lwawt.macosx.CAccessibility.getChildrenAndRolesRecursive(Ljavax/accessibility/Accessible;Ljava/awt/Component;IZI)[Ljava/lang/Object;+20 java.desktop@21.0.4
v  ~StubRoutines::call_stub 0x0000000117425cc6
J 11171  sun.lwawt.macosx.LWCToolkit.doAWTRunLoopImpl(JZZ)V java.desktop@21.0.4 (0 bytes) @ 0x0000000117c81aff [0x0000000117c81aa0+0x000000000000005f]
J 10907 c1 sun.lwawt.macosx.LWCToolkit.invokeAndWait(Ljava/lang/Runnable;Ljava/awt/Component;)V java.desktop@21.0.4 (59 bytes) @ 0x0000000110160d5c [0x00000001101602e0+0x0000000000000a7c]
J 11163 c1 sun.lwawt.macosx.CAccessibility.invokeAndWait(Ljava/util/concurrent/Callable;Ljava/awt/Component;)Ljava/lang/Object; java.desktop@21.0.4 (7 bytes) @ 0x00000001102630cc [0x0000000110262ea0+0x000000000000022c]
j  sun.lwawt.macosx.CAccessibility.getChildrenAndRolesRecursive(Ljavax/accessibility/Accessible;Ljava/awt/Component;IZI)[Ljava/lang/Object;+20 java.desktop@21.0.4
v  ~StubRoutines::call_stub 0x0000000117425cc6
J 11171  sun.lwawt.macosx.LWCToolkit.doAWTRunLoopImpl(JZZ)V java.desktop@21.0.4 (0 bytes) @ 0x0000000117c81aff [0x0000000117c81aa0+0x000000000000005f]
J 10907 c1 sun.lwawt.macosx.LWCToolkit.invokeAndWait(Ljava/lang/Runnable;Ljava/awt/Component;)V java.desktop@21.0.4 (59 bytes) @ 0x0000000110160d5c [0x00000001101602e0+0x0000000000000a7c]
J 11163 c1 sun.lwawt.macosx.CAccessibility.invokeAndWait(Ljava/util/concurrent/Callable;Ljava/awt/Component;)Ljava/lang/Object; java.desktop@21.0.4 (7 bytes) @ 0x00000001102630cc [0x0000000110262ea0+0x000000000000022c]
j  sun.lwawt.macosx.CAccessibility.getChildrenAndRolesRecursive(Ljavax/accessibility/Accessible;Ljava/awt/Component;IZI)[Ljava/lang/Object;+20 java.desktop@21.0.4
v  ~StubRoutines::call_stub 0x0000000117425cc6
J 11171  sun.lwawt.macosx.LWCToolkit.doAWTRunLoopImpl(JZZ)V java.desktop@21.0.4 (0 bytes) @ 0x0000000117c81aff [0x0000000117c81aa0+0x000000000000005f]
J 10907 c1 sun.lwawt.macosx.LWCToolkit.invokeAndWait(Ljava/lang/Runnable;Ljava/awt/Component;)V java.desktop@21.0.4 (59 bytes) @ 0x0000000110160d5c [0x00000001101602e0+0x0000000000000a7c]
J 11163 c1 sun.lwawt.macosx.CAccessibility.invokeAndWait(Ljava/util/concurrent/Callable;Ljava/awt/Component;)Ljava/lang/Object; java.desktop@21.0.4 (7 bytes) @ 0x00000001102630cc [0x0000000110262ea0+0x000000000000022c]
j  sun.lwawt.macosx.CAccessibility.getChildrenAndRolesRecursive(Ljavax/accessibility/Accessible;Ljava/awt/Component;IZI)[Ljava/lang/Object;+20 java.desktop@21.0.4
v  ~StubRoutines::call_stub 0x0000000117425cc6
J 11171  sun.lwawt.macosx.LWCToolkit.doAWTRunLoopImpl(JZZ)V java.desktop@21.0.4 (0 bytes) @ 0x0000000117c81aff [0x0000000117c81aa0+0x000000000000005f]
J 10907 c1 sun.lwawt.macosx.LWCToolkit.invokeAndWait(Ljava/lang/Runnable;Ljava/awt/Component;)V java.desktop@21.0.4 (59 bytes) @ 0x0000000110160d5c [0x00000001101602e0+0x0000000000000a7c]
J 11163 c1 sun.lwawt.macosx.CAccessibility.invokeAndWait(Ljava/util/concurrent/Callable;Ljava/awt/Component;)Ljava/lang/Object; java.desktop@21.0.4 (7 bytes) @ 0x00000001102630cc [0x0000000110262ea0+0x000000000000022c]
j  sun.lwawt.macosx.CAccessibility.getChildrenAndRolesRecursive(Ljavax/accessibility/Accessible;Ljava/awt/Component;IZI)[Ljava/lang/Object;+20 java.desktop@21.0.4
v  ~StubRoutines::call_stub 0x0000000117425cc6
J 11171  sun.lwawt.macosx.LWCToolkit.doAWTRunLoopImpl(JZZ)V java.desktop@21.0.4 (0 bytes) @ 0x0000000117c81aff [0x0000000117c81aa0+0x000000000000005f]
J 10907 c1 sun.lwawt.macosx.LWCToolkit.invokeAndWait(Ljava/lang/Runnable;Ljava/awt/Component;)V java.desktop@21.0.4 (59 bytes) @ 0x0000000110160d5c [0x00000001101602e0+0x0000000000000a7c]
J 11163 c1 sun.lwawt.macosx.CAccessibility.invokeAndWait(Ljava/util/concurrent/Callable;Ljava/awt/Component;)Ljava/lang/Object; java.desktop@21.0.4 (7 bytes) @ 0x00000001102630cc [0x0000000110262ea0+0x000000000000022c]
j  sun.lwawt.macosx.CAccessibility.getChildrenAndRolesRecursive(Ljavax/accessibility/Accessible;Ljava/awt/Component;IZI)[Ljava/lang/Object;+20 java.desktop@21.0.4
v  ~StubRoutines::call_stub 0x0000000117425cc6
J 11171  sun.lwawt.macosx.LWCToolkit.doAWTRunLoopImpl(JZZ)V java.desktop@21.0.4 (0 bytes) @ 0x0000000117c81aff [0x0000000117c81aa0+0x000000000000005f]
J 10907 c1 sun.lwawt.macosx.LWCToolkit.invokeAndWait(Ljava/lang/Runnable;Ljava/awt/Component;)V java.desktop@21.0.4 (59 bytes) @ 0x0000000110160d5c [0x00000001101602e0+0x0000000000000a7c]
J 11163 c1 sun.lwawt.macosx.CAccessibility.invokeAndWait(Ljava/util/concurrent/Callable;Ljava/awt/Component;)Ljava/lang/Object; java.desktop@21.0.4 (7 bytes) @ 0x00000001102630cc [0x0000000110262ea0+0x000000000000022c]
j  sun.lwawt.macosx.CAccessibility.getChildrenAndRolesRecursive(Ljavax/accessibility/Accessible;Ljava/awt/Component;IZI)[Ljava/lang/Object;+20 java.desktop@21.0.4
v  ~StubRoutines::call_stub 0x0000000117425cc6
J 11171  sun.lwawt.macosx.LWCToolkit.doAWTRunLoopImpl(JZZ)V java.desktop@21.0.4 (0 bytes) @ 0x0000000117c81aff [0x0000000117c81aa0+0x000000000000005f]
J 10907 c1 sun.lwawt.macosx.LWCToolkit.invokeAndWait(Ljava/lang/Runnable;Ljava/awt/Component;)V java.desktop@21.0.4 (59 bytes) @ 0x0000000110160d5c [0x00000001101602e0+0x0000000000000a7c]
J 11163 c1 sun.lwawt.macosx.CAccessibility.invokeAndWait(Ljava/util/concurrent/Callable;Ljava/awt/Component;)Ljava/lang/Object; java.desktop@21.0.4 (7 bytes) @ 0x00000001102630cc [0x0000000110262ea0+0x000000000000022c]
j  sun.lwawt.macosx.CAccessibility.getChildrenAndRolesRecursive(Ljavax/accessibility/Accessible;Ljava/awt/Component;IZI)[Ljava/lang/Object;+20 java.desktop@21.0.4
v  ~StubRoutines::call_stub 0x0000000117425cc6
J 11171  sun.lwawt.macosx.LWCToolkit.doAWTRunLoopImpl(JZZ)V java.desktop@21.0.4 (0 bytes) @ 0x0000000117c81aff [0x0000000117c81aa0+0x000000000000005f]
J 10907 c1 sun.lwawt.macosx.LWCToolkit.invokeAndWait(Ljava/lang/Runnable;Ljava/awt/Component;)V java.desktop@21.0.4 (59 bytes) @ 0x0000000110160d5c [0x00000001101602e0+0x0000000000000a7c]
J 11163 c1 sun.lwawt.macosx.CAccessibility.invokeAndWait(Ljava/util/concurrent/Callable;Ljava/awt/Component;)Ljava/lang/Object; java.desktop@21.0.4 (7 bytes) @ 0x00000001102630cc [0x0000000110262ea0+0x000000000000022c]
j  sun.lwawt.macosx.CAccessibility.getChildrenAndRolesRecursive(Ljavax/accessibility/Accessible;Ljava/awt/Component;IZI)[Ljava/lang/Object;+20 java.desktop@21.0.4
v  ~StubRoutines::call_stub 0x0000000117425cc6
J 11171  sun.lwawt.macosx.LWCToolkit.doAWTRunLoopImpl(JZZ)V java.desktop@21.0.4 (0 bytes) @ 0x0000000117c81aff [0x0000000117c81aa0+0x000000000000005f]
J 10907 c1 sun.lwawt.macosx.LWCToolkit.invokeAndWait(Ljava/lang/Runnable;Ljava/awt/Component;)V java.desktop@21.0.4 (59 bytes) @ 0x0000000110160d5c [0x00000001101602e0+0x0000000000000a7c]
J 11163 c1 sun.lwawt.macosx.CAccessibility.invokeAndWait(Ljava/util/concurrent/Callable;Ljava/awt/Component;)Ljava/lang/Object; java.desktop@21.0.4 (7 bytes) @ 0x00000001102630cc [0x0000000110262ea0+0x000000000000022c]
j  sun.lwawt.macosx.CAccessibility.getChildrenAndRolesRecursive(Ljavax/accessibility/Accessible;Ljava/awt/Component;IZI)[Ljava/lang/Object;+20 java.desktop@21.0.4
v  ~StubRoutines::call_stub 0x0000000117425cc6
J 11171  sun.lwawt.macosx.LWCToolkit.doAWTRunLoopImpl(JZZ)V java.desktop@21.0.4 (0 bytes) @ 0x0000000117c81aff [0x0000000117c81aa0+0x000000000000005f]
J 10907 c1 sun.lwawt.macosx.LWCToolkit.invokeAndWait(Ljava/lang/Runnable;Ljava/awt/Component;)V java.desktop@21.0.4 (59 bytes) @ 0x0000000110160d5c [0x00000001101602e0+0x0000000000000a7c]
J 11163 c1 sun.lwawt.macosx.CAccessibility.invokeAndWait(Ljava/util/concurrent/Callable;Ljava/awt/Component;)Ljava/lang/Object; java.desktop@21.0.4 (7 bytes) @ 0x00000001102630cc [0x0000000110262ea0+0x000000000000022c]
j  sun.lwawt.macosx.CAccessibility.getChildrenAndRolesRecursive(Ljavax/accessibility/Accessible;Ljava/awt/Component;IZI)[Ljava/lang/Object;+20 java.desktop@21.0.4
v  ~StubRoutines::call_stub 0x0000000117425cc6
J 11171  sun.lwawt.macosx.LWCToolkit.doAWTRunLoopImpl(JZZ)V java.desktop@21.0.4 (0 bytes) @ 0x0000000117c81aff [0x0000000117c81aa0+0x000000000000005f]
J 10907 c1 sun.lwawt.macosx.LWCToolkit.invokeAndWait(Ljava/lang/Runnable;Ljava/awt/Component;)V java.desktop@21.0.4 (59 bytes) @ 0x0000000110160d5c [0x00000001101602e0+0x0000000000000a7c]
J 11163 c1 sun.lwawt.macosx.CAccessibility.invokeAndWait(Ljava/util/concurrent/Callable;Ljava/awt/Component;)Ljava/lang/Object; java.desktop@21.0.4 (7 bytes) @ 0x00000001102630cc [0x0000000110262ea0+0x000000000000022c]
j  sun.lwawt.macosx.CAccessibility.getChildrenAndRolesRecursive(Ljavax/accessibility/Accessible;Ljava/awt/Component;IZI)[Ljava/lang/Object;+20 java.desktop@21.0.4
v  ~StubRoutines::call_stub 0x0000000117425cc6
J 11171  sun.lwawt.macosx.LWCToolkit.doAWTRunLoopImpl(JZZ)V java.desktop@21.0.4 (0 bytes) @ 0x0000000117c81aff [0x0000000117c81aa0+0x000000000000005f]
J 10907 c1 sun.lwawt.macosx.LWCToolkit.invokeAndWait(Ljava/lang/Runnable;Ljava/awt/Component;)V java.desktop@21.0.4 (59 bytes) @ 0x0000000110160d5c [0x00000001101602e0+0x0000000000000a7c]
J 11163 c1 sun.lwawt.macosx.CAccessibility.invokeAndWait(Ljava/util/concurrent/Callable;Ljava/awt/Component;)Ljava/lang/Object; java.desktop@21.0.4 (7 bytes) @ 0x00000001102630cc [0x0000000110262ea0+0x000000000000022c]
j  sun.lwawt.macosx.CAccessibility.getChildrenAndRolesRecursive(Ljavax/accessibility/Accessible;Ljava/awt/Component;IZI)[Ljava/lang/Object;+20 java.desktop@21.0.4
v  ~StubRoutines::call_stub 0x0000000117425cc6
J 11171  sun.lwawt.macosx.LWCToolkit.doAWTRunLoopImpl(JZZ)V java.desktop@21.0.4 (0 bytes) @ 0x0000000117c81aff [0x0000000117c81aa0+0x000000000000005f]
J 10907 c1 sun.lwawt.macosx.LWCToolkit.invokeAndWait(Ljava/lang/Runnable;Ljava/awt/Component;)V java.desktop@21.0.4 (59 bytes) @ 0x0000000110160d5c [0x00000001101602e0+0x0000000000000a7c]
J 11163 c1 sun.lwawt.macosx.CAccessibility.invokeAndWait(Ljava/util/concurrent/Callable;Ljava/awt/Component;)Ljava/lang/Object; java.desktop@21.0.4 (7 bytes) @ 0x00000001102630cc [0x0000000110262ea0+0x000000000000022c]
j  sun.lwawt.macosx.CAccessibility.getChildrenAndRolesRecursive(Ljavax/accessibility/Accessible;Ljava/awt/Component;IZI)[Ljava/lang/Object;+20 java.desktop@21.0.4
v  ~StubRoutines::call_stub 0x0000000117425cc6
J 11171  sun.lwawt.macosx.LWCToolkit.doAWTRunLoopImpl(JZZ)V java.desktop@21.0.4 (0 bytes) @ 0x0000000117c81aff [0x0000000117c81aa0+0x000000000000005f]
J 10907 c1 sun.lwawt.macosx.LWCToolkit.invokeAndWait(Ljava/lang/Runnable;Ljava/awt/Component;)V java.desktop@21.0.4 (59 bytes) @ 0x0000000110160d5c [0x00000001101602e0+0x0000000000000a7c]
J 11163 c1 sun.lwawt.macosx.CAccessibility.invokeAndWait(Ljava/util/concurrent/Callable;Ljava/awt/Component;)Ljava/lang/Object; java.desktop@21.0.4 (7 bytes) @ 0x00000001102630cc [0x0000000110262ea0+0x000000000000022c]
j  sun.lwawt.macosx.CAccessibility.getChildrenAndRolesRecursive(Ljavax/accessibility/Accessible;Ljava/awt/Component;IZI)[Ljava/lang/Object;+20 java.desktop@21.0.4
v  ~StubRoutines::call_stub 0x0000000117425cc6
J 11171  sun.lwawt.macosx.LWCToolkit.doAWTRunLoopImpl(JZZ)V java.desktop@21.0.4 (0 bytes) @ 0x0000000117c81aff [0x0000000117c81aa0+0x000000000000005f]
J 10907 c1 sun.lwawt.macosx.LWCToolkit.invokeAndWait(Ljava/lang/Runnable;Ljava/awt/Component;)V java.desktop@21.0.4 (59 bytes) @ 0x0000000110160d5c [0x00000001101602e0+0x0000000000000a7c]
J 11163 c1 sun.lwawt.macosx.CAccessibility.invokeAndWait(Ljava/util/concurrent/Callable;Ljava/awt/Component;)Ljava/lang/Object; java.desktop@21.0.4 (7 bytes) @ 0x00000001102630cc [0x0000000110262ea0+0x000000000000022c]
j  sun.lwawt.macosx.CAccessibility.getChildrenAndRolesRecursive(Ljavax/accessibility/Accessible;Ljava/awt/Component;IZI)[Ljava/lang/Object;+20 java.desktop@21.0.4
v  ~StubRoutines::call_stub 0x0000000117425cc6
J 11171  sun.lwawt.macosx.LWCToolkit.doAWTRunLoopImpl(JZZ)V java.desktop@21.0.4 (0 bytes) @ 0x0000000117c81aff [0x0000000117c81aa0+0x000000000000005f]
J 10907 c1 sun.lwawt.macosx.LWCToolkit.invokeAndWait(Ljava/lang/Runnable;Ljava/awt/Component;)V java.desktop@21.0.4 (59 bytes) @ 0x0000000110160d5c [0x00000001101602e0+0x0000000000000a7c]
J 11163 c1 sun.lwawt.macosx.CAccessibility.invokeAndWait(Ljava/util/concurrent/Callable;Ljava/awt/Component;)Ljava/lang/Object; java.desktop@21.0.4 (7 bytes) @ 0x00000001102630cc [0x0000000110262ea0+0x000000000000022c]
j  sun.lwawt.macosx.CAccessibility.getChildrenAndRolesRecursive(Ljavax/accessibility/Accessible;Ljava/awt/Component;IZI)[Ljava/lang/Object;+20 java.desktop@21.0.4
v  ~StubRoutines::call_stub 0x0000000117425cc6
J 11171  sun.lwawt.macosx.LWCToolkit.doAWTRunLoopImpl(JZZ)V java.desktop@21.0.4 (0 bytes) @ 0x0000000117c81aff [0x0000000117c81aa0+0x000000000000005f]
J 10907 c1 sun.lwawt.macosx.LWCToolkit.invokeAndWait(Ljava/lang/Runnable;Ljava/awt/Component;)V java.desktop@21.0.4 (59 bytes) @ 0x0000000110160d5c [0x00000001101602e0+0x0000000000000a7c]
J 11163 c1 sun.lwawt.macosx.CAccessibility.invokeAndWait(Ljava/util/concurrent/Callable;Ljava/awt/Component;)Ljava/lang/Object; java.desktop@21.0.4 (7 bytes) @ 0x00000001102630cc [0x0000000110262ea0+0x000000000000022c]
j  sun.lwawt.macosx.CAccessibility.getChildrenAndRolesRecursive(Ljavax/accessibility/Accessible;Ljava/awt/Component;IZI)[Ljava/lang/Object;+20 java.desktop@21.0.4
v  ~StubRoutines::call_stub 0x0000000117425cc6
j  sun.lwawt.macosx.LWCToolkit.doAWTRunLoopImpl(JZZ)V+0 java.desktop@21.0.4
J 10907 c1 sun.lwawt.macosx.LWCToolkit.invokeAndWait(Ljava/lang/Runnable;Ljava/awt/Component;)V java.desktop@21.0.4 (59 bytes) @ 0x0000000110160d5c [0x00000001101602e0+0x0000000000000a7c]
J 11163 c1 sun.lwawt.macosx.CAccessibility.invokeAndWait(Ljava/util/concurrent/Callable;Ljava/awt/Component;)Ljava/lang/Object; java.desktop@21.0.4 (7 bytes) @ 0x00000001102630cc [0x0000000110262ea0+0x000000000000022c]
j  sun.lwawt.macosx.CAccessibility.getChildrenAndRolesRecursive(Ljavax/accessibility/Accessible;Ljava/awt/Component;IZI)[Ljava/lang/Object;+20 java.desktop@21.0.4
v  ~StubRoutines::call_stub 0x0000000117425cc6
j  sun.lwawt.macosx.LWCToolkit.doAWTRunLoopImpl(JZZ)V+0 java.desktop@21.0.4
J 10907 c1 sun.lwawt.macosx.LWCToolkit.invokeAndWait(Ljava/lang/Runnable;Ljava/awt/Component;)V java.desktop@21.0.4 (59 bytes) @ 0x0000000110160d5c [0x00000001101602e0+0x0000000000000a7c]
J 11163 c1 sun.lwawt.macosx.CAccessibility.invokeAndWait(Ljava/util/concurrent/Callable;Ljava/awt/Component;)Ljava/lang/Object; java.desktop@21.0.4 (7 bytes) @ 0x00000001102630cc [0x0000000110262ea0+0x000000000000022c]
j  sun.lwawt.macosx.CAccessibility.getChildrenAndRolesRecursive(Ljavax/accessibility/Accessible;Ljava/awt/Component;IZI)[Ljava/lang/Object;+20 java.desktop@21.0.4
v  ~StubRoutines::call_stub 0x0000000117425cc6
j  sun.lwawt.macosx.LWCToolkit.doAWTRunLoopImpl(JZZ)V+0 java.desktop@21.0.4
J 10907 c1 sun.lwawt.macosx.LWCToolkit.invokeAndWait(Ljava/lang/Runnable;Ljava/awt/Component;)V java.desktop@21.0.4 (59 bytes) @ 0x0000000110160d5c [0x00000001101602e0+0x0000000000000a7c]
J 11163 c1 sun.lwawt.macosx.CAccessibility.invokeAndWait(Ljava/util/concurrent/Callable;Ljava/awt/Component;)Ljava/lang/Object; java.desktop@21.0.4 (7 bytes) @ 0x00000001102630cc [0x0000000110262ea0+0x000000000000022c]
j  sun.lwawt.macosx.CAccessibility.getChildrenAndRolesRecursive(Ljavax/accessibility/Accessible;Ljava/awt/Component;IZI)[Ljava/lang/Object;+20 java.desktop@21.0.4
v  ~StubRoutines::call_stub 0x0000000117425cc6
j  sun.lwawt.macosx.LWCToolkit.doAWTRunLoopImpl(JZZ)V+0 java.desktop@21.0.4
J 10907 c1 sun.lwawt.macosx.LWCToolkit.invokeAndWait(Ljava/lang/Runnable;Ljava/awt/Component;)V java.desktop@21.0.4 (59 bytes) @ 0x0000000110160d5c [0x00000001101602e0+0x0000000000000a7c]
J 11163 c1 sun.lwawt.macosx.CAccessibility.invokeAndWait(Ljava/util/concurrent/Callable;Ljava/awt/Component;)Ljava/lang/Object; java.desktop@21.0.4 (7 bytes) @ 0x00000001102630cc [0x0000000110262ea0+0x000000000000022c]
j  sun.lwawt.macosx.CAccessibility.getChildrenAndRolesRecursive(Ljavax/accessibility/Accessible;Ljava/awt/Component;IZI)[Ljava/lang/Object;+20 java.desktop@21.0.4
v  ~StubRoutines::call_stub 0x0000000117425cc6
j  sun.lwawt.macosx.LWCToolkit.doAWTRunLoopImpl(JZZ)V+0 java.desktop@21.0.4
J 10907 c1 sun.lwawt.macosx.LWCToolkit.invokeAndWait(Ljava/lang/Runnable;Ljava/awt/Component;)V java.desktop@21.0.4 (59 bytes) @ 0x0000000110160d5c [0x00000001101602e0+0x0000000000000a7c]
J 11163 c1 sun.lwawt.macosx.CAccessibility.invokeAndWait(Ljava/util/concurrent/Callable;Ljava/awt/Component;)Ljava/lang/Object; java.desktop@21.0.4 (7 bytes) @ 0x00000001102630cc [0x0000000110262ea0+0x000000000000022c]
j  sun.lwawt.macosx.CAccessibility.getChildrenAndRolesRecursive(Ljavax/accessibility/Accessible;Ljava/awt/Component;IZI)[Ljava/lang/Object;+20 java.desktop@21.0.4
v  ~StubRoutines::call_stub 0x0000000117425cc6
j  sun.lwawt.macosx.LWCToolkit.doAWTRunLoopImpl(JZZ)V+0 java.desktop@21.0.4
J 10907 c1 sun.lwawt.macosx.LWCToolkit.invokeAndWait(Ljava/lang/Runnable;Ljava/awt/Component;)V java.desktop@21.0.4 (59 bytes) @ 0x0000000110160d5c [0x00000001101602e0+0x0000000000000a7c]
J 11163 c1 sun.lwawt.macosx.CAccessibility.invokeAndWait(Ljava/util/concurrent/Callable;Ljava/awt/Component;)Ljava/lang/Object; java.desktop@21.0.4 (7 bytes) @ 0x00000001102630cc [0x0000000110262ea0+0x000000000000022c]
j  sun.lwawt.macosx.CAccessibility.getChildrenAndRolesRecursive(Ljavax/accessibility/Accessible;Ljava/awt/Component;IZI)[Ljava/lang/Object;+20 java.desktop@21.0.4
v  ~StubRoutines::call_stub 0x0000000117425cc6
j  sun.lwawt.macosx.LWCToolkit.doAWTRunLoopImpl(JZZ)V+0 java.desktop@21.0.4
J 10907 c1 sun.lwawt.macosx.LWCToolkit.invokeAndWait(Ljava/lang/Runnable;Ljava/awt/Component;)V java.desktop@21.0.4 (59 bytes) @ 0x0000000110160d5c [0x00000001101602e0+0x0000000000000a7c]
J 11163 c1 sun.lwawt.macosx.CAccessibility.invokeAndWait(Ljava/util/concurrent/Callable;Ljava/awt/Component;)Ljava/lang/Object; java.desktop@21.0.4 (7 bytes) @ 0x00000001102630cc [0x0000000110262ea0+0x000000000000022c]
j  sun.lwawt.macosx.CAccessibility.getChildrenAndRolesRecursive(Ljavax/accessibility/Accessible;Ljava/awt/Component;IZI)[Ljava/lang/Object;+20 java.desktop@21.0.4
v  ~StubRoutines::call_stub 0x0000000117425cc6
j  sun.lwawt.macosx.LWCToolkit.doAWTRunLoopImpl(JZZ)V+0 java.desktop@21.0.4
J 10907 c1 sun.lwawt.macosx.LWCToolkit.invokeAndWait(Ljava/lang/Runnable;Ljava/awt/Component;)V java.desktop@21.0.4 (59 bytes) @ 0x0000000110160d5c [0x00000001101602e0+0x0000000000000a7c]
J 11163 c1 sun.lwawt.macosx.CAccessibility.invokeAndWait(Ljava/util/concurrent/Callable;Ljava/awt/Component;)Ljava/lang/Object; java.desktop@21.0.4 (7 bytes) @ 0x00000001102630cc [0x0000000110262ea0+0x000000000000022c]
j  sun.lwawt.macosx.CAccessibility.getChildrenAndRolesRecursive(Ljavax/accessibility/Accessible;Ljava/awt/Component;IZI)[Ljava/lang/Object;+20 java.desktop@21.0.4
v  ~StubRoutines::call_stub 0x0000000117425cc6
j  sun.lwawt.macosx.LWCToolkit.doAWTRunLoopImpl(JZZ)V+0 java.desktop@21.0.4
J 10907 c1 sun.lwawt.macosx.LWCToolkit.invokeAndWait(Ljava/lang/Runnable;Ljava/awt/Component;)V java.desktop@21.0.4 (59 bytes) @ 0x0000000110160d5c [0x00000001101602e0+0x0000000000000a7c]
J 11163 c1 sun.lwawt.macosx.CAccessibility.invokeAndWait(Ljava/util/concurrent/Callable;Ljava/awt/Component;)Ljava/lang/Object; java.desktop@21.0.4 (7 bytes) @ 0x00000001102630cc [0x0000000110262ea0+0x000000000000022c]
j  sun.lwawt.macosx.CAccessibility.getChildrenAndRolesRecursive(Ljavax/accessibility/Accessible;Ljava/awt/Component;IZI)[Ljava/lang/Object;+20 java.desktop@21.0.4
v  ~StubRoutines::call_stub 0x0000000117425cc6
j  sun.lwawt.macosx.LWCToolkit.doAWTRunLoopImpl(JZZ)V+0 java.desktop@21.0.4
J 10907 c1 sun.lwawt.macosx.LWCToolkit.invokeAndWait(Ljava/lang/Runnable;Ljava/awt/Component;)V java.desktop@21.0.4 (59 bytes) @ 0x0000000110160d5c [0x00000001101602e0+0x0000000000000a7c]
J 11163 c1 sun.lwawt.macosx.CAccessibility.invokeAndWait(Ljava/util/concurrent/Callable;Ljava/awt/Component;)Ljava/lang/Object; java.desktop@21.0.4 (7 bytes) @ 0x00000001102630cc [0x0000000110262ea0+0x000000000000022c]
j  sun.lwawt.macosx.CAccessibility.getChildrenAndRolesRecursive(Ljavax/accessibility/Accessible;Ljava/awt/Component;IZI)[Ljava/lang/Object;+20 java.desktop@21.0.4
v  ~StubRoutines::call_stub 0x0000000117425cc6
j  sun.lwawt.macosx.LWCToolkit.doAWTRunLoopImpl(JZZ)V+0 java.desktop@21.0.4
J 10907 c1 sun.lwawt.macosx.LWCToolkit.invokeAndWait(Ljava/lang/Runnable;Ljava/awt/Component;)V java.desktop@21.0.4 (59 bytes) @ 0x0000000110160d5c [0x00000001101602e0+0x0000000000000a7c]
J 11163 c1 sun.lwawt.macosx.CAccessibility.invokeAndWait(Ljava/util/concurrent/Callable;Ljava/awt/Component;)Ljava/lang/Object; java.desktop@21.0.4 (7 bytes) @ 0x00000001102630cc [0x0000000110262ea0+0x000000000000022c]
j  sun.lwawt.macosx.CAccessibility.getChildrenAndRolesRecursive(Ljavax/accessibility/Accessible;Ljava/awt/Component;IZI)[Ljava/lang/Object;+20 java.desktop@21.0.4
v  ~StubRoutines::call_stub 0x0000000117425cc6
j  sun.lwawt.macosx.LWCToolkit.doAWTRunLoopImpl(JZZ)V+0 java.desktop@21.0.4
J 10907 c1 sun.lwawt.macosx.LWCToolkit.invokeAndWait(Ljava/lang/Runnable;Ljava/awt/Component;)V java.desktop@21.0.4 (59 bytes) @ 0x0000000110160d5c [0x00000001101602e0+0x0000000000000a7c]
J 11163 c1 sun.lwawt.macosx.CAccessibility.invokeAndWait(Ljava/util/concurrent/Callable;Ljava/awt/Component;)Ljava/lang/Object; java.desktop@21.0.4 (7 bytes) @ 0x00000001102630cc [0x0000000110262ea0+0x000000000000022c]
j  sun.lwawt.macosx.CAccessibility.getChildrenAndRolesRecursive(Ljavax/accessibility/Accessible;Ljava/awt/Component;IZI)[Ljava/lang/Object;+20 java.desktop@21.0.4
v  ~StubRoutines::call_stub 0x0000000117425cc6
j  sun.lwawt.macosx.LWCToolkit.doAWTRunLoopImpl(JZZ)V+0 java.desktop@21.0.4
J 10907 c1 sun.lwawt.macosx.LWCToolkit.invokeAndWait(Ljava/lang/Runnable;Ljava/awt/Component;)V java.desktop@21.0.4 (59 bytes) @ 0x0000000110160d5c [0x00000001101602e0+0x0000000000000a7c]
J 11163 c1 sun.lwawt.macosx.CAccessibility.invokeAndWait(Ljava/util/concurrent/Callable;Ljava/awt/Component;)Ljava/lang/Object; java.desktop@21.0.4 (7 bytes) @ 0x00000001102630cc [0x0000000110262ea0+0x000000000000022c]
j  sun.lwawt.macosx.CAccessibility.getChildrenAndRolesRecursive(Ljavax/accessibility/Accessible;Ljava/awt/Component;IZI)[Ljava/lang/Object;+20 java.desktop@21.0.4
v  ~StubRoutines::call_stub 0x0000000117425cc6
j  sun.lwawt.macosx.LWCToolkit.doAWTRunLoopImpl(JZZ)V+0 java.desktop@21.0.4
J 10907 c1 sun.lwawt.macosx.LWCToolkit.invokeAndWait(Ljava/lang/Runnable;Ljava/awt/Component;)V java.desktop@21.0.4 (59 bytes) @ 0x0000000110160d5c [0x00000001101602e0+0x0000000000000a7c]
J 11163 c1 sun.lwawt.macosx.CAccessibility.invokeAndWait(Ljava/util/concurrent/Callable;Ljava/awt/Component;)Ljava/lang/Object; java.desktop@21.0.4 (7 bytes) @ 0x00000001102630cc [0x0000000110262ea0+0x000000000000022c]
j  sun.lwawt.macosx.CAccessibility.getChildrenAndRolesRecursive(Ljavax/accessibility/Accessible;Ljava/awt/Component;IZI)[Ljava/lang/Object;+20 java.desktop@21.0.4
v  ~StubRoutines::call_stub 0x0000000117425cc6
j  sun.lwawt.macosx.LWCToolkit.doAWTRunLoopImpl(JZZ)V+0 java.desktop@21.0.4
J 10907 c1 sun.lwawt.macosx.LWCToolkit.invokeAndWait(Ljava/lang/Runnable;Ljava/awt/Component;)V java.desktop@21.0.4 (59 bytes) @ 0x0000000110160d5c [0x00000001101602e0+0x0000000000000a7c]
J 11163 c1 sun.lwawt.macosx.CAccessibility.invokeAndWait(Ljava/util/concurrent/Callable;Ljava/awt/Component;)Ljava/lang/Object; java.desktop@21.0.4 (7 bytes) @ 0x00000001102630cc [0x0000000110262ea0+0x000000000000022c]
j  sun.lwawt.macosx.CAccessibility.getChildrenAndRolesRecursive(Ljavax/accessibility/Accessible;Ljava/awt/Component;IZI)[Ljava/lang/Object;+20 java.desktop@21.0.4
v  ~StubRoutines::call_stub 0x0000000117425cc6
j  sun.lwawt.macosx.LWCToolkit.doAWTRunLoopImpl(JZZ)V+0 java.desktop@21.0.4
J 10907 c1 sun.lwawt.macosx.LWCToolkit.invokeAndWait(Ljava/lang/Runnable;Ljava/awt/Component;)V java.desktop@21.0.4 (59 bytes) @ 0x0000000110160d5c [0x00000001101602e0+0x0000000000000a7c]
J 11163 c1 sun.lwawt.macosx.CAccessibility.invokeAndWait(Ljava/util/concurrent/Callable;Ljava/awt/Component;)Ljava/lang/Object; java.desktop@21.0.4 (7 bytes) @ 0x00000001102630cc [0x0000000110262ea0+0x000000000000022c]
j  sun.lwawt.macosx.CAccessibility.getChildrenAndRolesRecursive(Ljavax/accessibility/Accessible;Ljava/awt/Component;IZI)[Ljava/lang/Object;+20 java.desktop@21.0.4
v  ~StubRoutines::call_stub 0x0000000117425cc6
j  sun.lwawt.macosx.LWCToolkit.doAWTRunLoopImpl(JZZ)V+0 java.desktop@21.0.4
J 10907 c1 sun.lwawt.macosx.LWCToolkit.invokeAndWait(Ljava/lang/Runnable;Ljava/awt/Component;)V java.desktop@21.0.4 (59 bytes) @ 0x0000000110160d5c [0x00000001101602e0+0x0000000000000a7c]
J 11163 c1 sun.lwawt.macosx.CAccessibility.invokeAndWait(Ljava/util/concurrent/Callable;Ljava/awt/Component;)Ljava/lang/Object; java.desktop@21.0.4 (7 bytes) @ 0x00000001102630cc [0x0000000110262ea0+0x000000000000022c]
j  sun.lwawt.macosx.CAccessibility.getChildrenAndRolesRecursive(Ljavax/accessibility/Accessible;Ljava/awt/Component;IZI)[Ljava/lang/Object;+20 java.desktop@21.0.4
v  ~StubRoutines::call_stub 0x0000000117425cc6
j  sun.lwawt.macosx.LWCToolkit.doAWTRunLoopImpl(JZZ)V+0 java.desktop@21.0.4
J 10907 c1 sun.lwawt.macosx.LWCToolkit.invokeAndWait(Ljava/lang/Runnable;Ljava/awt/Component;)V java.desktop@21.0.4 (59 bytes) @ 0x0000000110160d5c [0x00000001101602e0+0x0000000000000a7c]
J 11163 c1 sun.lwawt.macosx.CAccessibility.invokeAndWait(Ljava/util/concurrent/Callable;Ljava/awt/Component;)Ljava/lang/Object; java.desktop@21.0.4 (7 bytes) @ 0x00000001102630cc [0x0000000110262ea0+0x000000000000022c]
j  sun.lwawt.macosx.CAccessibility.getChildrenAndRolesRecursive(Ljavax/accessibility/Accessible;Ljava/awt/Component;IZI)[Ljava/lang/Object;+20 java.desktop@21.0.4
v  ~StubRoutines::call_stub 0x0000000117425cc6
j  sun.lwawt.macosx.LWCToolkit.doAWTRunLoopImpl(JZZ)V+0 java.desktop@21.0.4
J 10907 c1 sun.lwawt.macosx.LWCToolkit.invokeAndWait(Ljava/lang/Runnable;Ljava/awt/Component;)V java.desktop@21.0.4 (59 bytes) @ 0x0000000110160d5c [0x00000001101602e0+0x0000000000000a7c]
J 11163 c1 sun.lwawt.macosx.CAccessibility.invokeAndWait(Ljava/util/concurrent/Callable;Ljava/awt/Component;)Ljava/lang/Object; java.desktop@21.0.4 (7 bytes) @ 0x00000001102630cc [0x0000000110262ea0+0x000000000000022c]
j  sun.lwawt.macosx.CAccessibility.getChildrenAndRolesRecursive(Ljavax/accessibility/Accessible;Ljava/awt/Component;IZI)[Ljava/lang/Object;+20 java.desktop@21.0.4
v  ~StubRoutines::call_stub 0x0000000117425cc6
j  sun.lwawt.macosx.LWCToolkit.doAWTRunLoopImpl(JZZ)V+0 java.desktop@21.0.4
J 10907 c1 sun.lwawt.macosx.LWCToolkit.invokeAndWait(Ljava/lang/Runnable;Ljava/awt/Component;)V java.desktop@21.0.4 (59 bytes) @ 0x0000000110160d5c [0x00000001101602e0+0x0000000000000a7c]
J 11163 c1 sun.lwawt.macosx.CAccessibility.invokeAndWait(Ljava/util/concurrent/Callable;Ljava/awt/Component;)Ljava/lang/Object; java.desktop@21.0.4 (7 bytes) @ 0x00000001102630cc [0x0000000110262ea0+0x000000000000022c]
j  sun.lwawt.macosx.CAccessibility.getChildrenAndRolesRecursive(Ljavax/accessibility/Accessible;Ljava/awt/Component;IZI)[Ljava/lang/Object;+20 java.desktop@21.0.4
v  ~StubRoutines::call_stub 0x0000000117425cc6
j  sun.lwawt.macosx.LWCToolkit.doAWTRunLoopImpl(JZZ)V+0 java.desktop@21.0.4
J 10907 c1 sun.lwawt.macosx.LWCToolkit.invokeAndWait(Ljava/lang/Runnable;Ljava/awt/Component;)V java.desktop@21.0.4 (59 bytes) @ 0x0000000110160d5c [0x00000001101602e0+0x0000000000000a7c]
J 11163 c1 sun.lwawt.macosx.CAccessibility.invokeAndWait(Ljava/util/concurrent/Callable;Ljava/awt/Component;)Ljava/lang/Object; java.desktop@21.0.4 (7 bytes) @ 0x00000001102630cc [0x0000000110262ea0+0x000000000000022c]
j  sun.lwawt.macosx.CAccessibility.getChildrenAndRolesRecursive(Ljavax/accessibility/Accessible;Ljava/awt/Component;IZI)[Ljava/lang/Object;+20 java.desktop@21.0.4
v  ~StubRoutines::call_stub 0x0000000117425cc6
j  sun.lwawt.macosx.LWCToolkit.doAWTRunLoopImpl(JZZ)V+0 java.desktop@21.0.4
J 10907 c1 sun.lwawt.macosx.LWCToolkit.invokeAndWait(Ljava/lang/Runnable;Ljava/awt/Component;)V java.desktop@21.0.4 (59 bytes) @ 0x0000000110160d5c [0x00000001101602e0+0x0000000000000a7c]
J 11163 c1 sun.lwawt.macosx.CAccessibility.invokeAndWait(Ljava/util/concurrent/Callable;Ljava/awt/Component;)Ljava/lang/Object; java.desktop@21.0.4 (7 bytes) @ 0x00000001102630cc [0x0000000110262ea0+0x000000000000022c]
j  sun.lwawt.macosx.CAccessibility.getChildrenAndRolesRecursive(Ljavax/accessibility/Accessible;Ljava/awt/Component;IZI)[Ljava/lang/Object;+20 java.desktop@21.0.4
v  ~StubRoutines::call_stub 0x0000000117425cc6
j  sun.lwawt.macosx.LWCToolkit.doAWTRunLoopImpl(JZZ)V+0 java.desktop@21.0.4
J 10907 c1 sun.lwawt.macosx.LWCToolkit.invokeAndWait(Ljava/lang/Runnable;Ljava/awt/Component;)V java.desktop@21.0.4 (59 bytes) @ 0x0000000110160d5c [0x00000001101602e0+0x0000000000000a7c]
J 11163 c1 sun.lwawt.macosx.CAccessibility.invokeAndWait(Ljava/util/concurrent/Callable;Ljava/awt/Component;)Ljava/lang/Object; java.desktop@21.0.4 (7 bytes) @ 0x00000001102630cc [0x0000000110262ea0+0x000000000000022c]
j  sun.lwawt.macosx.CAccessibility.getChildrenAndRolesRecursive(Ljavax/accessibility/Accessible;Ljava/awt/Component;IZI)[Ljava/lang/Object;+20 java.desktop@21.0.4
v  ~StubRoutines::call_stub 0x0000000117425cc6
j  sun.lwawt.macosx.LWCToolkit.doAWTRunLoopImpl(JZZ)V+0 java.desktop@21.0.4
J 10907 c1 sun.lwawt.macosx.LWCToolkit.invokeAndWait(Ljava/lang/Runnable;Ljava/awt/Component;)V java.desktop@21.0.4 (59 bytes) @ 0x0000000110160d5c [0x00000001101602e0+0x0000000000000a7c]
J 11163 c1 sun.lwawt.macosx.CAccessibility.invokeAndWait(Ljava/util/concurrent/Callable;Ljava/awt/Component;)Ljava/lang/Object; java.desktop@21.0.4 (7 bytes) @ 0x00000001102630cc [0x0000000110262ea0+0x000000000000022c]
j  sun.lwawt.macosx.CAccessibility.getChildrenAndRolesRecursive(Ljavax/accessibility/Accessible;Ljava/awt/Component;IZI)[Ljava/lang/Object;+20 java.desktop@21.0.4
v  ~StubRoutines::call_stub 0x0000000117425cc6
j  sun.lwawt.macosx.LWCToolkit.doAWTRunLoopImpl(JZZ)V+0 java.desktop@21.0.4
J 10907 c1 sun.lwawt.macosx.LWCToolkit.invokeAndWait(Ljava/lang/Runnable;Ljava/awt/Component;)V java.desktop@21.0.4 (59 bytes) @ 0x0000000110160d5c [0x00000001101602e0+0x0000000000000a7c]
J 11163 c1 sun.lwawt.macosx.CAccessibility.invokeAndWait(Ljava/util/concurrent/Callable;Ljava/awt/Component;)Ljava/lang/Object; java.desktop@21.0.4 (7 bytes) @ 0x00000001102630cc [0x0000000110262ea0+0x000000000000022c]
j  sun.lwawt.macosx.CAccessibility.getChildrenAndRolesRecursive(Ljavax/accessibility/Accessible;Ljava/awt/Component;IZI)[Ljava/lang/Object;+20 java.desktop@21.0.4
v  ~StubRoutines::call_stub 0x0000000117425cc6
j  sun.lwawt.macosx.LWCToolkit.doAWTRunLoopImpl(JZZ)V+0 java.desktop@21.0.4
J 10907 c1 sun.lwawt.macosx.LWCToolkit.invokeAndWait(Ljava/lang/Runnable;Ljava/awt/Component;)V java.desktop@21.0.4 (59 bytes) @ 0x0000000110160d5c [0x00000001101602e0+0x0000000000000a7c]
j  sun.lwawt.macosx.LWCToolkit.invokeAndWait(Ljava/util/concurrent/Callable;Ljava/awt/Component;)Ljava/lang/Object;+11 java.desktop@21.0.4
j  sun.lwawt.macosx.CAccessibility.invokeAndWait(Ljava/util/concurrent/Callable;Ljava/awt/Component;Ljava/lang/Object;)Ljava/lang/Object;+8 java.desktop@21.0.4
j  sun.lwawt.macosx.CAccessibility.invokeAndWait(Ljava/util/concurrent/Callable;Ljava/awt/Component;)Ljava/lang/Object;+3 java.desktop@21.0.4
j  sun.lwawt.macosx.CAccessibility.getChildrenAndRolesRecursive(Ljavax/accessibility/Accessible;Ljava/awt/Component;IZI)[Ljava/lang/Object;+20 java.desktop@21.0.4
v  ~StubRoutines::call_stub 0x0000000117425cc6
j  sun.lwawt.macosx.LWCToolkit.doAWTRunLoopImpl(JZZ)V+0 java.desktop@21.0.4
J 10907 c1 sun.lwawt.macosx.LWCToolkit.invokeAndWait(Ljava/lang/Runnable;Ljava/awt/Component;)V java.desktop@21.0.4 (59 bytes) @ 0x0000000110160d5c [0x00000001101602e0+0x0000000000000a7c]
j  sun.lwawt.macosx.LWCToolkit.invokeAndWait(Ljava/util/concurrent/Callable;Ljava/awt/Component;)Ljava/lang/Object;+11 java.desktop@21.0.4
j  sun.lwawt.macosx.CAccessibility.invokeAndWait(Ljava/util/concurrent/Callable;Ljava/awt/Component;Ljava/lang/Object;)Ljava/lang/Object;+8 java.desktop@21.0.4
j  sun.lwawt.macosx.CAccessibility.invokeAndWait(Ljava/util/concurrent/Callable;Ljava/awt/Component;)Ljava/lang/Object;+3 java.desktop@21.0.4
j  sun.lwawt.macosx.CAccessibility.getChildrenAndRolesRecursive(Ljavax/accessibility/Accessible;Ljava/awt/Component;IZI)[Ljava/lang/Object;+20 java.desktop@21.0.4
v  ~StubRoutines::call_stub 0x0000000117425cc6
j  sun.lwawt.macosx.LWCToolkit.doAWTRunLoopImpl(JZZ)V+0 java.desktop@21.0.4
J 10907 c1 sun.lwawt.macosx.LWCToolkit.invokeAndWait(Ljava/lang/Runnable;Ljava/awt/Component;)V java.desktop@21.0.4 (59 bytes) @ 0x0000000110160d5c [0x00000001101602e0+0x0000000000000a7c]
j  sun.lwawt.macosx.LWCToolkit.invokeAndWait(Ljava/util/concurrent/Callable;Ljava/awt/Component;)Ljava/lang/Object;+11 java.desktop@21.0.4
j  sun.lwawt.macosx.CAccessibility.invokeAndWait(Ljava/util/concurrent/Callable;Ljava/awt/Component;Ljava/lang/Object;)Ljava/lang/Object;+8 java.desktop@21.0.4
j  sun.lwawt.macosx.CAccessibility.invokeAndWait(Ljava/util/concurrent/Callable;Ljava/awt/Component;)Ljava/lang/Object;+3 java.desktop@21.0.4
j  sun.lwawt.macosx.CAccessibility.getChildrenAndRolesRecursive(Ljavax/accessibility/Accessible;Ljava/awt/Component;IZI)[Ljava/lang/Object;+20 java.desktop@21.0.4
v  ~StubRoutines::call_stub 0x0000000117425cc6
j  sun.lwawt.macosx.LWCToolkit.doAWTRunLoopImpl(JZZ)V+0 java.desktop@21.0.4
J 10907 c1 sun.lwawt.macosx.LWCToolkit.invokeAndWait(Ljava/lang/Runnable;Ljava/awt/Component;)V java.desktop@21.0.4 (59 bytes) @ 0x0000000110160d5c [0x00000001101602e0+0x0000000000000a7c]
j  sun.lwawt.macosx.LWCToolkit.invokeAndWait(Ljava/util/concurrent/Callable;Ljava/awt/Component;)Ljava/lang/Object;+11 java.desktop@21.0.4
j  sun.lwawt.macosx.CAccessibility.invokeAndWait(Ljava/util/concurrent/Callable;Ljava/awt/Component;Ljava/lang/Object;)Ljava/lang/Object;+8 java.desktop@21.0.4
j  sun.lwawt.macosx.CAccessibility.invokeAndWait(Ljava/util/concurrent/Callable;Ljava/awt/Component;)Ljava/lang/Object;+3 java.desktop@21.0.4
j  sun.lwawt.macosx.CAccessibility.getChildrenAndRolesRecursive(Ljavax/accessibility/Accessible;Ljava/awt/Component;IZI)[Ljava/lang/Object;+20 java.desktop@21.0.4
v  ~StubRoutines::call_stub 0x0000000117425cc6
j  sun.lwawt.macosx.LWCToolkit.doAWTRunLoopImpl(JZZ)V+0 java.desktop@21.0.4
J 10907 c1 sun.lwawt.macosx.LWCToolkit.invokeAndWait(Ljava/lang/Runnable;Ljava/awt/Component;)V java.desktop@21.0.4 (59 bytes) @ 0x0000000110160d5c [0x00000001101602e0+0x0000000000000a7c]
j  sun.lwawt.macosx.LWCToolkit.invokeAndWait(Ljava/util/concurrent/Callable;Ljava/awt/Component;)Ljava/lang/Object;+11 java.desktop@21.0.4
j  sun.lwawt.macosx.CAccessibility.invokeAndWait(Ljava/util/concurrent/Callable;Ljava/awt/Component;Ljava/lang/Object;)Ljava/lang/Object;+8 java.desktop@21.0.4
j  sun.lwawt.macosx.CAccessibility.invokeAndWait(Ljava/util/concurrent/Callable;Ljava/awt/Component;)Ljava/lang/Object;+3 java.desktop@21.0.4
j  sun.lwawt.macosx.CAccessibility.getChildrenAndRolesRecursive(Ljavax/accessibility/Accessible;Ljava/awt/Component;IZI)[Ljava/lang/Object;+20 java.desktop@21.0.4
v  ~StubRoutines::call_stub 0x0000000117425cc6
j  sun.lwawt.macosx.LWCToolkit.doAWTRunLoopImpl(JZZ)V+0 java.desktop@21.0.4
J 10907 c1 sun.lwawt.macosx.LWCToolkit.invokeAndWait(Ljava/lang/Runnable;Ljava/awt/Component;)V java.desktop@21.0.4 (59 bytes) @ 0x0000000110160d5c [0x00000001101602e0+0x0000000000000a7c]
j  sun.lwawt.macosx.LWCToolkit.invokeAndWait(Ljava/util/concurrent/Callable;Ljava/awt/Component;)Ljava/lang/Object;+11 java.desktop@21.0.4
j  sun.lwawt.macosx.CAccessibility.invokeAndWait(Ljava/util/concurrent/Callable;Ljava/awt/Component;Ljava/lang/Object;)Ljava/lang/Object;+8 java.desktop@21.0.4
j  sun.lwawt.macosx.CAccessibility.invokeAndWait(Ljava/util/concurrent/Callable;Ljava/awt/Component;)Ljava/lang/Object;+3 java.desktop@21.0.4
j  sun.lwawt.macosx.CAccessibility.getChildrenAndRolesRecursive(Ljavax/accessibility/Accessible;Ljava/awt/Component;IZI)[Ljava/lang/Object;+20 java.desktop@21.0.4
v  ~StubRoutines::call_stub 0x0000000117425cc6
j  sun.lwawt.macosx.LWCToolkit.doAWTRunLoopImpl(JZZ)V+0 java.desktop@21.0.4
J 10907 c1 sun.lwawt.macosx.LWCToolkit.invokeAndWait(Ljava/lang/Runnable;Ljava/awt/Component;)V java.desktop@21.0.4 (59 bytes) @ 0x0000000110160d5c [0x00000001101602e0+0x0000000000000a7c]
j  sun.lwawt.macosx.LWCToolkit.invokeAndWait(Ljava/util/concurrent/Callable;Ljava/awt/Component;)Ljava/lang/Object;+11 java.desktop@21.0.4
j  sun.lwawt.macosx.CAccessibility.invokeAndWait(Ljava/util/concurrent/Callable;Ljava/awt/Component;Ljava/lang/Object;)Ljava/lang/Object;+8 java.desktop@21.0.4
j  sun.lwawt.macosx.CAccessibility.invokeAndWait(Ljava/util/concurrent/Callable;Ljava/awt/Component;)Ljava/lang/Object;+3 java.desktop@21.0.4
j  sun.lwawt.macosx.CAccessibility.getChildrenAndRolesRecursive(Ljavax/accessibility/Accessible;Ljava/awt/Component;IZI)[Ljava/lang/Object;+20 java.desktop@21.0.4
v  ~StubRoutines::call_stub 0x0000000117425cc6
j  sun.lwawt.macosx.LWCToolkit.doAWTRunLoopImpl(JZZ)V+0 java.desktop@21.0.4
J 10907 c1 sun.lwawt.macosx.LWCToolkit.invokeAndWait(Ljava/lang/Runnable;Ljava/awt/Component;)V java.desktop@21.0.4 (59 bytes) @ 0x0000000110160d5c [0x00000001101602e0+0x0000000000000a7c]
j  sun.lwawt.macosx.LWCToolkit.invokeAndWait(Ljava/util/concurrent/Callable;Ljava/awt/Component;)Ljava/lang/Object;+11 java.desktop@21.0.4
j  sun.lwawt.macosx.CAccessibility.invokeAndWait(Ljava/util/concurrent/Callable;Ljava/awt/Component;Ljava/lang/Object;)Ljava/lang/Object;+8 java.desktop@21.0.4
j  sun.lwawt.macosx.CAccessibility.invokeAndWait(Ljava/util/concurrent/Callable;Ljava/awt/Component;)Ljava/lang/Object;+3 java.desktop@21.0.4
j  sun.lwawt.macosx.CAccessibility.getChildrenAndRolesRecursive(Ljavax/accessibility/Accessible;Ljava/awt/Component;IZI)[Ljava/lang/Object;+20 java.desktop@21.0.4
v  ~StubRoutines::call_stub 0x0000000117425cc6
j  sun.lwawt.macosx.LWCToolkit.doAWTRunLoopImpl(JZZ)V+0 java.desktop@21.0.4
J 10907 c1 sun.lwawt.macosx.LWCToolkit.invokeAndWait(Ljava/lang/Runnable;Ljava/awt/Component;)V java.desktop@21.0.4 (59 bytes) @ 0x0000000110160d5c [0x00000001101602e0+0x0000000000000a7c]
j  sun.lwawt.macosx.LWCToolkit.invokeAndWait(Ljava/util/concurrent/Callable;Ljava/awt/Component;)Ljava/lang/Object;+11 java.desktop@21.0.4
j  sun.lwawt.macosx.CAccessibility.invokeAndWait(Ljava/util/concurrent/Callable;Ljava/awt/Component;Ljava/lang/Object;)Ljava/lang/Object;+8 java.desktop@21.0.4
j  sun.lwawt.macosx.CAccessibility.invokeAndWait(Ljava/util/concurrent/Callable;Ljava/awt/Component;)Ljava/lang/Object;+3 java.desktop@21.0.4
j  sun.lwawt.macosx.CAccessibility.getChildrenAndRolesRecursive(Ljavax/accessibility/Accessible;Ljava/awt/Component;IZI)[Ljava/lang/Object;+20 java.desktop@21.0.4
v  ~StubRoutines::call_stub 0x0000000117425cc6
j  sun.lwawt.macosx.LWCToolkit.doAWTRunLoopImpl(JZZ)V+0 java.desktop@21.0.4
J 10907 c1 sun.lwawt.macosx.LWCToolkit.invokeAndWait(Ljava/lang/Runnable;Ljava/awt/Component;)V java.desktop@21.0.4 (59 bytes) @ 0x0000000110160d5c [0x00000001101602e0+0x0000000000000a7c]
j  sun.lwawt.macosx.LWCToolkit.invokeAndWait(Ljava/util/concurrent/Callable;Ljava/awt/Component;)Ljava/lang/Object;+11 java.desktop@21.0.4
j  sun.lwawt.macosx.CAccessibility.invokeAndWait(Ljava/util/concurrent/Callable;Ljava/awt/Component;Ljava/lang/Object;)Ljava/lang/Object;+8 java.desktop@21.0.4
j  sun.lwawt.macosx.CAccessibility.invokeAndWait(Ljava/util/concurrent/Callable;Ljava/awt/Component;)Ljava/lang/Object;+3 java.desktop@21.0.4
j  sun.lwawt.macosx.CAccessibility.getChildrenAndRolesRecursive(Ljavax/accessibility/Accessible;Ljava/awt/Component;IZI)[Ljava/lang/Object;+20 java.desktop@21.0.4
v  ~StubRoutines::call_stub 0x0000000117425cc6
j  sun.lwawt.macosx.LWCToolkit.doAWTRunLoopImpl(JZZ)V+0 java.desktop@21.0.4
J 10907 c1 sun.lwawt.macosx.LWCToolkit.invokeAndWait(Ljava/lang/Runnable;Ljava/awt/Component;)V java.desktop@21.0.4 (59 bytes) @ 0x0000000110160d5c [0x00000001101602e0+0x0000000000000a7c]
j  sun.lwawt.macosx.LWCToolkit.invokeAndWait(Ljava/util/concurrent/Callable;Ljava/awt/Component;)Ljava/lang/Object;+11 java.desktop@21.0.4
j  sun.lwawt.macosx.CAccessibility.invokeAndWait(Ljava/util/concurrent/Callable;Ljava/awt/Component;Ljava/lang/Object;)Ljava/lang/Object;+8 java.desktop@21.0.4
j  sun.lwawt.macosx.CAccessibility.invokeAndWait(Ljava/util/concurrent/Callable;Ljava/awt/Component;)Ljava/lang/Object;+3 java.desktop@21.0.4
j  sun.lwawt.macosx.CAccessibility.getChildrenAndRolesRecursive(Ljavax/accessibility/Accessible;Ljava/awt/Component;IZI)[Ljava/lang/Object;+20 java.desktop@21.0.4
v  ~StubRoutines::call_stub 0x0000000117425cc6
j  sun.lwawt.macosx.LWCToolkit.doAWTRunLoopImpl(JZZ)V+0 java.desktop@21.0.4
J 10907 c1 sun.lwawt.macosx.LWCToolkit.invokeAndWait(Ljava/lang/Runnable;Ljava/awt/Component;)V java.desktop@21.0.4 (59 bytes) @ 0x0000000110160d5c [0x00000001101602e0+0x0000000000000a7c]
j  sun.lwawt.macosx.LWCToolkit.invokeAndWait(Ljava/util/concurrent/Callable;Ljava/awt/Component;)Ljava/lang/Object;+11 java.desktop@21.0.4
j  sun.lwawt.macosx.CAccessibility.invokeAndWait(Ljava/util/concurrent/Callable;Ljava/awt/Component;Ljava/lang/Object;)Ljava/lang/Object;+8 java.desktop@21.0.4
j  sun.lwawt.macosx.CAccessibility.invokeAndWait(Ljava/util/concurrent/Callable;Ljava/awt/Component;)Ljava/lang/Object;+3 java.desktop@21.0.4
j  sun.lwawt.macosx.CAccessibility.getChildrenAndRolesRecursive(Ljavax/accessibility/Accessible;Ljava/awt/Component;IZI)[Ljava/lang/Object;+20 java.desktop@21.0.4
v  ~StubRoutines::call_stub 0x0000000117425cc6
j  sun.lwawt.macosx.LWCToolkit.doAWTRunLoopImpl(JZZ)V+0 java.desktop@21.0.4
J 10907 c1 sun.lwawt.macosx.LWCToolkit.invokeAndWait(Ljava/lang/Runnable;Ljava/awt/Component;)V java.desktop@21.0.4 (59 bytes) @ 0x0000000110160d5c [0x00000001101602e0+0x0000000000000a7c]
j  sun.lwawt.macosx.LWCToolkit.invokeAndWait(Ljava/util/concurrent/Callable;Ljava/awt/Component;)Ljava/lang/Object;+11 java.desktop@21.0.4
j  sun.lwawt.macosx.CAccessibility.invokeAndWait(Ljava/util/concurrent/Callable;Ljava/awt/Component;Ljava/lang/Object;)Ljava/lang/Object;+8 java.desktop@21.0.4
j  sun.lwawt.macosx.CAccessibility.invokeAndWait(Ljava/util/concurrent/Callable;Ljava/awt/Component;)Ljava/lang/Object;+3 java.desktop@21.0.4
j  sun.lwawt.macosx.CAccessibility.getChildrenAndRolesRecursive(Ljavax/accessibility/Accessible;Ljava/awt/Component;IZI)[Ljava/lang/Object;+20 java.desktop@21.0.4
v  ~StubRoutines::call_stub 0x0000000117425cc6
j  sun.lwawt.macosx.LWCToolkit.doAWTRunLoopImpl(JZZ)V+0 java.desktop@21.0.4
J 10907 c1 sun.lwawt.macosx.LWCToolkit.invokeAndWait(Ljava/lang/Runnable;Ljava/awt/Component;)V java.desktop@21.0.4 (59 bytes) @ 0x0000000110160d5c [0x00000001101602e0+0x0000000000000a7c]
j  sun.lwawt.macosx.LWCToolkit.invokeAndWait(Ljava/util/concurrent/Callable;Ljava/awt/Component;)Ljava/lang/Object;+11 java.desktop@21.0.4
j  sun.lwawt.macosx.CAccessibility.invokeAndWait(Ljava/util/concurrent/Callable;Ljava/awt/Component;Ljava/lang/Object;)Ljava/lang/Object;+8 java.desktop@21.0.4
j  sun.lwawt.macosx.CAccessibility.invokeAndWait(Ljava/util/concurrent/Callable;Ljava/awt/Component;)Ljava/lang/Object;+3 java.desktop@21.0.4
j  sun.lwawt.macosx.CAccessibility.getChildrenAndRolesRecursive(Ljavax/accessibility/Accessible;Ljava/awt/Component;IZI)[Ljava/lang/Object;+20 java.desktop@21.0.4
v  ~StubRoutines::call_stub 0x0000000117425cc6
j  sun.lwawt.macosx.LWCToolkit.doAWTRunLoopImpl(JZZ)V+0 java.desktop@21.0.4
J 10907 c1 sun.lwawt.macosx.LWCToolkit.invokeAndWait(Ljava/lang/Runnable;Ljava/awt/Component;)V java.desktop@21.0.4 (59 bytes) @ 0x0000000110160d5c [0x00000001101602e0+0x0000000000000a7c]
j  sun.lwawt.macosx.LWCToolkit.invokeAndWait(Ljava/util/concurrent/Callable;Ljava/awt/Component;)Ljava/lang/Object;+11 java.desktop@21.0.4
j  sun.lwawt.macosx.CAccessibility.invokeAndWait(Ljava/util/concurrent/Callable;Ljava/awt/Component;Ljava/lang/Object;)Ljava/lang/Object;+8 java.desktop@21.0.4
j  sun.lwawt.macosx.CAccessibility.invokeAndWait(Ljava/util/concurrent/Callable;Ljava/awt/Component;)Ljava/lang/Object;+3 java.desktop@21.0.4
j  sun.lwawt.macosx.CAccessibility.getChildrenAndRolesRecursive(Ljavax/accessibility/Accessible;Ljava/awt/Component;IZI)[Ljava/lang/Object;+20 java.desktop@21.0.4
v  ~StubRoutines::call_stub 0x0000000117425cc6
j  sun.lwawt.macosx.LWCToolkit.doAWTRunLoopImpl(JZZ)V+0 java.desktop@21.0.4
J 10907 c1 sun.lwawt.macosx.LWCToolkit.invokeAndWait(Ljava/lang/Runnable;Ljava/awt/Component;)V java.desktop@21.0.4 (59 bytes) @ 0x0000000110160d5c [0x00000001101602e0+0x0000000000000a7c]
j  sun.lwawt.macosx.LWCToolkit.invokeAndWait(Ljava/util/concurrent/Callable;Ljava/awt/Component;)Ljava/lang/Object;+11 java.desktop@21.0.4
j  sun.lwawt.macosx.CAccessibility.invokeAndWait(Ljava/util/concurrent/Callable;Ljava/awt/Component;Ljava/lang/Object;)Ljava/lang/Object;+8 java.desktop@21.0.4
j  sun.lwawt.macosx.CAccessibility.invokeAndWait(Ljava/util/concurrent/Callable;Ljava/awt/Component;)Ljava/lang/Object;+3 java.desktop@21.0.4
j  sun.lwawt.macosx.CAccessibility.getChildrenAndRolesRecursive(Ljavax/accessibility/Accessible;Ljava/awt/Component;IZI)[Ljava/lang/Object;+20 java.desktop@21.0.4
v  ~StubRoutines::call_stub 0x0000000117425cc6
j  sun.lwawt.macosx.LWCToolkit.doAWTRunLoopImpl(JZZ)V+0 java.desktop@21.0.4
J 10907 c1 sun.lwawt.macosx.LWCToolkit.invokeAndWait(Ljava/lang/Runnable;Ljava/awt/Component;)V java.desktop@21.0.4 (59 bytes) @ 0x0000000110160d5c [0x00000001101602e0+0x0000000000000a7c]
j  sun.lwawt.macosx.LWCToolkit.invokeAndWait(Ljava/util/concurrent/Callable;Ljava/awt/Component;)Ljava/lang/Object;+11 java.desktop@21.0.4
j  sun.lwawt.macosx.CAccessibility.invokeAndWait(Ljava/util/concurrent/Callable;Ljava/awt/Component;Ljava/lang/Object;)Ljava/lang/Object;+8 java.desktop@21.0.4
j  sun.lwawt.macosx.CAccessibility.invokeAndWait(Ljava/util/concurrent/Callable;Ljava/awt/Component;)Ljava/lang/Object;+3 java.desktop@21.0.4
j  sun.lwawt.macosx.CAccessibility.getChildrenAndRolesRecursive(Ljavax/accessibility/Accessible;Ljava/awt/Component;IZI)[Ljava/lang/Object;+20 java.desktop@21.0.4
v  ~StubRoutines::call_stub 0x0000000117425cc6
j  sun.lwawt.macosx.LWCToolkit.doAWTRunLoopImpl(JZZ)V+0 java.desktop@21.0.4
J 10907 c1 sun.lwawt.macosx.LWCToolkit.invokeAndWait(Ljava/lang/Runnable;Ljava/awt/Component;)V java.desktop@21.0.4 (59 bytes) @ 0x0000000110160d5c [0x00000001101602e0+0x0000000000000a7c]
j  sun.lwawt.macosx.LWCToolkit.invokeAndWait(Ljava/util/concurrent/Callable;Ljava/awt/Component;)Ljava/lang/Object;+11 java.desktop@21.0.4
j  sun.lwawt.macosx.CAccessibility.invokeAndWait(Ljava/util/concurrent/Callable;Ljava/awt/Component;Ljava/lang/Object;)Ljava/lang/Object;+8 java.desktop@21.0.4
j  sun.lwawt.macosx.CAccessibility.invokeAndWait(Ljava/util/concurrent/Callable;Ljava/awt/Component;)Ljava/lang/Object;+3 java.desktop@21.0.4
j  sun.lwawt.macosx.CAccessibility.getChildrenAndRolesRecursive(Ljavax/accessibility/Accessible;Ljava/awt/Component;IZI)[Ljava/lang/Object;+20 java.desktop@21.0.4
v  ~StubRoutines::call_stub 0x0000000117425cc6
j  sun.lwawt.macosx.LWCToolkit.doAWTRunLoopImpl(JZZ)V+0 java.desktop@21.0.4
J 10907 c1 sun.lwawt.macosx.LWCToolkit.invokeAndWait(Ljava/lang/Runnable;Ljava/awt/Component;)V java.desktop@21.0.4 (59 bytes) @ 0x0000000110160d5c [0x00000001101602e0+0x0000000000000a7c]
j  sun.lwawt.macosx.LWCToolkit.invokeAndWait(Ljava/util/concurrent/Callable;Ljava/awt/Component;)Ljava/lang/Object;+11 java.desktop@21.0.4
j  sun.lwawt.macosx.CAccessibility.invokeAndWait(Ljava/util/concurrent/Callable;Ljava/awt/Component;Ljava/lang/Object;)Ljava/lang/Object;+8 java.desktop@21.0.4
j  sun.lwawt.macosx.CAccessibility.invokeAndWait(Ljava/util/concurrent/Callable;Ljava/awt/Component;)Ljava/lang/Object;+3 java.desktop@21.0.4
j  sun.lwawt.macosx.CAccessibility.getChildrenAndRolesRecursive(Ljavax/accessibility/Accessible;Ljava/awt/Component;IZI)[Ljava/lang/Object;+20 java.desktop@21.0.4
v  ~StubRoutines::call_stub 0x0000000117425cc6
j  sun.lwawt.macosx.LWCToolkit.doAWTRunLoopImpl(JZZ)V+0 java.desktop@21.0.4
J 10907 c1 sun.lwawt.macosx.LWCToolkit.invokeAndWait(Ljava/lang/Runnable;Ljava/awt/Component;)V java.desktop@21.0.4 (59 bytes) @ 0x0000000110160d5c [0x00000001101602e0+0x0000000000000a7c]
j  sun.lwawt.macosx.LWCToolkit.invokeAndWait(Ljava/util/concurrent/Callable;Ljava/awt/Component;)Ljava/lang/Object;+11 java.desktop@21.0.4
j  sun.lwawt.macosx.CAccessibility.invokeAndWait(Ljava/util/concurrent/Callable;Ljava/awt/Component;Ljava/lang/Object;)Ljava/lang/Object;+8 java.desktop@21.0.4
j  sun.lwawt.macosx.CAccessibility.invokeAndWait(Ljava/util/concurrent/Callable;Ljava/awt/Component;)Ljava/lang/Object;+3 java.desktop@21.0.4
j  sun.lwawt.macosx.CAccessibility.getChildrenAndRolesRecursive(Ljavax/accessibility/Accessible;Ljava/awt/Component;IZI)[Ljava/lang/Object;+20 java.desktop@21.0.4
v  ~StubRoutines::call_stub 0x0000000117425cc6
j  sun.lwawt.macosx.LWCToolkit.doAWTRunLoopImpl(JZZ)V+0 java.desktop@21.0.4
J 10907 c1 sun.lwawt.macosx.LWCToolkit.invokeAndWait(Ljava/lang/Runnable;Ljava/awt/Component;)V java.desktop@21.0.4 (59 bytes) @ 0x0000000110160d5c [0x00000001101602e0+0x0000000000000a7c]
j  sun.lwawt.macosx.LWCToolkit.invokeAndWait(Ljava/util/concurrent/Callable;Ljava/awt/Component;)Ljava/lang/Object;+11 java.desktop@21.0.4
j  sun.lwawt.macosx.CAccessibility.invokeAndWait(Ljava/util/concurrent/Callable;Ljava/awt/Component;Ljava/lang/Object;)Ljava/lang/Object;+8 java.desktop@21.0.4
j  sun.lwawt.macosx.CAccessibility.invokeAndWait(Ljava/util/concurrent/Callable;Ljava/awt/Component;)Ljava/lang/Object;+3 java.desktop@21.0.4
j  sun.lwawt.macosx.CAccessibility.getChildrenAndRolesRecursive(Ljavax/accessibility/Accessible;Ljava/awt/Component;IZI)[Ljava/lang/Object;+20 java.desktop@21.0.4
v  ~StubRoutines::call_stub 0x0000000117425cc6
j  sun.lwawt.macosx.LWCToolkit.doAWTRunLoopImpl(JZZ)V+0 java.desktop@21.0.4
J 10907 c1 sun.lwawt.macosx.LWCToolkit.invokeAndWait(Ljava/lang/Runnable;Ljava/awt/Component;)V java.desktop@21.0.4 (59 bytes) @ 0x0000000110160d5c [0x00000001101602e0+0x0000000000000a7c]
j  sun.lwawt.macosx.LWCToolkit.invokeAndWait(Ljava/util/concurrent/Callable;Ljava/awt/Component;)Ljava/lang/Object;+11 java.desktop@21.0.4
j  sun.lwawt.macosx.CAccessibility.invokeAndWait(Ljava/util/concurrent/Callable;Ljava/awt/Component;Ljava/lang/Object;)Ljava/lang/Object;+8 java.desktop@21.0.4
j  sun.lwawt.macosx.CAccessibility.invokeAndWait(Ljava/util/concurrent/Callable;Ljava/awt/Component;)Ljava/lang/Object;+3 java.desktop@21.0.4
j  sun.lwawt.macosx.CAccessibility.getChildrenAndRolesRecursive(Ljavax/accessibility/Accessible;Ljava/awt/Component;IZI)[Ljava/lang/Object;+20 java.desktop@21.0.4
v  ~StubRoutines::call_stub 0x0000000117425cc6
j  sun.lwawt.macosx.LWCToolkit.doAWTRunLoopImpl(JZZ)V+0 java.desktop@21.0.4
J 10907 c1 sun.lwawt.macosx.LWCToolkit.invokeAndWait(Ljava/lang/Runnable;Ljava/awt/Component;)V java.desktop@21.0.4 (59 bytes) @ 0x0000000110160d5c [0x00000001101602e0+0x0000000000000a7c]
j  sun.lwawt.macosx.LWCToolkit.invokeAndWait(Ljava/util/concurrent/Callable;Ljava/awt/Component;)Ljava/lang/Object;+11 java.desktop@21.0.4
j  sun.lwawt.macosx.CAccessibility.invokeAndWait(Ljava/util/concurrent/Callable;Ljava/awt/Component;Ljava/lang/Object;)Ljava/lang/Object;+8 java.desktop@21.0.4
j  sun.lwawt.macosx.CAccessibility.invokeAndWait(Ljava/util/concurrent/Callable;Ljava/awt/Component;)Ljava/lang/Object;+3 java.desktop@21.0.4
j  sun.lwawt.macosx.CAccessibility.getChildrenAndRolesRecursive(Ljavax/accessibility/Accessible;Ljava/awt/Component;IZI)[Ljava/lang/Object;+20 java.desktop@21.0.4
v  ~StubRoutines::call_stub 0x0000000117425cc6
j  sun.lwawt.macosx.LWCToolkit.doAWTRunLoopImpl(JZZ)V+0 java.desktop@21.0.4
J 10907 c1 sun.lwawt.macosx.LWCToolkit.invokeAndWait(Ljava/lang/Runnable;Ljava/awt/Component;)V java.desktop@21.0.4 (59 bytes) @ 0x0000000110160d5c [0x00000001101602e0+0x0000000000000a7c]
j  sun.lwawt.macosx.LWCToolkit.invokeAndWait(Ljava/util/concurrent/Callable;Ljava/awt/Component;)Ljava/lang/Object;+11 java.desktop@21.0.4
j  sun.lwawt.macosx.CAccessibility.invokeAndWait(Ljava/util/concurrent/Callable;Ljava/awt/Component;Ljava/lang/Object;)Ljava/lang/Object;+8 java.desktop@21.0.4
j  sun.lwawt.macosx.CAccessibility.invokeAndWait(Ljava/util/concurrent/Callable;Ljava/awt/Component;)Ljava/lang/Object;+3 java.desktop@21.0.4
j  sun.lwawt.macosx.CAccessibility.getChildrenAndRolesRecursive(Ljavax/accessibility/Accessible;Ljava/awt/Component;IZI)[Ljava/lang/Object;+20 java.desktop@21.0.4
v  ~StubRoutines::call_stub 0x0000000117425cc6
j  sun.lwawt.macosx.LWCToolkit.doAWTRunLoopImpl(JZZ)V+0 java.desktop@21.0.4
J 10907 c1 sun.lwawt.macosx.LWCToolkit.invokeAndWait(Ljava/lang/Runnable;Ljava/awt/Component;)V java.desktop@21.0.4 (59 bytes) @ 0x0000000110160d5c [0x00000001101602e0+0x0000000000000a7c]
j  sun.lwawt.macosx.LWCToolkit.invokeAndWait(Ljava/util/concurrent/Callable;Ljava/awt/Component;)Ljava/lang/Object;+11 java.desktop@21.0.4
j  sun.lwawt.macosx.CAccessibility.invokeAndWait(Ljava/util/concurrent/Callable;Ljava/awt/Component;Ljava/lang/Object;)Ljava/lang/Object;+8 java.desktop@21.0.4
j  sun.lwawt.macosx.CAccessibility.invokeAndWait(Ljava/util/concurrent/Callable;Ljava/awt/Component;)Ljava/lang/Object;+3 java.desktop@21.0.4
j  sun.lwawt.macosx.CAccessibility.getChildrenAndRolesRecursive(Ljavax/accessibility/Accessible;Ljava/awt/Component;IZI)[Ljava/lang/Object;+20 java.desktop@21.0.4
v  ~StubRoutines::call_stub 0x0000000117425cc6
j  sun.lwawt.macosx.LWCToolkit.doAWTRunLoopImpl(JZZ)V+0 java.desktop@21.0.4
J 10907 c1 sun.lwawt.macosx.LWCToolkit.invokeAndWait(Ljava/lang/Runnable;Ljava/awt/Component;)V java.desktop@21.0.4 (59 bytes) @ 0x0000000110160d5c [0x00000001101602e0+0x0000000000000a7c]
j  sun.lwawt.macosx.LWCToolkit.invokeAndWait(Ljava/util/concurrent/Callable;Ljava/awt/Component;)Ljava/lang/Object;+11 java.desktop@21.0.4
j  sun.lwawt.macosx.CAccessibility.invokeAndWait(Ljava/util/concurrent/Callable;Ljava/awt/Component;Ljava/lang/Object;)Ljava/lang/Object;+8 java.desktop@21.0.4
j  sun.lwawt.macosx.CAccessibility.invokeAndWait(Ljava/util/concurrent/Callable;Ljava/awt/Component;)Ljava/lang/Object;+3 java.desktop@21.0.4
j  sun.lwawt.macosx.CAccessibility.getChildrenAndRolesRecursive(Ljavax/accessibility/Accessible;Ljava/awt/Component;IZI)[Ljava/lang/Object;+20 java.desktop@21.0.4
v  ~StubRoutines::call_stub 0x0000000117425cc6
j  sun.lwawt.macosx.LWCToolkit.doAWTRunLoopImpl(JZZ)V+0 java.desktop@21.0.4
J 10907 c1 sun.lwawt.macosx.LWCToolkit.invokeAndWait(Ljava/lang/Runnable;Ljava/awt/Component;)V java.desktop@21.0.4 (59 bytes) @ 0x0000000110160d5c [0x00000001101602e0+0x0000000000000a7c]
j  sun.lwawt.macosx.LWCToolkit.invokeAndWait(Ljava/util/concurrent/Callable;Ljava/awt/Component;)Ljava/lang/Object;+11 java.desktop@21.0.4
j  sun.lwawt.macosx.CAccessibility.invokeAndWait(Ljava/util/concurrent/Callable;Ljava/awt/Component;Ljava/lang/Object;)Ljava/lang/Object;+8 java.desktop@21.0.4
j  sun.lwawt.macosx.CAccessibility.invokeAndWait(Ljava/util/concurrent/Callable;Ljava/awt/Component;)Ljava/lang/Object;+3 java.desktop@21.0.4
j  sun.lwawt.macosx.CAccessibility.getChildrenAndRolesRecursive(Ljavax/accessibility/Accessible;Ljava/awt/Component;IZI)[Ljava/lang/Object;+20 java.desktop@21.0.4
v  ~StubRoutines::call_stub 0x0000000117425cc6
j  sun.lwawt.macosx.LWCToolkit.doAWTRunLoopImpl(JZZ)V+0 java.desktop@21.0.4
J 10907 c1 sun.lwawt.macosx.LWCToolkit.invokeAndWait(Ljava/lang/Runnable;Ljava/awt/Component;)V java.desktop@21.0.4 (59 bytes) @ 0x0000000110160d5c [0x00000001101602e0+0x0000000000000a7c]
j  sun.lwawt.macosx.LWCToolkit.invokeAndWait(Ljava/util/concurrent/Callable;Ljava/awt/Component;)Ljava/lang/Object;+11 java.desktop@21.0.4
j  sun.lwawt.macosx.CAccessibility.invokeAndWait(Ljava/util/concurrent/Callable;Ljava/awt/Component;Ljava/lang/Object;)Ljava/lang/Object;+8 java.desktop@21.0.4
j  sun.lwawt.macosx.CAccessibility.invokeAndWait(Ljava/util/concurrent/Callable;Ljava/awt/Component;)Ljava/lang/Object;+3 java.desktop@21.0.4
j  sun.lwawt.macosx.CAccessibility.getChildrenAndRolesRecursive(Ljavax/accessibility/Accessible;Ljava/awt/Component;IZI)[Ljava/lang/Object;+20 java.desktop@21.0.4
v  ~StubRoutines::call_stub 0x0000000117425cc6
j  sun.lwawt.macosx.LWCToolkit.doAWTRunLoopImpl(JZZ)V+0 java.desktop@21.0.4
J 10907 c1 sun.lwawt.macosx.LWCToolkit.invokeAndWait(Ljava/lang/Runnable;Ljava/awt/Component;)V java.desktop@21.0.4 (59 bytes) @ 0x0000000110160d5c [0x00000001101602e0+0x0000000000000a7c]
j  sun.lwawt.macosx.LWCToolkit.invokeAndWait(Ljava/util/concurrent/Callable;Ljava/awt/Component;)Ljava/lang/Object;+11 java.desktop@21.0.4
j  sun.lwawt.macosx.CAccessibility.invokeAndWait(Ljava/util/concurrent/Callable;Ljava/awt/Component;Ljava/lang/Object;)Ljava/lang/Object;+8 java.desktop@21.0.4
j  sun.lwawt.macosx.CAccessibility.invokeAndWait(Ljava/util/concurrent/Callable;Ljava/awt/Component;)Ljava/lang/Object;+3 java.desktop@21.0.4
j  sun.lwawt.macosx.CAccessibility.getChildrenAndRolesRecursive(Ljavax/accessibility/Accessible;Ljava/awt/Component;IZI)[Ljava/lang/Object;+20 java.desktop@21.0.4
v  ~StubRoutines::call_stub 0x0000000117425cc6
j  sun.lwawt.macosx.LWCToolkit.doAWTRunLoopImpl(JZZ)V+0 java.desktop@21.0.4
J 10907 c1 sun.lwawt.macosx.LWCToolkit.invokeAndWait(Ljava/lang/Runnable;Ljava/awt/Component;)V java.desktop@21.0.4 (59 bytes) @ 0x0000000110160d5c [0x00000001101602e0+0x0000000000000a7c]
j  sun.lwawt.macosx.LWCToolkit.invokeAndWait(Ljava/util/concurrent/Callable;Ljava/awt/Component;)Ljava/lang/Object;+11 java.desktop@21.0.4
j  sun.lwawt.macosx.CAccessibility.invokeAndWait(Ljava/util/concurrent/Callable;Ljava/awt/Component;Ljava/lang/Object;)Ljava/lang/Object;+8 java.desktop@21.0.4
j  sun.lwawt.macosx.CAccessibility.invokeAndWait(Ljava/util/concurrent/Callable;Ljava/awt/Component;)Ljava/lang/Object;+3 java.desktop@21.0.4
j  sun.lwawt.macosx.CAccessibility.getChildrenAndRolesRecursive(Ljavax/accessibility/Accessible;Ljava/awt/Component;IZI)[Ljava/lang/Object;+20 java.desktop@21.0.4
v  ~StubRoutines::call_stub 0x0000000117425cc6
j  sun.lwawt.macosx.LWCToolkit.doAWTRunLoopImpl(JZZ)V+0 java.desktop@21.0.4
J 10907 c1 sun.lwawt.macosx.LWCToolkit.invokeAndWait(Ljava/lang/Runnable;Ljava/awt/Component;)V java.desktop@21.0.4 (59 bytes) @ 0x0000000110160d5c [0x00000001101602e0+0x0000000000000a7c]
j  sun.lwawt.macosx.LWCToolkit.invokeAndWait(Ljava/util/concurrent/Callable;Ljava/awt/Component;)Ljava/lang/Object;+11 java.desktop@21.0.4
j  sun.lwawt.macosx.CAccessibility.invokeAndWait(Ljava/util/concurrent/Callable;Ljava/awt/Component;Ljava/lang/Object;)Ljava/lang/Object;+8 java.desktop@21.0.4
j  sun.lwawt.macosx.CAccessibility.invokeAndWait(Ljava/util/concurrent/Callable;Ljava/awt/Component;)Ljava/lang/Object;+3 java.desktop@21.0.4
j  sun.lwawt.macosx.CAccessibility.getChildrenAndRolesRecursive(Ljavax/accessibility/Accessible;Ljava/awt/Component;IZI)[Ljava/lang/Object;+20 java.desktop@21.0.4
v  ~StubRoutines::call_stub 0x0000000117425cc6
j  sun.lwawt.macosx.LWCToolkit.doAWTRunLoopImpl(JZZ)V+0 java.desktop@21.0.4
J 10907 c1 sun.lwawt.macosx.LWCToolkit.invokeAndWait(Ljava/lang/Runnable;Ljava/awt/Component;)V java.desktop@21.0.4 (59 bytes) @ 0x0000000110160d5c [0x00000001101602e0+0x0000000000000a7c]
j  sun.lwawt.macosx.LWCToolkit.invokeAndWait(Ljava/util/concurrent/Callable;Ljava/awt/Component;)Ljava/lang/Object;+11 java.desktop@21.0.4
j  sun.lwawt.macosx.CAccessibility.invokeAndWait(Ljava/util/concurrent/Callable;Ljava/awt/Component;Ljava/lang/Object;)Ljava/lang/Object;+8 java.desktop@21.0.4
j  sun.lwawt.macosx.CAccessibility.invokeAndWait(Ljava/util/concurrent/Callable;Ljava/awt/Component;)Ljava/lang/Object;+3 java.desktop@21.0.4
j  sun.lwawt.macosx.CAccessibility.getChildrenAndRolesRecursive(Ljavax/accessibility/Accessible;Ljava/awt/Component;IZI)[Ljava/lang/Object;+20 java.desktop@21.0.4
v  ~StubRoutines::call_stub 0x0000000117425cc6
j  sun.lwawt.macosx.LWCToolkit.doAWTRunLoopImpl(JZZ)V+0 java.desktop@21.0.4
J 10907 c1 sun.lwawt.macosx.LWCToolkit.invokeAndWait(Ljava/lang/Runnable;Ljava/awt/Component;)V java.desktop@21.0.4 (59 bytes) @ 0x0000000110160d5c [0x00000001101602e0+0x0000000000000a7c]
j  sun.lwawt.macosx.LWCToolkit.invokeAndWait(Ljava/util/concurrent/Callable;Ljava/awt/Component;)Ljava/lang/Object;+11 java.desktop@21.0.4
j  sun.lwawt.macosx.CAccessibility.invokeAndWait(Ljava/util/concurrent/Callable;Ljava/awt/Component;Ljava/lang/Object;)Ljava/lang/Object;+8 java.desktop@21.0.4
j  sun.lwawt.macosx.CAccessibility.invokeAndWait(Ljava/util/concurrent/Callable;Ljava/awt/Component;)Ljava/lang/Object;+3 java.desktop@21.0.4
j  sun.lwawt.macosx.CAccessibility.getChildrenAndRolesRecursive(Ljavax/accessibility/Accessible;Ljava/awt/Component;IZI)[Ljava/lang/Object;+20 java.desktop@21.0.4
v  ~StubRoutines::call_stub 0x0000000117425cc6
j  sun.lwawt.macosx.LWCToolkit.doAWTRunLoopImpl(JZZ)V+0 java.desktop@21.0.4
J 10907 c1 sun.lwawt.macosx.LWCToolkit.invokeAndWait(Ljava/lang/Runnable;Ljava/awt/Component;)V java.desktop@21.0.4 (59 bytes) @ 0x0000000110160d5c [0x00000001101602e0+0x0000000000000a7c]
j  sun.lwawt.macosx.LWCToolkit.invokeAndWait(Ljava/util/concurrent/Callable;Ljava/awt/Component;)Ljava/lang/Object;+11 java.desktop@21.0.4
j  sun.lwawt.macosx.CAccessibility.invokeAndWait(Ljava/util/concurrent/Callable;Ljava/awt/Component;Ljava/lang/Object;)Ljava/lang/Object;+8 java.desktop@21.0.4
j  sun.lwawt.macosx.CAccessibility.invokeAndWait(Ljava/util/concurrent/Callable;Ljava/awt/Component;)Ljava/lang/Object;+3 java.desktop@21.0.4
j  sun.lwawt.macosx.CAccessibility.getChildrenAndRolesRecursive(Ljavax/accessibility/Accessible;Ljava/awt/Component;IZI)[Ljava/lang/Object;+20 java.desktop@21.0.4
v  ~StubRoutines::call_stub 0x0000000117425cc6
j  sun.lwawt.macosx.LWCToolkit.doAWTRunLoopImpl(JZZ)V+0 java.desktop@21.0.4
J 10907 c1 sun.lwawt.macosx.LWCToolkit.invokeAndWait(Ljava/lang/Runnable;Ljava/awt/Component;)V java.desktop@21.0.4 (59 bytes) @ 0x0000000110160d5c [0x00000001101602e0+0x0000000000000a7c]
j  sun.lwawt.macosx.LWCToolkit.invokeAndWait(Ljava/util/concurrent/Callable;Ljava/awt/Component;)Ljava/lang/Object;+11 java.desktop@21.0.4
j  sun.lwawt.macosx.CAccessibility.invokeAndWait(Ljava/util/concurrent/Callable;Ljava/awt/Component;Ljava/lang/Object;)Ljava/lang/Object;+8 java.desktop@21.0.4
j  sun.lwawt.macosx.CAccessibility.invokeAndWait(Ljava/util/concurrent/Callable;Ljava/awt/Component;)Ljava/lang/Object;+3 java.desktop@21.0.4
j  sun.lwawt.macosx.CAccessibility.getChildrenAndRolesRecursive(Ljavax/accessibility/Accessible;Ljava/awt/Component;IZI)[Ljava/lang/Object;+20 java.desktop@21.0.4
v  ~StubRoutines::call_stub 0x0000000117425cc6
j  sun.lwawt.macosx.LWCToolkit.doAWTRunLoopImpl(JZZ)V+0 java.desktop@21.0.4
J 10907 c1 sun.lwawt.macosx.LWCToolkit.invokeAndWait(Ljava/lang/Runnable;Ljava/awt/Component;)V java.desktop@21.0.4 (59 bytes) @ 0x0000000110160d5c [0x00000001101602e0+0x0000000000000a7c]
j  sun.lwawt.macosx.LWCToolkit.invokeAndWait(Ljava/util/concurrent/Callable;Ljava/awt/Component;)Ljava/lang/Object;+11 java.desktop@21.0.4
j  sun.lwawt.macosx.CAccessibility.invokeAndWait(Ljava/util/concurrent/Callable;Ljava/awt/Component;Ljava/lang/Object;)Ljava/lang/Object;+8 java.desktop@21.0.4
j  sun.lwawt.macosx.CAccessibility.invokeAndWait(Ljava/util/concurrent/Callable;Ljava/awt/Component;)Ljava/lang/Object;+3 java.desktop@21.0.4
j  sun.lwawt.macosx.CAccessibility.getChildrenAndRolesRecursive(Ljavax/accessibility/Accessible;Ljava/awt/Component;IZI)[Ljava/lang/Object;+20 java.desktop@21.0.4
v  ~StubRoutines::call_stub 0x0000000117425cc6
j  sun.lwawt.macosx.LWCToolkit.doAWTRunLoopImpl(JZZ)V+0 java.desktop@21.0.4
J 10907 c1 sun.lwawt.macosx.LWCToolkit.invokeAndWait(Ljava/lang/Runnable;Ljava/awt/Component;)V java.desktop@21.0.4 (59 bytes) @ 0x0000000110160d5c [0x00000001101602e0+0x0000000000000a7c]
j  sun.lwawt.macosx.LWCToolkit.invokeAndWait(Ljava/util/concurrent/Callable;Ljava/awt/Component;)Ljava/lang/Object;+11 java.desktop@21.0.4
j  sun.lwawt.macosx.CAccessibility.invokeAndWait(Ljava/util/concurrent/Callable;Ljava/awt/Component;Ljava/lang/Object;)Ljava/lang/Object;+8 java.desktop@21.0.4
j  sun.lwawt.macosx.CAccessibility.invokeAndWait(Ljava/util/concurrent/Callable;Ljava/awt/Component;)Ljava/lang/Object;+3 java.desktop@21.0.4
j  sun.lwawt.macosx.CAccessibility.getChildrenAndRolesRecursive(Ljavax/accessibility/Accessible;Ljava/awt/Component;IZI)[Ljava/lang/Object;+20 java.desktop@21.0.4
v  ~StubRoutines::call_stub 0x0000000117425cc6
j  sun.lwawt.macosx.LWCToolkit.doAWTRunLoopImpl(JZZ)V+0 java.desktop@21.0.4
J 10907 c1 sun.lwawt.macosx.LWCToolkit.invokeAndWait(Ljava/lang/Runnable;Ljava/awt/Component;)V java.desktop@21.0.4 (59 bytes) @ 0x0000000110160d5c [0x00000001101602e0+0x0000000000000a7c]
j  sun.lwawt.macosx.LWCToolkit.invokeAndWait(Ljava/util/concurrent/Callable;Ljava/awt/Component;)Ljava/lang/Object;+11 java.desktop@21.0.4
j  sun.lwawt.macosx.CAccessibility.invokeAndWait(Ljava/util/concurrent/Callable;Ljava/awt/Component;Ljava/lang/Object;)Ljava/lang/Object;+8 java.desktop@21.0.4
j  sun.lwawt.macosx.CAccessibility.invokeAndWait(Ljava/util/concurrent/Callable;Ljava/awt/Component;)Ljava/lang/Object;+3 java.desktop@21.0.4
j  sun.lwawt.macosx.CAccessibility.getChildrenAndRolesRecursive(Ljavax/accessibility/Accessible;Ljava/awt/Component;IZI)[Ljava/lang/Object;+20 java.desktop@21.0.4
v  ~StubRoutines::call_stub 0x0000000117425cc6
j  sun.lwawt.macosx.LWCToolkit.doAWTRunLoopImpl(JZZ)V+0 java.desktop@21.0.4
J 10907 c1 sun.lwawt.macosx.LWCToolkit.invokeAndWait(Ljava/lang/Runnable;Ljava/awt/Component;)V java.desktop@21.0.4 (59 bytes) @ 0x0000000110160d5c [0x00000001101602e0+0x0000000000000a7c]
j  sun.lwawt.macosx.LWCToolkit.invokeAndWait(Ljava/util/concurrent/Callable;Ljava/awt/Component;)Ljava/lang/Object;+11 java.desktop@21.0.4
j  sun.lwawt.macosx.CAccessibility.invokeAndWait(Ljava/util/concurrent/Callable;Ljava/awt/Component;Ljava/lang/Object;)Ljava/lang/Object;+8 java.desktop@21.0.4
j  sun.lwawt.macosx.CAccessibility.invokeAndWait(Ljava/util/concurrent/Callable;Ljava/awt/Component;)Ljava/lang/Object;+3 java.desktop@21.0.4
j  sun.lwawt.macosx.CAccessibility.getChildrenAndRolesRecursive(Ljavax/accessibility/Accessible;Ljava/awt/Component;IZI)[Ljava/lang/Object;+20 java.desktop@21.0.4
v  ~StubRoutines::call_stub 0x0000000117425cc6
j  sun.lwawt.macosx.LWCToolkit.doAWTRunLoopImpl(JZZ)V+0 java.desktop@21.0.4
J 10907 c1 sun.lwawt.macosx.LWCToolkit.invokeAndWait(Ljava/lang/Runnable;Ljava/awt/Component;)V java.desktop@21.0.4 (59 bytes) @ 0x0000000110160d5c [0x00000001101602e0+0x0000000000000a7c]
j  sun.lwawt.macosx.LWCToolkit.invokeAndWait(Ljava/util/concurrent/Callable;Ljava/awt/Component;)Ljava/lang/Object;+11 java.desktop@21.0.4
j  sun.lwawt.macosx.CAccessibility.invokeAndWait(Ljava/util/concurrent/Callable;Ljava/awt/Component;Ljava/lang/Object;)Ljava/lang/Object;+8 java.desktop@21.0.4
j  sun.lwawt.macosx.CAccessibility.invokeAndWait(Ljava/util/concurrent/Callable;Ljava/awt/Component;)Ljava/lang/Object;+3 java.desktop@21.0.4
j  sun.lwawt.macosx.CAccessibility.getChildrenAndRolesRecursive(Ljavax/accessibility/Accessible;Ljava/awt/Component;IZI)[Ljava/lang/Object;+20 java.desktop@21.0.4
v  ~StubRoutines::call_stub 0x0000000117425cc6
j  sun.lwawt.macosx.LWCToolkit.doAWTRunLoopImpl(JZZ)V+0 java.desktop@21.0.4
J 10907 c1 sun.lwawt.macosx.LWCToolkit.invokeAndWait(Ljava/lang/Runnable;Ljava/awt/Component;)V java.desktop@21.0.4 (59 bytes) @ 0x0000000110160d5c [0x00000001101602e0+0x0000000000000a7c]
j  sun.lwawt.macosx.LWCToolkit.invokeAndWait(Ljava/util/concurrent/Callable;Ljava/awt/Component;)Ljava/lang/Object;+11 java.desktop@21.0.4
j  sun.lwawt.macosx.CAccessibility.invokeAndWait(Ljava/util/concurrent/Callable;Ljava/awt/Component;Ljava/lang/Object;)Ljava/lang/Object;+8 java.desktop@21.0.4
j  sun.lwawt.macosx.CAccessibility.invokeAndWait(Ljava/util/concurrent/Callable;Ljava/awt/Component;)Ljava/lang/Object;+3 java.desktop@21.0.4
j  sun.lwawt.macosx.CAccessibility.getChildrenAndRolesRecursive(Ljavax/accessibility/Accessible;Ljava/awt/Component;IZI)[Ljava/lang/Object;+20 java.desktop@21.0.4
v  ~StubRoutines::call_stub 0x0000000117425cc6
j  sun.lwawt.macosx.LWCToolkit.doAWTRunLoopImpl(JZZ)V+0 java.desktop@21.0.4
J 10907 c1 sun.lwawt.macosx.LWCToolkit.invokeAndWait(Ljava/lang/Runnable;Ljava/awt/Component;)V java.desktop@21.0.4 (59 bytes) @ 0x0000000110160d5c [0x00000001101602e0+0x0000000000000a7c]
j  sun.lwawt.macosx.LWCToolkit.invokeAndWait(Ljava/util/concurrent/Callable;Ljava/awt/Component;)Ljava/lang/Object;+11 java.desktop@21.0.4
j  sun.lwawt.macosx.CAccessibility.invokeAndWait(Ljava/util/concurrent/Callable;Ljava/awt/Component;Ljava/lang/Object;)Ljava/lang/Object;+8 java.desktop@21.0.4
j  sun.lwawt.macosx.CAccessibility.invokeAndWait(Ljava/util/concurrent/Callable;Ljava/awt/Component;)Ljava/lang/Object;+3 java.desktop@21.0.4
j  sun.lwawt.macosx.CAccessibility.getChildrenAndRolesRecursive(Ljavax/accessibility/Accessible;Ljava/awt/Component;IZI)[Ljava/lang/Object;+20 java.desktop@21.0.4
v  ~StubRoutines::call_stub 0x0000000117425cc6
j  sun.lwawt.macosx.LWCToolkit.doAWTRunLoopImpl(JZZ)V+0 java.desktop@21.0.4
J 10907 c1 sun.lwawt.macosx.LWCToolkit.invokeAndWait(Ljava/lang/Runnable;Ljava/awt/Component;)V java.desktop@21.0.4 (59 bytes) @ 0x0000000110160d5c [0x00000001101602e0+0x0000000000000a7c]
j  sun.lwawt.macosx.LWCToolkit.invokeAndWait(Ljava/util/concurrent/Callable;Ljava/awt/Component;)Ljava/lang/Object;+11 java.desktop@21.0.4
j  sun.lwawt.macosx.CAccessibility.invokeAndWait(Ljava/util/concurrent/Callable;Ljava/awt/Component;Ljava/lang/Object;)Ljava/lang/Object;+8 java.desktop@21.0.4
j  sun.lwawt.macosx.CAccessibility.invokeAndWait(Ljava/util/concurrent/Callable;Ljava/awt/Component;)Ljava/lang/Object;+3 java.desktop@21.0.4
j  sun.lwawt.macosx.CAccessibility.getChildrenAndRolesRecursive(Ljavax/accessibility/Accessible;Ljava/awt/Component;IZI)[Ljava/lang/Object;+20 java.desktop@21.0.4
v  ~StubRoutines::call_stub 0x0000000117425cc6
j  sun.lwawt.macosx.LWCToolkit.doAWTRunLoopImpl(JZZ)V+0 java.desktop@21.0.4
J 10907 c1 sun.lwawt.macosx.LWCToolkit.invokeAndWait(Ljava/lang/Runnable;Ljava/awt/Component;)V java.desktop@21.0.4 (59 bytes) @ 0x0000000110160d5c [0x00000001101602e0+0x0000000000000a7c]
j  sun.lwawt.macosx.LWCToolkit.invokeAndWait(Ljava/util/concurrent/Callable;Ljava/awt/Component;)Ljava/lang/Object;+11 java.desktop@21.0.4
j  sun.lwawt.macosx.CAccessibility.invokeAndWait(Ljava/util/concurrent/Callable;Ljava/awt/Component;Ljava/lang/Object;)Ljava/lang/Object;+8 java.desktop@21.0.4
j  sun.lwawt.macosx.CAccessibility.invokeAndWait(Ljava/util/concurrent/Callable;Ljava/awt/Component;)Ljava/lang/Object;+3 java.desktop@21.0.4
j  sun.lwawt.macosx.CAccessibility.getChildrenAndRolesRecursive(Ljavax/accessibility/Accessible;Ljava/awt/Component;IZI)[Ljava/lang/Object;+20 java.desktop@21.0.4
v  ~StubRoutines::call_stub 0x0000000117425cc6
j  sun.lwawt.macosx.LWCToolkit.doAWTRunLoopImpl(JZZ)V+0 java.desktop@21.0.4
J 10907 c1 sun.lwawt.macosx.LWCToolkit.invokeAndWait(Ljava/lang/Runnable;Ljava/awt/Component;)V java.desktop@21.0.4 (59 bytes) @ 0x0000000110160d5c [0x00000001101602e0+0x0000000000000a7c]
j  sun.lwawt.macosx.LWCToolkit.invokeAndWait(Ljava/util/concurrent/Callable;Ljava/awt/Component;)Ljava/lang/Object;+11 java.desktop@21.0.4
j  sun.lwawt.macosx.CAccessibility.invokeAndWait(Ljava/util/concurrent/Callable;Ljava/awt/Component;Ljava/lang/Object;)Ljava/lang/Object;+8 java.desktop@21.0.4
j  sun.lwawt.macosx.CAccessibility.getAccessibleIndexInParent(Ljavax/accessibility/Accessible;Ljava/awt/Component;)I+19 java.desktop@21.0.4
v  ~StubRoutines::call_stub 0x0000000117425cc6

siginfo: si_signo: 4 (SIGILL), si_code: 1 (ILL_ILLOPC), si_addr: 0x00007ff8115dd5f0

Registers:
RAX=0x00007ff81177cd32, RBX=0x00007fcf60f05fe0, RCX=0x00000000000120a8, RDX=0x0000000000000008
RSP=0x00007ff7bab36048, RBP=0x00007ff7bab360d0, RSI=0x0000000000000000, RDI=0x0000600003578298
R8 =0x0000000000003e03, R9 =0x0000000000000008, R10=0x0000000000000000, R11=0x00000000a5baadb9
R12=0x00007fcf60f05ff0, R13=0x0000000000000001, R14=0x0000000000000001, R15=0x0000600003578270
RIP=0x00007ff8115dd5f0, EFLAGS=0x0000000000010246, ERR=0x0000000000000000
  TRAPNO=0x0000000000000006


Register to memory mapping:

RAX=0x00007ff81177cd32: _XMLPlistAppendDataUsingBase64.__CFPLDataEncodeTable+0x15f2 in /System/Library/Frameworks/CoreFoundation.framework/Versions/A/CoreFoundation at 0x00007ff811404000
RBX=0x00007fcf60f05fe0 points into unknown readable memory: 0x011dfff852da4cd1 | d1 4c da 52 f8 ff 1d 01
RCX=0x00000000000120a8 is an unknown value
RDX=0x0000000000000008 is an unknown value
RSP=0x00007ff7bab36048 is pointing into the stack for thread: 0x00007fcf44374400
RBP=0x00007ff7bab360d0 is pointing into the stack for thread: 0x00007fcf44374400
RSI=0x0 is null
RDI=0x0000600003578298 points into unknown readable memory: 0x0000000000003e03 | 03 3e 00 00 00 00 00 00
R8 =0x0000000000003e03 is an unknown value
R9 =0x0000000000000008 is an unknown value
R10=0x0 is null
R11=0x00000000a5baadb9 is an unknown value
R12=0x00007fcf60f05ff0 points into unknown readable memory: 0x000000004d555458 | 58 54 55 4d 00 00 00 00
R13=0x0000000000000001 is an unknown value
R14=0x0000000000000001 is an unknown value
R15=0x0000600003578270 points into unknown readable memory: 0x011dfff852da4cd1 | d1 4c da 52 f8 ff 1d 01

Top of Stack: (sp=0x00007ff7bab36048)
0x00007ff7bab36048:   00007ff81147db2a 3f8479d000000000
0x00007ff7bab36058:   0000000000000000 0000600003578280
0x00007ff7bab36068:   00007fcf60f05ff0 00007ff7bab36090
0x00007ff7bab36078:   00007ff811408b72 00000001710b1800
0x00007ff7bab36088:   0000000000000001 00007ff7bab360a0
0x00007ff7bab36098:   00007ff811443c08 017a2625bb7d0033
0x00007ff7bab360a8:   00000001710b1800 00007ff83092f5ab
0x00007ff7bab360b8:   00000001710b1800 ab3ef9cdb04e9041
0x00007ff7bab360c8:   00007fcee584a098 00007ff7bab36110
0x00007ff7bab360d8:   00007ff8125c0ff3 3f847ae147ae147b
0x00007ff7bab360e8:   41c792a1e754b4c8 0000600001b892c0
0x00007ff7bab360f8:   00007ff83092f5ab 00007ff84f707f58
0x00007ff7bab36108:   00007ff810fab0c0 00007ff7bab36190
0x00007ff7bab36118:   00000001714e91ce 000000060c576d80
0x00007ff7bab36128:   00007ff8308d47fc 00007ff8308d7dcd
0x00007ff7bab36138:   00007ff8323dc214 00007ff830a08c22
0x00007ff7bab36148:   00007ff830a1d71a 0000600000c0e640
0x00007ff7bab36158:   0000000000000001 0000600000244d50
0x00007ff7bab36168:   00007ff7bab361c0 0000000000000000
0x00007ff7bab36178:   0000000600811fe0 00007ff7bab361d0
0x00007ff7bab36188:   00007fcf44374400 00007ff7bab361e0
0x00007ff7bab36198:   0000000117c81b76 00000006008166c0
0x00007ff7bab361a8:   0000000200000003 000000060c4bdd98
0x00007ff7bab361b8:   0000000100000001 0000000000000003
0x00007ff7bab361c8:   000000060c4bdd80 0000000600800408
0x00007ff7bab361d8:   0000000000000000 00007ff7bab36448
0x00007ff7bab361e8:   0000000110160d5c 00007ff7bab36240
0x00007ff7bab361f8:   0000000106b76536 00007fcee2d58128
0x00007ff7bab36208:   00007fcee2d58130 00007ff7bab36260
0x00007ff7bab36218:   000000010685aae9 0000000000000000
0x00007ff7bab36228:   000000000000007c 000000016c1029e8
0x00007ff7bab36238:   000000060c4bdb40 00007ff7bab36290 

Instructions: (pc=0x00007ff8115dd5f0)
0x00007ff8115dd4f0:   48 89 05 81 d6 9c 41 0f 0b 48 8d 3d 50 d9 9c 41
0x00007ff8115dd500:   48 8d 35 f1 b7 0e 3e e9 bc f1 00 00 48 8b 05 45
0x00007ff8115dd510:   d9 9c 41 48 85 c0 0f 94 c1 48 39 f8 0f 95 c0 08
0x00007ff8115dd520:   c8 75 23 48 83 3d 3d d9 9c 41 ff 75 01 c3 55 48
0x00007ff8115dd530:   89 e5 48 8d 3d 2f d9 9c 41 48 8d 35 18 b9 0e 3e
0x00007ff8115dd540:   e8 83 f1 00 00 5d c3 48 8d 05 58 f7 19 00 48 89
0x00007ff8115dd550:   05 23 d6 9c 41 0f 0b 48 8d 05 48 f7 19 00 48 89
0x00007ff8115dd560:   05 13 d6 9c 41 0f 0b 48 8d 05 8f f7 19 00 48 89
0x00007ff8115dd570:   05 03 d6 9c 41 0f 0b 48 8d 05 5b f7 19 00 48 89
0x00007ff8115dd580:   05 f3 d5 9c 41 0f 0b 48 8d 05 e5 f6 19 00 48 89
0x00007ff8115dd590:   05 e3 d5 9c 41 0f 0b 48 8b 05 ba d8 9c 41 48 85
0x00007ff8115dd5a0:   c0 0f 94 c1 48 39 f8 0f 95 c0 08 c8 75 23 48 83
0x00007ff8115dd5b0:   3d b2 d8 9c 41 ff 75 01 c3 55 48 89 e5 48 8d 3d
0x00007ff8115dd5c0:   a4 d8 9c 41 48 8d 35 8d b8 0e 3e e8 f8 f0 00 00
0x00007ff8115dd5d0:   5d c3 48 8d 05 ce f8 19 00 48 89 05 98 d5 9c 41
0x00007ff8115dd5e0:   0f 0b 48 8d 05 49 f7 19 00 48 89 05 88 d5 9c 41
0x00007ff8115dd5f0:   0f 0b 48 8b 05 5f d8 9c 41 48 85 c0 0f 94 c1 48
0x00007ff8115dd600:   39 f8 0f 95 c0 08 c8 75 23 48 83 3d 57 d8 9c 41
0x00007ff8115dd610:   ff 75 01 c3 55 48 89 e5 48 8d 3d 49 d8 9c 41 48
0x00007ff8115dd620:   8d 35 32 b8 0e 3e e8 9d f0 00 00 5d c3 48 8b 05
0x00007ff8115dd630:   24 d8 9c 41 48 85 c0 0f 94 c1 48 39 f8 0f 95 c0
0x00007ff8115dd640:   08 c8 75 23 48 83 3d 1c d8 9c 41 ff 75 01 c3 55
0x00007ff8115dd650:   48 89 e5 48 8d 3d 0e d8 9c 41 48 8d 35 f7 b7 0e
0x00007ff8115dd660:   3e e8 62 f0 00 00 5d c3 48 8b 05 e9 d7 9c 41 48
0x00007ff8115dd670:   85 c0 0f 94 c1 48 39 f8 0f 95 c0 08 c8 75 23 48
0x00007ff8115dd680:   83 3d e1 d7 9c 41 ff 75 01 c3 55 48 89 e5 48 8d
0x00007ff8115dd690:   3d d3 d7 9c 41 48 8d 35 bc b7 0e 3e e8 27 f0 00
0x00007ff8115dd6a0:   00 5d c3 48 8d 05 6b f0 19 00 48 89 05 c7 d4 9c
0x00007ff8115dd6b0:   41 0f 0b 48 8b 05 9e d7 9c 41 48 85 c0 0f 94 c1
0x00007ff8115dd6c0:   48 39 f8 0f 95 c0 08 c8 75 23 48 83 3d 96 d7 9c
0x00007ff8115dd6d0:   41 ff 75 01 c3 55 48 89 e5 48 8d 3d 88 d7 9c 41
0x00007ff8115dd6e0:   48 8d 35 71 b7 0e 3e e8 dc ef 00 00 5d c3 48 8b 


Stack slot to memory mapping:

stack at sp + 0 slots: 0x00007ff81147db2a: CFRunLoopRunSpecific+0x2d0 in /System/Library/Frameworks/CoreFoundation.framework/Versions/A/CoreFoundation at 0x00007ff811404000
stack at sp + 1 slots: 0x3f8479d000000000 is an unknown value
stack at sp + 2 slots: 0x0 is null
stack at sp + 3 slots: 0x0000600003578280 points into unknown readable memory: 0x000000004d555458 | 58 54 55 4d 00 00 00 00
stack at sp + 4 slots: 0x00007fcf60f05ff0 points into unknown readable memory: 0x000000004d555458 | 58 54 55 4d 00 00 00 00
stack at sp + 5 slots: 0x00007ff7bab36090 is pointing into the stack for thread: 0x00007fcf44374400
stack at sp + 6 slots: 0x00007ff811408b72: _CFGetTSDCreateIfNeeded+0x1a in /System/Library/Frameworks/CoreFoundation.framework/Versions/A/CoreFoundation at 0x00007ff811404000
stack at sp + 7 slots: 0x00000001710b1800: <offset 0x8800> in /Users/gregory/Library/Java/JavaVirtualMachines/corretto-21.0.4/Contents/Home/lib/libosxapp.dylib at 0x00000001710a9000


Compiled method (n/a) 8825650 11171     n 0       sun.lwawt.macosx.LWCToolkit::doAWTRunLoopImpl (native)
 total in heap  [0x0000000117c81910,0x0000000117c81c70] = 864
 relocation     [0x0000000117c81a60,0x0000000117c81a98] = 56
 main code      [0x0000000117c81aa0,0x0000000117c81c6f] = 463
 stub code      [0x0000000117c81c6f,0x0000000117c81c70] = 1

[Constant Pool (empty)]

[MachCode]
[Entry Point]
  # {method} {0x000000016c1039d8} 'doAWTRunLoopImpl' '(JZZ)V' in 'sun/lwawt/macosx/LWCToolkit'
  # parm0:    rsi:rsi   = long
  # parm1:    rdx       = boolean
  # parm2:    rcx       = boolean
  #           [sp+0x50]  (sp of caller)
  0x0000000117c81aa0: 448b 5608 | 49bb 0000 | 002a 0100 | 0000 4d03 | d349 3bc2 | 0f84 0600 

  0x0000000117c81ab8: ;   {runtime_call ic_miss_stub}
  0x0000000117c81ab8: 0000 e9c1 | 157f ff90 
[Verified Entry Point]
  0x0000000117c81ac0: 8984 2400 | c0fe ff55 | 488b ec48 | 83ec 4090 | 4181 7f20 | 0900 0000 

  0x0000000117c81ad8: ;   {runtime_call StubRoutines (final stubs)}
  0x0000000117c81ad8: 7405 e8c1 | 797d ff4c | 8bc1 488b | ca48 8bd6 

  0x0000000117c81ae8: ;   {oop(a 'java/lang/Class'{0x0000000600800408} = 'sun/lwawt/macosx/LWCToolkit')}
  0x0000000117c81ae8: 49be 0804 | 8000 0600 | 0000 4c89 | 7424 304c | 8d74 2430 | 498b f6c5 

  0x0000000117c81b00: ;   {internal_word}
  0x0000000117c81b00: f877 49ba | ff1a c817 | 0100 0000 | 4d89 97a0 | 0300 0049 | 89a7 9803 

  0x0000000117c81b18: ;   {external_word}
  0x0000000117c81b18: 0000 803d | a014 7fef | 000f 8438 | 0000 0056 | 5251 4150 

  0x0000000117c81b2c: ;   {metadata({method} {0x000000016c1039d8} 'doAWTRunLoopImpl' '(JZZ)V' in 'sun/lwawt/macosx/LWCToolkit')}
  0x0000000117c81b2c: 48be d839 | 106c 0100 | 0000 498b | ff40 f6c4 | 0f0f 8412 | 0000 0048 

  0x0000000117c81b44: ;   {runtime_call SharedRuntime::dtrace_method_entry(JavaThread*, Method*)}
  0x0000000117c81b44: 83ec 08e8 | 0443 31ef | 4883 c408 | e905 0000 

  0x0000000117c81b54: ;   {runtime_call SharedRuntime::dtrace_method_entry(JavaThread*, Method*)}
  0x0000000117c81b54: 00e8 f642 | 31ef 4158 | 595a 5e49 | 8dbf b803 | 0000 41c7 | 874c 0400 | 0004 0000 

  0x0000000117c81b70: ;   {runtime_call Java_sun_lwawt_macosx_LWCToolkit_doAWTRunLoopImpl}
  0x0000000117c81b70: 00e8 0a75 | 8659 c5f8 | 7741 c787 | 4c04 0000 | 0500 0000 | f083 4424 | c000 493b | af50 0400 
  0x0000000117c81b90: 000f 870e | 0000 0041 | 83bf 4804 | 0000 000f | 841c 0000 | 00c5 f877 | 498b ff4c | 8be4 4883 
  0x0000000117c81bb0: ec00 4883 

  0x0000000117c81bb4: ;   {runtime_call JavaThread::check_special_condition_for_native_trans(JavaThread*)}
  0x0000000117c81bb4: e4f0 e8e5 | 7aef ee49 | 8be4 4d33 | e441 c787 | 4c04 0000 | 0800 0000 | 4183 bfc8 | 0400 0002 
  0x0000000117c81bd4: 0f84 7700 

  0x0000000117c81bd8: ;   {external_word}
  0x0000000117c81bd8: 0000 803d | e013 7fef | 000f 842e 

  0x0000000117c81be4: ;   {metadata({method} {0x000000016c1039d8} 'doAWTRunLoopImpl' '(JZZ)V' in 'sun/lwawt/macosx/LWCToolkit')}
  0x0000000117c81be4: 0000 0048 | bed8 3910 | 6c01 0000 | 0049 8bff | 40f6 c40f | 0f84 1200 | 0000 4883 

  0x0000000117c81c00: ;   {runtime_call SharedRuntime::dtrace_method_exit(JavaThread*, Method*)}
  0x0000000117c81c00: ec08 e829 | 4331 ef48 | 83c4 08e9 | 0500 0000 

  0x0000000117c81c10: ;   {runtime_call SharedRuntime::dtrace_method_exit(JavaThread*, Method*)}
  0x0000000117c81c10: e81b 4331 | ef49 c787 | 9803 0000 | 0000 0000 | 49c7 87a0 | 0300 0000 | 0000 00c5 | f877 498b 
  0x0000000117c81c30: 8f28 0400 | 00c7 8100 | 0100 0000 | 0000 00c9 | 4983 7f08 | 000f 8501 | 0000 00c3 

  0x0000000117c81c4c: ;   {runtime_call StubRoutines (initial stubs)}
  0x0000000117c81c4c: e9af 3f7a | ffc5 f877 | 4c8b e448 | 83ec 0048 

  0x0000000117c81c5c: ;   {runtime_call SharedRuntime::reguard_yellow_pages()}
  0x0000000117c81c5c: 83e4 f0e8 | 2c67 31ef | 498b e44d | 33e4 e96b | ffff fff4 
[/MachCode]


Compiled method (c1) 8825656 10907       3       sun.lwawt.macosx.LWCToolkit::invokeAndWait (59 bytes)
 total in heap  [0x000000011015ff90,0x0000000110161f40] = 8112
 relocation     [0x00000001101600e0,0x00000001101602d8] = 504
 main code      [0x00000001101602e0,0x00000001101616c8] = 5096
 stub code      [0x00000001101616c8,0x00000001101617b0] = 232
 oops           [0x00000001101617b0,0x00000001101617d8] = 40
 metadata       [0x00000001101617d8,0x0000000110161870] = 152
 scopes data    [0x0000000110161870,0x0000000110161ba0] = 816
 scopes pcs     [0x0000000110161ba0,0x0000000110161ea0] = 768
 dependencies   [0x0000000110161ea0,0x0000000110161ec8] = 40
 handler table  [0x0000000110161ec8,0x0000000110161ef8] = 48
 nul chk table  [0x0000000110161ef8,0x0000000110161f40] = 72

[Constant Pool (empty)]

[MachCode]
[Verified Entry Point]
  # {method} {0x000000016c1029e8} 'invokeAndWait' '(Ljava/lang/Runnable;Ljava/awt/Component;)V' in 'sun/lwawt/macosx/LWCToolkit'
  # parm0:    rsi:rsi   = 'java/lang/Runnable'
  # parm1:    rdx:rdx   = 'java/awt/Component'
  #           [sp+0x140]  (sp of caller)
  0x00000001101602e0: 8984 2400 | c0fe ff55 | 4881 ec30 | 0100 0090 | 4181 7f20 | 0900 0000 

  0x00000001101602f8: ;   {runtime_call StubRoutines (final stubs)}
  0x00000001101602f8: 7405 e8a1 | 912f 0748 | 8994 24a8 

  0x0000000110160304: ;   {metadata(method data for {method} {0x000000016c1029e8} 'invokeAndWait' '(Ljava/lang/Runnable;Ljava/awt/Component;)V' in 'sun/lwawt/macosx/LWCToolkit')}
  0x0000000110160304: 0000 0048 | bf40 786e | 6d01 0000 | 008b 9fac | 0000 0083 | c302 899f | ac00 0000 | 81e3 fe07 
  0x0000000110160324: 0000 85db | 0f84 b110 

  0x000000011016032c: ;   {metadata(method data for {method} {0x000000016c1029e8} 'invokeAndWait' '(Ljava/lang/Runnable;Ljava/awt/Component;)V' in 'sun/lwawt/macosx/LWCToolkit')}
  0x000000011016032c: 0000 48bf | 4078 6e6d | 0100 0000 | 4883 87f0 | 0000 0001 

  0x0000000110160340: ;   {metadata(method data for {method} {0x000000012a0575b8} 'requireNonNull' '(Ljava/lang/Object;Ljava/lang/String;)Ljava/lang/Object;' in 'java/util/Objects')}
  0x0000000110160340: 48bf 4033 | 026b 0100 | 0000 8b9f | ac00 0000 | 83c3 0289 | 9fac 0000 | 0081 e3fe | ff1f 0085 
  0x0000000110160360: db0f 8499 | 1000 0048 

  0x0000000110160368: ;   {metadata(method data for {method} {0x000000012a0575b8} 'requireNonNull' '(Ljava/lang/Object;Ljava/lang/String;)Ljava/lang/Object;' in 'java/util/Objects')}
  0x0000000110160368: 85d2 48bf | 4033 026b | 0100 0000 | 48bb 0001 | 0000 0000 | 0000 740a | 48bb f000 | 0000 0000 
  0x0000000110160388: 0000 488b | 041f 488d | 4001 4889 | 041f 4889 | b424 b000 | 0000 0f84 | 000f 0000 

  0x00000001101603a4: ;   {metadata(method data for {method} {0x000000016c1029e8} 'invokeAndWait' '(Ljava/lang/Runnable;Ljava/awt/Component;)V' in 'sun/lwawt/macosx/LWCToolkit')}
  0x00000001101603a4: 48bf 4078 | 6e6d 0100 | 0000 4883 | 8700 0100 

  0x00000001101603b4: ;   {static_call}
  0x00000001101603b4: 0001 90e8 

  0x00000001101603b8: ; ImmutableOopMap {[168]=Oop [176]=Oop }
                      ;*invokestatic createAWTRunLoopMediator {reexecute=0 rethrow=0 return_oop=0}
                      ; - sun.lwawt.macosx.LWCToolkit::invokeAndWait@8 (line 725)
  0x00000001101603b8: 04c5 4f08 

  0x00000001101603bc: ;   {other}
  0x00000001101603bc: 0f1f 8400 | 2c04 0000 | 4889 8424 | c000 0000 

  0x00000001101603cc: ;   {metadata('java/awt/event/InvocationEvent')}
  0x00000001101603cc: 48ba 907d | 2b2b 0100 | 0000 498b | 87b8 0100 | 0048 8d78 | 4049 3bbf | c801 0000 | 0f87 3310 
  0x00000001101603ec: 0000 4989 | bfb8 0100 | 0048 c700 | 0100 0000 | 488b ca49 | ba00 0000 | 2a01 0000 | 0049 2bca 
  0x000000011016040c: 8948 0848 | 33c9 8948 | 0c48 33c9 | 48bf 0600 | 0000 0000 | 0000 4889 | 4cf8 0848 | ffcf 75f6 
  0x000000011016042c: 4889 8424 | c800 0000 

  0x0000000110160434: ;   {metadata(method data for {method} {0x000000012a0b0ab8} 'linkToTargetMethod' '(JLjava/lang/Object;)Ljava/lang/Object;' in 'java/lang/invoke/Invokers$Holder')}
  0x0000000110160434: 48ba 80e2 | 696d 0100 | 0000 488d | 92d8 0100 

  0x0000000110160444: ;   {oop(a 'java/lang/invoke/DirectMethodHandle$Constructor'{0x0000000600636438})}
  0x0000000110160444: 0048 bf38 | 6463 0006 | 0000 0048 | 85ff 750a | f602 0175 | 05f0 4883 

  0x000000011016045c: ;   {metadata(method data for {method} {0x000000016c1029e8} 'invokeAndWait' '(Ljava/lang/Runnable;Ljava/awt/Component;)V' in 'sun/lwawt/macosx/LWCToolkit')}
  0x000000011016045c: 0a01 48ba | 4078 6e6d | 0100 0000 | 4883 8210 | 0100 0001 

  0x0000000110160470: ;   {metadata(method data for {method} {0x000000012a0b0ab8} 'linkToTargetMethod' '(JLjava/lang/Object;)Ljava/lang/Object;' in 'java/lang/invoke/Invokers$Holder')}
  0x0000000110160470: 48ba 80e2 | 696d 0100 | 0000 8bb2 | ac00 0000 | 83c6 0289 | b2ac 0000 | 0081 e6fe | ff1f 0085 
  0x0000000110160490: f60f 8497 

  0x0000000110160494: ;   {metadata(method data for {method} {0x000000016cd80aa0} 'newInvokeSpecial' '(Ljava/lang/Object;J)Ljava/lang/Object;' in 'java/lang/invoke/LambdaForm$DMH+0x000000012b3a4400')}
  0x0000000110160494: 0f00 0048 | ba18 0dd8 | 6c01 0000 | 0048 8d92 | 2802 0000 | 4885 ff75 | 0af6 0201 | 7505 f048 
  0x00000001101604b4: ;   {metadata(method data for {method} {0x000000012a0b0ab8} 'linkToTargetMethod' '(JLjava/lang/Object;)Ljava/lang/Object;' in 'java/lang/invoke/Invokers$Holder')}
  0x00000001101604b4: 830a 0148 | ba80 e269 | 6d01 0000 | 0048 8382 | 2801 0000 

  0x00000001101604c8: ;   {metadata(method data for {method} {0x000000016cd80aa0} 'newInvokeSpecial' '(Ljava/lang/Object;J)Ljava/lang/Object;' in 'java/lang/invoke/LambdaForm$DMH+0x000000012b3a4400')}
  0x00000001101604c8: 0148 ba18 | 0dd8 6c01 | 0000 008b | b2ac 0000 | 0083 c602 | 89b2 ac00 | 0000 81e6 | feff 1f00 
  0x00000001101604e8: 85f6 0f84 | 5f0f 0000 

  0x00000001101604f0: ;   {metadata(method data for {method} {0x000000016cd80aa0} 'newInvokeSpecial' '(Ljava/lang/Object;J)Ljava/lang/Object;' in 'java/lang/invoke/LambdaForm$DMH+0x000000012b3a4400')}
  0x00000001101604f0: 48ba 180d | d86c 0100 | 0000 488d | 9200 0100 | 0048 85ff | 750c f642 | 0801 7506 | f048 834a 
  0x0000000110160510: ;   {metadata(method data for {method} {0x000000016cd80aa0} 'newInvokeSpecial' '(Ljava/lang/Object;J)Ljava/lang/Object;' in 'java/lang/invoke/LambdaForm$DMH+0x000000012b3a4400')}
  0x0000000110160510: 0801 48ba | 180d d86c | 0100 0000 | 4883 82f0 | 0000 0001 

  0x0000000110160524: ;   {metadata(method data for {method} {0x000000012a0a37c8} 'allocateInstance' '(Ljava/lang/Object;)Ljava/lang/Object;' in 'java/lang/invoke/DirectMethodHandle')}
  0x0000000110160524: 48ba 7083 | 756b 0100 | 0000 8bb2 | ac00 0000 | 83c6 0289 | b2ac 0000 | 0081 e6fe | ff1f 0085 
  0x0000000110160544: f60f 8425 

  0x0000000110160548: ;   {oop(a 'jdk/internal/misc/Unsafe'{0x000000060006fb60})}
  0x0000000110160548: 0f00 0048 | be60 fb06 | 0006 0000 | 0048 8bd6 

  0x0000000110160558: ;   {metadata(method data for {method} {0x000000012a0a37c8} 'allocateInstance' '(Ljava/lang/Object;)Ljava/lang/Object;' in 'java/lang/invoke/DirectMethodHandle')}
  0x0000000110160558: 48b9 7083 | 756b 0100 | 0000 4883 | 8128 0100 

  0x0000000110160568: ;   {oop(a 'java/lang/Class'{0x0000000600636498} = 'sun/lwawt/macosx/LWCToolkit$$Lambda+0x000000012b444738')}
  0x0000000110160568: 0001 48ba | 9864 6300 | 0600 0000 | 4889 bc24 | b800 0000 

  0x000000011016057c: ;   {optimized virtual_call}
  0x000000011016057c: 6666 90e8 

  0x0000000110160580: ; ImmutableOopMap {[168]=Oop [176]=Oop [184]=Oop [200]=Oop }
                      ;*invokevirtual allocateInstance {reexecute=0 rethrow=0 return_oop=0}
                      ; - java.lang.invoke.DirectMethodHandle::allocateInstance@12 (line 501)
                      ; - java.lang.invoke.LambdaForm$DMH/0x000000012b3a4400::newInvokeSpecial@1
                      ; - java.lang.invoke.Invokers$Holder::linkToTargetMethod@5
                      ; - sun.lwawt.macosx.LWCToolkit::invokeAndWait@19 (line 726)
  0x0000000110160580: 3c51 8a07 

  0x0000000110160584: ;   {other}
  0x0000000110160584: 0f1f 8400 | f405 0001 

  0x000000011016058c: ;   {metadata(method data for {method} {0x000000016cd80aa0} 'newInvokeSpecial' '(Ljava/lang/Object;J)Ljava/lang/Object;' in 'java/lang/invoke/LambdaForm$DMH+0x000000012b3a4400')}
  0x000000011016058c: 48ba 180d | d86c 0100 | 0000 488d | 9210 0100 | 0048 85c0 | 750a f602 | 0175 05f0 | 4883 0a01 
  0x00000001101605ac: ;   {metadata(method data for {method} {0x000000016cd80aa0} 'newInvokeSpecial' '(Ljava/lang/Object;J)Ljava/lang/Object;' in 'java/lang/invoke/LambdaForm$DMH+0x000000012b3a4400')}
  0x00000001101605ac: 48ba 180d | d86c 0100 | 0000 488d | 9230 0100 | 0048 8bbc | 24b8 0000 | 0048 85ff | 750c f642 
  0x00000001101605cc: 0801 7506 | f048 834a 

  0x00000001101605d4: ;   {metadata(method data for {method} {0x000000016cd80aa0} 'newInvokeSpecial' '(Ljava/lang/Object;J)Ljava/lang/Object;' in 'java/lang/invoke/LambdaForm$DMH+0x000000012b3a4400')}
  0x00000001101605d4: 0801 48ba | 180d d86c | 0100 0000 | 4883 8220 | 0100 0001 

  0x00000001101605e8: ;   {metadata(method data for {method} {0x000000012a0a4270} 'constructorMethod' '(Ljava/lang/Object;)Ljava/lang/Object;' in 'java/lang/invoke/DirectMethodHandle')}
  0x00000001101605e8: 48ba 1085 | 756b 0100 | 0000 8b8a | ac00 0000 | 83c1 0289 | 8aac 0000 | 0081 e1fe | ff1f 0085 
  0x0000000110160608: c90f 8482 

  0x000000011016060c: ;   {metadata(method data for {method} {0x000000016cd80aa0} 'newInvokeSpecial' '(Ljava/lang/Object;J)Ljava/lang/Object;' in 'java/lang/invoke/LambdaForm$DMH+0x000000012b3a4400')}
  0x000000011016060c: 0e00 0048 | ba18 0dd8 | 6c01 0000 | 0048 8d92 | 4001 0000 

  0x0000000110160620: ;   {oop(a 'java/lang/invoke/MemberName'{0x0000000600636580} = {method} {0x000000016ce8ad28} '<init>' '(J)V' in 'sun/lwawt/macosx/LWCToolkit$$Lambda+0x000000012b444738')}
  0x0000000110160620: 48b9 8065 | 6300 0600 | 0000 4885 | c975 0af6 | 0201 7505 | f048 830a | 0148 3b00 

  0x000000011016063c: ;   {metadata(method data for {method} {0x000000016cd80aa0} 'newInvokeSpecial' '(Ljava/lang/Object;J)Ljava/lang/Object;' in 'java/lang/invoke/LambdaForm$DMH+0x000000012b3a4400')}
  0x000000011016063c: 488b d048 | b918 0dd8 | 6c01 0000 | 0048 8381 | 8801 0000 

  0x0000000110160650: ;   {metadata(method data for {method} {0x000000016ce8ad28} '<init>' '(J)V' in 'sun/lwawt/macosx/LWCToolkit$$Lambda+0x000000012b444738')}
  0x0000000110160650: 0148 ba18 | 7a6e 6d01 | 0000 008b | 8aac 0000 | 0083 c102 | 898a ac00 | 0000 81e1 | feff 1f00 
  0x0000000110160670: 85c9 0f84 | 3f0e 0000 

  0x0000000110160678: ;   {metadata(method data for {method} {0x000000016ce8ad28} '<init>' '(J)V' in 'sun/lwawt/macosx/LWCToolkit$$Lambda+0x000000012b444738')}
  0x0000000110160678: 488b d048 | b918 7a6e | 6d01 0000 | 0048 8381 | f000 0000 

  0x000000011016068c: ;   {metadata(method data for {method} {0x000000012a47cc78} '<init>' '()V' in 'java/lang/Object')}
  0x000000011016068c: 0148 ba48 | a300 6b01 | 0000 008b | 8aac 0000 | 0083 c102 | 898a ac00 | 0000 81e1 | feff 1f00 
  0x00000001101606ac: 85c9 0f84 | 240e 0000 | 488b bc24 | c000 0000 | 4889 7810 

  0x00000001101606c0: ;   {metadata(method data for {method} {0x000000012a0b0ab8} 'linkToTargetMethod' '(JLjava/lang/Object;)Ljava/lang/Object;' in 'java/lang/invoke/Invokers$Holder')}
  0x00000001101606c0: 48ba 80e2 | 696d 0100 | 0000 488d | 9260 0100 | 0048 85c0 | 750a f602 | 0175 05f0 | 4883 0a01 
  0x00000001101606e0: ;   {metadata(method data for {method} {0x000000016c1029e8} 'invokeAndWait' '(Ljava/lang/Runnable;Ljava/awt/Component;)V' in 'sun/lwawt/macosx/LWCToolkit')}
  0x00000001101606e0: 48ba 4078 | 6e6d 0100 | 0000 488d | 9220 0100 | 0048 85c0 | 750c f602 | 0175 4cf0 | 4883 0a01 
  0x0000000110160700: eb45 8b48 | 0849 ba00 | 0000 2a01 | 0000 0049 | 03ca 4c8b | d148 330a | 48f7 c1fc | ffff ff74 
  0x0000000110160720: 26f6 c102 | 7521 48f7 | 02fe ffff | ff74 1549 | 8bca 4833 | 0a48 f7c1 | fcff ffff | 7409 4883 
  0x0000000110160740: 0a02 eb03 | 4889 0a48 | 8b94 24c8 

  0x000000011016074c: ;   {metadata(method data for {method} {0x000000016c1029e8} 'invokeAndWait' '(Ljava/lang/Runnable;Ljava/awt/Component;)V' in 'sun/lwawt/macosx/LWCToolkit')}
  0x000000011016074c: 0000 0048 | b940 786e | 6d01 0000 | 0048 8381 | 3001 0000 | 0148 8b94 | 24a8 0000 | 0048 8b8c 
  0x000000011016076c: 24b0 0000 | 004c 8bc0 | 41b9 0100 | 0000 488b | b424 c800 | 0000 0f1f 

  0x0000000110160784: ;   {optimized virtual_call}
  0x0000000110160784: 4400 00e8 

  0x0000000110160788: ; ImmutableOopMap {[168]=Oop [176]=Oop [200]=Oop }
                      ;*invokespecial <init> {reexecute=0 rethrow=0 return_oop=0}
                      ; - sun.lwawt.macosx.LWCToolkit::invokeAndWait@25 (line 726)
  0x0000000110160788: 3474 0000 

  0x000000011016078c: ;   {other}
  0x000000011016078c: 0f1f 8400 | fc07 0002 

  0x0000000110160794: ;   {metadata(method data for {method} {0x000000016c1029e8} 'invokeAndWait' '(Ljava/lang/Runnable;Ljava/awt/Component;)V' in 'sun/lwawt/macosx/LWCToolkit')}
  0x0000000110160794: 48be 4078 | 6e6d 0100 | 0000 4883 | 8640 0100 

  0x00000001101607a4: ;   {metadata(method data for {method} {0x000000016bfde8e8} 'targetToAppContext' '(Ljava/lang/Object;)Lsun/awt/AppContext;' in 'sun/awt/SunToolkit')}
  0x00000001101607a4: 0001 48be | e050 7a6c | 0100 0000 | 8bbe ac00 | 0000 83c7 | 0289 beac | 0000 0081 | e7fe ff1f 
  0x00000001101607c4: 0085 ff0f | 842c 0d00 | 0048 8b94 | 24a8 0000 | 0048 85d2 

  0x00000001101607d8: ;   {metadata(method data for {method} {0x000000016bfde8e8} 'targetToAppContext' '(Ljava/lang/Object;)Lsun/awt/AppContext;' in 'sun/awt/SunToolkit')}
  0x00000001101607d8: 48be e050 | 7a6c 0100 | 0000 48bf | f000 0000 | 0000 0000 | 750a 48bf | 0001 0000 | 0000 0000 
  0x00000001101607f8: 488b 1c3e | 488d 5b01 | 4889 1c3e | 0f85 0f00 

  0x0000000110160808: ;   {oop(nullptr)}
  0x0000000110160808: 0000 48bf | 0000 0000 | 0000 0000 | e9d5 0200 

  0x0000000110160818: ;   {metadata(method data for {method} {0x000000016bfde8e8} 'targetToAppContext' '(Ljava/lang/Object;)Lsun/awt/AppContext;' in 'sun/awt/SunToolkit')}
  0x0000000110160818: 0048 bee0 | 507a 6c01 | 0000 0048 | 8386 1001 | 0000 0148 

  0x000000011016082c: ;   {static_call}
  0x000000011016082c: 8bf2 90e8 

  0x0000000110160830: ; ImmutableOopMap {[168]=Oop [176]=Oop [200]=Oop }
                      ;*invokestatic getAppContext {reexecute=0 rethrow=0 return_oop=0}
                      ; - sun.awt.SunToolkit::targetToAppContext@7 (line 379)
                      ; - sun.lwawt.macosx.LWCToolkit::invokeAndWait@31 (line 736)
  0x0000000110160830: 0cd9 9007 

  0x0000000110160834: ;   {other}
  0x0000000110160834: 0f1f 8400 | a408 0003 

  0x000000011016083c: ;   {metadata(method data for {method} {0x000000016bfde8e8} 'targetToAppContext' '(Ljava/lang/Object;)Lsun/awt/AppContext;' in 'sun/awt/SunToolkit')}
  0x000000011016083c: 4885 c048 | bae0 507a | 6c01 0000 | 0048 be20 | 0100 0000 | 0000 0075 | 0a48 be30 | 0100 0000 
  0x000000011016085c: 0000 0048 | 8b3c 3248 | 8d7f 0148 | 893c 320f | 857a 0200 | 0048 8984 | 24d8 0000 

  0x0000000110160878: ;   {oop(a 'java/util/Collections$SynchronizedMap'{0x0000000600a29b10})}
  0x0000000110160878: 0048 ba10 | 9ba2 0006 | 0000 0048 

  0x0000000110160884: ;   {metadata(method data for {method} {0x000000016bfde8e8} 'targetToAppContext' '(Ljava/lang/Object;)Lsun/awt/AppContext;' in 'sun/awt/SunToolkit')}
  0x0000000110160884: 8bf2 48bf | e050 7a6c | 0100 0000 | 4883 8758 | 0100 0001 

  0x0000000110160898: ;   {metadata(method data for {method} {0x000000016b27fcd8} 'get' '(Ljava/lang/Object;)Ljava/lang/Object;' in 'java/util/Collections$SynchronizedMap')}
  0x0000000110160898: 48be 7000 | 4a6c 0100 | 0000 8bbe | ac00 0000 | 83c7 0289 | beac 0000 | 0081 e7fe | ff1f 0085 
  0x00000001101608b8: ff0f 845b | 0c00 008b | 7a10 48c1 | e703 488d | 9424 1001 | 0000 4889 | 7a08 488b | 0748 83c8 
  0x00000001101608d8: 0148 8902 | f048 0fb1 | 170f 8412 | 0000 0048 | 2bc4 4825 | 07f0 ffff | 4889 020f | 854c 0c00 
  0x00000001101608f8: 0049 ff87 | 5005 0000 | 4889 bc24 | d000 0000 

  0x0000000110160908: ;   {oop(a 'java/util/Collections$SynchronizedMap'{0x0000000600a29b10})}
  0x0000000110160908: 48ba 109b | a200 0600 | 0000 8b72 | 0c48 c1e6 | 0348 3b06 

  0x000000011016091c: ;   {metadata(method data for {method} {0x000000016b27fcd8} 'get' '(Ljava/lang/Object;)Ljava/lang/Object;' in 'java/util/Collections$SynchronizedMap')}
  0x000000011016091c: 488b d648 | bb70 004a | 6c01 0000 | 008b 5208 | 49ba 0000 | 002a 0100 | 0000 4903 | d248 3b93 
  0x000000011016093c: 0001 0000 | 750d 4883 | 8308 0100 | 0001 e960 | 0000 0048 | 3b93 1001 | 0000 750d | 4883 8318 
  0x000000011016095c: 0100 0001 | e94a 0000 | 0048 83bb | 0001 0000 | 0075 1748 | 8993 0001 | 0000 48c7 | 8308 0100 
  0x000000011016097c: 0001 0000 | 00e9 2900 | 0000 4883 | bb10 0100 | 0000 7517 | 4889 9310 | 0100 0048 | c783 1801 
  0x000000011016099c: 0000 0100 | 0000 e908 | 0000 0048 | 8383 f000 | 0000 0148 | 8b94 24a8 | 0000 0066 | 0f1f 4400 
  0x00000001101609bc: 0048 b8ff | ffff ffff 

  0x00000001101609c4: ;   {virtual_call}
  0x00000001101609c4: ffff ffe8 

  0x00000001101609c8: ; ImmutableOopMap {[168]=Oop [176]=Oop [200]=Oop [208]=Oop [216]=Oop [280]=Oop }
                      ;*invokeinterface get {reexecute=0 rethrow=0 return_oop=0}
                      ; - java.util.Collections$SynchronizedMap::get@12 (line 2892)
                      ; - sun.awt.SunToolkit::targetToAppContext@19 (line 383)
                      ; - sun.lwawt.macosx.LWCToolkit::invokeAndWait@31 (line 736)
  0x00000001101609c8: b42c 3107 

  0x00000001101609cc: ;   {other}
  0x00000001101609cc: 0f1f 8400 | 3c0a 0004 | 488b f048 | 8d84 2410 | 0100 0048 | 8b10 4885 | d20f 840f | 0000 0048 
  0x00000001101609ec: 8b78 08f0 | 480f b117 | 0f85 630b | 0000 49ff | 8f50 0500 | 0048 85f6 

  0x0000000110160a04: ;   {metadata(method data for {method} {0x000000016bfde8e8} 'targetToAppContext' '(Ljava/lang/Object;)Lsun/awt/AppContext;' in 'sun/awt/SunToolkit')}
  0x0000000110160a04: 7516 48bb | e050 7a6c | 0100 0000 | 808b 7101 | 0000 01e9 | cc00 0000 

  0x0000000110160a1c: ;   {metadata('sun/awt/AppContext')}
  0x0000000110160a1c: 48bf e0a8 | 132b 0100 | 0000 8b56 | 0849 ba00 | 0000 2a01 | 0000 0049 | 03d2 483b | fa0f 858d 
  0x0000000110160a3c: ;   {metadata(method data for {method} {0x000000016bfde8e8} 'targetToAppContext' '(Ljava/lang/Object;)Lsun/awt/AppContext;' in 'sun/awt/SunToolkit')}
  0x0000000110160a3c: 0000 0048 | bbe0 507a | 6c01 0000 | 008b 7e08 | 49ba 0000 | 002a 0100 | 0000 4903 | fa48 3bbb 
  0x0000000110160a5c: 8801 0000 | 750d 4883 | 8390 0100 | 0001 e979 | 0000 0048 | 3bbb 9801 | 0000 750d | 4883 83a0 
  0x0000000110160a7c: 0100 0001 | e963 0000 | 0048 83bb | 8801 0000 | 0075 1748 | 89bb 8801 | 0000 48c7 | 8390 0100 
  0x0000000110160a9c: 0001 0000 | 00e9 4200 | 0000 4883 | bb98 0100 | 0000 7517 | 4889 bb98 | 0100 0048 | c783 a001 
  0x0000000110160abc: 0000 0100 | 0000 e921 | 0000 00e9 | 1c00 0000 

  0x0000000110160acc: ;   {metadata(method data for {method} {0x000000016bfde8e8} 'targetToAppContext' '(Ljava/lang/Object;)Lsun/awt/AppContext;' in 'sun/awt/SunToolkit')}
  0x0000000110160acc: 48bb e050 | 7a6c 0100 | 0000 4883 | ab78 0100 | 0001 e990 | 0a00 00e9 | 0000 0000 | 488b c648 
  0x0000000110160aec: ;   {metadata(method data for {method} {0x000000016c1029e8} 'invokeAndWait' '(Ljava/lang/Runnable;Ljava/awt/Component;)V' in 'sun/lwawt/macosx/LWCToolkit')}
  0x0000000110160aec: 8bf8 48be | 4078 6e6d | 0100 0000 | 4883 8650 | 0100 0001 | 488b f748 | 8b94 24c8 | 0000 0048 
  0x0000000110160b0c: 89bc 24e0 | 0000 000f 

  0x0000000110160b14: ;   {static_call}
  0x0000000110160b14: 1f40 00e8 

  0x0000000110160b18: ; ImmutableOopMap {[168]=Oop [176]=Oop [200]=Oop [224]=Oop }
                      ;*invokestatic postEvent {reexecute=0 rethrow=0 return_oop=0}
                      ; - sun.lwawt.macosx.LWCToolkit::invokeAndWait@40 (line 737)
  0x0000000110160b18: a4ba 1508 

  0x0000000110160b1c: ;   {other}
  0x0000000110160b1c: 0f1f 8400 | 8c0b 0005 

  0x0000000110160b24: ;   {metadata(method data for {method} {0x000000016c1029e8} 'invokeAndWait' '(Ljava/lang/Runnable;Ljava/awt/Component;)V' in 'sun/lwawt/macosx/LWCToolkit')}
  0x0000000110160b24: 48ba 4078 | 6e6d 0100 | 0000 4883 | 8260 0100 

  0x0000000110160b34: ;   {metadata(method data for {method} {0x000000016bfdef58} 'flushPendingEvents' '(Lsun/awt/AppContext;)V' in 'sun/awt/SunToolkit')}
  0x0000000110160b34: 0001 48ba | f8ed f96c | 0100 0000 | 8bb2 ac00 | 0000 83c6 | 0289 b2ac | 0000 0081 | e6fe ff1f 
  0x0000000110160b54: 0085 f60f | 841f 0a00 | 0048 8bbc | 24e0 0000 | 0048 3b07 

  0x0000000110160b68: ;   {metadata(method data for {method} {0x000000016bfdef58} 'flushPendingEvents' '(Lsun/awt/AppContext;)V' in 'sun/awt/SunToolkit')}
  0x0000000110160b68: 488b d748 | bef8 edf9 | 6c01 0000 | 0048 8386 | f000 0000 

  0x0000000110160b7c: ;   {oop("PostEventQueue"{0x0000000600816c20})}
  0x0000000110160b7c: 0148 ba20 | 6c81 0006 | 0000 0048 | 8bf7 4889 | bc24 e000 | 0000 0f1f 

  0x0000000110160b94: ;   {optimized virtual_call}
  0x0000000110160b94: 4400 00e8 

  0x0000000110160b98: ; ImmutableOopMap {[168]=Oop [176]=Oop [200]=Oop [224]=Oop }
                      ;*invokevirtual get {reexecute=0 rethrow=0 return_oop=0}
                      ; - sun.awt.SunToolkit::flushPendingEvents@3 (line 508)
                      ; - sun.lwawt.macosx.LWCToolkit::invokeAndWait@45 (line 739)
  0x0000000110160b98: 0471 9607 

  0x0000000110160b9c: ;   {other}
  0x0000000110160b9c: 0f1f 8400 | 0c0c 0006 | 4885 c075 

  0x0000000110160ba8: ;   {metadata(method data for {method} {0x000000016bfdef58} 'flushPendingEvents' '(Lsun/awt/AppContext;)V' in 'sun/awt/SunToolkit')}
  0x0000000110160ba8: 1648 bff8 | edf9 6c01 | 0000 0080 | 8f21 0100 | 0001 e9cc 

  0x0000000110160bbc: ;   {metadata('sun/awt/PostEventQueue')}
  0x0000000110160bbc: 0000 0048 | bb50 e113 | 2b01 0000 | 008b 7008 | 49ba 0000 | 002a 0100 | 0000 4903 | f248 3bde 
  0x0000000110160bdc: 0f85 8d00 

  0x0000000110160be0: ;   {metadata(method data for {method} {0x000000016bfdef58} 'flushPendingEvents' '(Lsun/awt/AppContext;)V' in 'sun/awt/SunToolkit')}
  0x0000000110160be0: 0000 48bf | f8ed f96c | 0100 0000 | 8b58 0849 | ba00 0000 | 2a01 0000 | 0049 03da | 483b 9f38 
  0x0000000110160c00: 0100 0075 | 0d48 8387 | 4001 0000 | 01e9 7900 | 0000 483b | 9f48 0100 | 0075 0d48 | 8387 5001 
  0x0000000110160c20: 0000 01e9 | 6300 0000 | 4883 bf38 | 0100 0000 | 7517 4889 | 9f38 0100 | 0048 c787 | 4001 0000 
  0x0000000110160c40: 0100 0000 | e942 0000 | 0048 83bf | 4801 0000 | 0075 1748 | 899f 4801 | 0000 48c7 | 8750 0100 
  0x0000000110160c60: 0001 0000 | 00e9 2100 | 0000 e91c 

  0x0000000110160c6c: ;   {metadata(method data for {method} {0x000000016bfdef58} 'flushPendingEvents' '(Lsun/awt/AppContext;)V' in 'sun/awt/SunToolkit')}
  0x0000000110160c6c: 0000 0048 | bff8 edf9 | 6c01 0000 | 0048 83af | 2801 0000 | 01e9 1c09 | 0000 e900 | 0000 0048 
  0x0000000110160c8c: 8bf8 4885 

  0x0000000110160c90: ;   {metadata(method data for {method} {0x000000016bfdef58} 'flushPendingEvents' '(Lsun/awt/AppContext;)V' in 'sun/awt/SunToolkit')}
  0x0000000110160c90: ff48 bef8 | edf9 6c01 | 0000 0048 | bb60 0100 | 0000 0000 | 0074 0a48 | bb70 0100 | 0000 0000 
  0x0000000110160cb0: 0048 8b04 | 1e48 8d40 | 0148 8904 | 1e0f 8431 | 0000 0048 | 3b07 488b 

  0x0000000110160cc8: ;   {metadata(method data for {method} {0x000000016bfdef58} 'flushPendingEvents' '(Lsun/awt/AppContext;)V' in 'sun/awt/SunToolkit')}
  0x0000000110160cc8: f748 bbf8 | edf9 6c01 | 0000 0048 | 8383 9801 | 0000 0148 | 8bf7 4889 | bc24 e800 

  0x0000000110160ce4: ;   {optimized virtual_call}
  0x0000000110160ce4: 0000 90e8 

  0x0000000110160ce8: ; ImmutableOopMap {[168]=Oop [176]=Oop [200]=Oop [224]=Oop [232]=Oop }
                      ;*invokevirtual flush {reexecute=0 rethrow=0 return_oop=0}
                      ; - sun.awt.SunToolkit::flushPendingEvents@15 (line 510)
                      ; - sun.lwawt.macosx.LWCToolkit::invokeAndWait@45 (line 739)
  0x0000000110160ce8: 744f 6908 

  0x0000000110160cec: ;   {other}
  0x0000000110160cec: 0f1f 8400 | 5c0d 0007 

  0x0000000110160cf4: ;   {metadata(method data for {method} {0x000000016c1029e8} 'invokeAndWait' '(Ljava/lang/Runnable;Ljava/awt/Component;)V' in 'sun/lwawt/macosx/LWCToolkit')}
  0x0000000110160cf4: 48be 4078 | 6e6d 0100 | 0000 4883 | 8670 0100 

  0x0000000110160d04: ;   {metadata(method data for {method} {0x000000016c103948} 'doAWTRunLoop' '(JZ)V' in 'sun/lwawt/macosx/LWCToolkit')}
  0x0000000110160d04: 0001 48be | 987c 6e6d | 0100 0000 | 8b96 ac00 | 0000 83c2 | 0289 96ac | 0000 0081 | e2fe ff1f 
  0x0000000110160d24: 0085 d20f | 8483 0800 

  0x0000000110160d2c: ;   {metadata(method data for {method} {0x000000016c103948} 'doAWTRunLoop' '(JZ)V' in 'sun/lwawt/macosx/LWCToolkit')}
  0x0000000110160d2c: 0048 be98 | 7c6e 6d01 | 0000 0048 | 8386 f000 | 0000 0148 | 8bb4 24c0 | 0000 00ba | 0000 0000 
  0x0000000110160d4c: b901 0000 | 0066 0f1f 

  0x0000000110160d54: ;   {static_call}
  0x0000000110160d54: 4400 00e8 

  0x0000000110160d58: ; ImmutableOopMap {[168]=Oop [176]=Oop [200]=Oop [224]=Oop }
                      ;*invokestatic doAWTRunLoopImpl {reexecute=0 rethrow=0 return_oop=0}
                      ; - sun.lwawt.macosx.LWCToolkit::doAWTRunLoop@5 (line 938)
                      ; - sun.lwawt.macosx.LWCToolkit::invokeAndWait@50 (line 740)
  0x0000000110160d58: 640d b207 

  0x0000000110160d5c: ;   {other}
  0x0000000110160d5c: 0f1f 8400 | cc0d 0008 

  0x0000000110160d64: ;   {metadata(method data for {method} {0x000000016c1029e8} 'invokeAndWait' '(Ljava/lang/Runnable;Ljava/awt/Component;)V' in 'sun/lwawt/macosx/LWCToolkit')}
  0x0000000110160d64: 48be 4078 | 6e6d 0100 | 0000 4883 | 8680 0100 

  0x0000000110160d74: ;   {metadata(method data for {method} {0x000000016c102bc8} 'checkException' '(Ljava/awt/event/InvocationEvent;)V' in 'sun/lwawt/macosx/LWCToolkit')}
  0x0000000110160d74: 0001 48be | e87d 6e6d | 0100 0000 | 8bbe ac00 | 0000 83c7 | 0289 beac | 0000 0081 | e7fe ff1f 
  0x0000000110160d94: 0085 ff0f | 8434 0800 | 0048 8b84 | 24c8 0000 

  0x0000000110160da4: ;   {metadata(method data for {method} {0x000000016c102bc8} 'checkException' '(Ljava/awt/event/InvocationEvent;)V' in 'sun/lwawt/macosx/LWCToolkit')}
  0x0000000110160da4: 0048 bee8 | 7d6e 6d01 | 0000 008b | 4008 49ba | 0000 002a | 0100 0000 | 4903 c248 | 3b86 0001 
  0x0000000110160dc4: 0000 750d | 4883 8608 | 0100 0001 | e960 0000 | 0048 3b86 | 1001 0000 | 750d 4883 | 8618 0100 
  0x0000000110160de4: 0001 e94a | 0000 0048 | 83be 0001 | 0000 0075 | 1748 8986 | 0001 0000 | 48c7 8608 | 0100 0001 
  0x0000000110160e04: 0000 00e9 | 2900 0000 | 4883 be10 | 0100 0000 | 7517 4889 | 8610 0100 | 0048 c786 | 1801 0000 
  0x0000000110160e24: 0100 0000 | e908 0000 | 0048 8386 | f000 0000 

  0x0000000110160e34: ;   {metadata(method data for {method} {0x000000016c77f678} 'getException' '()Ljava/lang/Exception;' in 'java/awt/event/InvocationEvent')}
  0x0000000110160e34: 0148 be48 | 806e 6d01 | 0000 008b | beac 0000 | 0083 c702 | 89be ac00 | 0000 81e7 | feff 1f00 
  0x0000000110160e54: 85ff 0f84 | 9607 0000 | 488b 8424 | c800 0000 | 0fbe 7029 

  0x0000000110160e68: ;   {metadata(method data for {method} {0x000000016c77f678} 'getException' '()Ljava/lang/Exception;' in 'java/awt/event/InvocationEvent')}
  0x0000000110160e68: 85f6 48be | 4880 6e6d | 0100 0000 | 48bf f000 | 0000 0000 | 0000 740a | 48bf 0001 | 0000 0000 
  0x0000000110160e88: 0000 488b | 1c3e 488d | 5b01 4889 | 1c3e 0f84 | 1c00 0000 | 8b70 3848 

  0x0000000110160ea0: ;   {metadata(method data for {method} {0x000000016c77f678} 'getException' '()Ljava/lang/Exception;' in 'java/awt/event/InvocationEvent')}
  0x0000000110160ea0: c1e6 0348 | bf48 806e | 6d01 0000 | 00ff 8710 | 0100 00e9 | 0a00 0000 

  0x0000000110160eb8: ;   {oop(nullptr)}
  0x0000000110160eb8: 48be 0000 | 0000 0000 | 0000 4885 

  0x0000000110160ec4: ;   {metadata(method data for {method} {0x000000016c102bc8} 'checkException' '(Ljava/awt/event/InvocationEvent;)V' in 'sun/lwawt/macosx/LWCToolkit')}
  0x0000000110160ec4: f648 bfe8 | 7d6e 6d01 | 0000 0048 | bb38 0100 | 0000 0000 | 0074 0a48 | bb28 0100 | 0000 0000 
  0x0000000110160ee4: 0048 8b14 | 1f48 8d52 | 0148 8914 | 1f0f 842f | 0100 0048 | 85f6 7516 

  0x0000000110160efc: ;   {metadata(method data for {method} {0x000000016c102bc8} 'checkException' '(Ljava/awt/event/InvocationEvent;)V' in 'sun/lwawt/macosx/LWCToolkit')}
  0x0000000110160efc: 48b9 e87d | 6e6d 0100 | 0000 8089 | 4101 0000 | 01e9 cc00 

  0x0000000110160f10: ;   {metadata('java/lang/reflect/UndeclaredThrowableException')}
  0x0000000110160f10: 0000 48ba | c068 102b | 0100 0000 | 8b5e 0849 | ba00 0000 | 2a01 0000 | 0049 03da | 483b d30f 
  0x0000000110160f30: 858d 0000 

  0x0000000110160f34: ;   {metadata(method data for {method} {0x000000016c102bc8} 'checkException' '(Ljava/awt/event/InvocationEvent;)V' in 'sun/lwawt/macosx/LWCToolkit')}
  0x0000000110160f34: 0048 b9e8 | 7d6e 6d01 | 0000 008b | 5608 49ba | 0000 002a | 0100 0000 | 4903 d248 | 3b91 5801 
  0x0000000110160f54: 0000 750d | 4883 8160 | 0100 0001 | e97e 0000 | 0048 3b91 | 6801 0000 | 750d 4883 | 8170 0100 
  0x0000000110160f74: 0001 e968 | 0000 0048 | 83b9 5801 | 0000 0075 | 1748 8991 | 5801 0000 | 48c7 8160 | 0100 0001 
  0x0000000110160f94: 0000 00e9 | 4700 0000 | 4883 b968 | 0100 0000 | 7517 4889 | 9168 0100 | 0048 c781 | 7001 0000 
  0x0000000110160fb4: 0100 0000 | e926 0000 | 00e9 2100 

  0x0000000110160fc0: ;   {metadata(method data for {method} {0x000000016c102bc8} 'checkException' '(Ljava/awt/event/InvocationEvent;)V' in 'sun/lwawt/macosx/LWCToolkit')}
  0x0000000110160fc0: 0000 48b9 | e87d 6e6d | 0100 0000 | 4883 a948 | 0100 0001 | e905 0000 | 00e9 0500 | 0000 4833 
  0x0000000110160fe0: ffeb 0a48 | bf01 0000 | 0000 0000 

  0x0000000110160fec: ;   {metadata(method data for {method} {0x000000016c102bc8} 'checkException' '(Ljava/awt/event/InvocationEvent;)V' in 'sun/lwawt/macosx/LWCToolkit')}
  0x0000000110160fec: 0085 ff48 | bfe8 7d6e | 6d01 0000 | 0048 bb80 | 0100 0000 | 0000 0074 | 0a48 bb90 | 0100 0000 
  0x000000011016100c: 0000 0048 | 8b14 1f48 | 8d52 0148 | 8914 1f0f | 84c6 0100 | 00e9 1600 | 0000 4881 | c430 0100 
  0x000000011016102c: ;   {poll_return}
  0x000000011016102c: 005d 493b | a750 0400 | 000f 87d8 | 0500 00c3 | 4885 f675 

  0x0000000110161040: ;   {metadata(method data for {method} {0x000000016c102bc8} 'checkException' '(Ljava/awt/event/InvocationEvent;)V' in 'sun/lwawt/macosx/LWCToolkit')}
  0x0000000110161040: 1648 b9e8 | 7d6e 6d01 | 0000 0080 | 8999 0100 | 0001 e9cc 

  0x0000000110161054: ;   {metadata('java/lang/reflect/UndeclaredThrowableException')}
  0x0000000110161054: 0000 0048 | bac0 6810 | 2b01 0000 | 008b 5e08 | 49ba 0000 | 002a 0100 | 0000 4903 | da48 3bd3 
  0x0000000110161074: 0f85 8d00 

  0x0000000110161078: ;   {metadata(method data for {method} {0x000000016c102bc8} 'checkException' '(Ljava/awt/event/InvocationEvent;)V' in 'sun/lwawt/macosx/LWCToolkit')}
  0x0000000110161078: 0000 48b9 | e87d 6e6d | 0100 0000 | 8b56 0849 | ba00 0000 | 2a01 0000 | 0049 03d2 | 483b 91b0 
  0x0000000110161098: 0100 0075 | 0d48 8381 | b801 0000 | 01e9 7900 | 0000 483b | 91c0 0100 | 0075 0d48 | 8381 c801 
  0x00000001101610b8: 0000 01e9 | 6300 0000 | 4883 b9b0 | 0100 0000 | 7517 4889 | 91b0 0100 | 0048 c781 | b801 0000 
  0x00000001101610d8: 0100 0000 | e942 0000 | 0048 83b9 | c001 0000 | 0075 1748 | 8991 c001 | 0000 48c7 | 81c8 0100 
  0x00000001101610f8: 0001 0000 | 00e9 2100 | 0000 e91c 

  0x0000000110161104: ;   {metadata(method data for {method} {0x000000016c102bc8} 'checkException' '(Ljava/awt/event/InvocationEvent;)V' in 'sun/lwawt/macosx/LWCToolkit')}
  0x0000000110161104: 0000 0048 | b9e8 7d6e | 6d01 0000 | 0048 83a9 | a001 0000 | 01e9 0b05 | 0000 e900 | 0000 0048 
  0x0000000110161124: 8bfe 483b | 0748 8bdf 

  0x000000011016112c: ;   {metadata(method data for {method} {0x000000016c102bc8} 'checkException' '(Ljava/awt/event/InvocationEvent;)V' in 'sun/lwawt/macosx/LWCToolkit')}
  0x000000011016112c: 48ba e87d | 6e6d 0100 | 0000 8b5b | 0849 ba00 | 0000 2a01 | 0000 0049 | 03da 483b | 9ae8 0100 
  0x000000011016114c: 0075 0d48 | 8382 f001 | 0000 01e9 | 6000 0000 | 483b 9af8 | 0100 0075 | 0d48 8382 | 0002 0000 
  0x000000011016116c: 01e9 4a00 | 0000 4883 | bae8 0100 | 0000 7517 | 4889 9ae8 | 0100 0048 | c782 f001 | 0000 0100 
  0x000000011016118c: 0000 e929 | 0000 0048 | 83ba f801 | 0000 0075 | 1748 899a | f801 0000 | 48c7 8200 | 0200 0001 
  0x00000001101611ac: 0000 00e9 | 0800 0000 | 4883 82d8 | 0100 0001 | 4889 b424 | f000 0000 | 488b f766 | 0f1f 4400 
  0x00000001101611cc: 0048 b8ff | ffff ffff 

  0x00000001101611d4: ;   {virtual_call}
  0x00000001101611d4: ffff ffe8 

  0x00000001101611d8: ; ImmutableOopMap {[168]=Oop [176]=Oop [200]=Oop [224]=Oop [240]=Oop }
                      ;*invokevirtual getUndeclaredThrowable {reexecute=0 rethrow=0 return_oop=0}
                      ; - sun.lwawt.macosx.LWCToolkit::checkException@21 (line 771)
                      ; - sun.lwawt.macosx.LWCToolkit::invokeAndWait@55 (line 742)
  0x00000001101611d8: a424 3107 

  0x00000001101611dc: ;   {other}
  0x00000001101611dc: 0f1f 8400 | 4c12 0009 | 488b f090 

  0x00000001101611e8: ;   {no_reloc}
  0x00000001101611e8: e959 0400 | 0000 0000 | 0000 488b | de80 ba20 | 0100 0005 | 0f85 5304 | 0000 498b | 87b8 0100 
  0x0000000110161208: 0048 8d78 | 2849 3bbf | c801 0000 | 0f87 3b04 | 0000 4989 | bfb8 0100 | 0048 c700 | 0100 0000 
  0x0000000110161228: 488b ca49 | ba00 0000 | 2a01 0000 | 0049 2bca | 8948 0848 | 33c9 8948 | 0c48 33c9 | 4889 4810 
  0x0000000110161248: 4889 4818 | 4889 4820 

  0x0000000110161250: ;   {metadata(method data for {method} {0x000000016c102bc8} 'checkException' '(Ljava/awt/event/InvocationEvent;)V' in 'sun/lwawt/macosx/LWCToolkit')}
  0x0000000110161250: 488b d048 | bee8 7d6e | 6d01 0000 | 0048 8386 | 1002 0000 | 0148 8bd3 | 488b f048 | 899c 2400 
  0x0000000110161270: 0100 0048 | 8984 24f8 | 0000 000f 

  0x000000011016127c: ;   {optimized virtual_call}
  0x000000011016127c: 1f40 00e8 

  0x0000000110161280: ; ImmutableOopMap {[168]=Oop [176]=Oop [200]=Oop [224]=Oop [248]=Oop [256]=Oop }
                      ;*invokespecial <init> {reexecute=0 rethrow=0 return_oop=0}
                      ; - sun.lwawt.macosx.LWCToolkit::checkException@30 (line 773)
                      ; - sun.lwawt.macosx.LWCToolkit::invokeAndWait@55 (line 742)
  0x0000000110161280: fc20 3107 

  0x0000000110161284: ;   {other}
  0x0000000110161284: 0f1f 8400 | f412 000a | 488b 8424 

  0x0000000110161290: ; ImmutableOopMap {rax=Oop [168]=Oop [176]=Oop [200]=Oop [224]=Oop [256]=Oop }
                      ;*athrow {reexecute=1 rethrow=0 return_oop=0}
                      ; - (reexecute) sun.lwawt.macosx.LWCToolkit::checkException@33 (line 773)
                      ; - sun.lwawt.macosx.LWCToolkit::invokeAndWait@55 (line 742)
  0x0000000110161290: f800 0000 

  0x0000000110161294: ;   {section_word}
  0x0000000110161294: 48ba 9412 | 1610 0100 

  0x000000011016129c: ;   {runtime_call handle_exception_nofpu Runtime1 stub}
  0x000000011016129c: 0000 e85d | ff3d 0790 | 0f1f 4000 

  0x00000001101612a8: ;   {no_reloc}
  0x00000001101612a8: e9c4 0300 | 0000 0000 | 0000 498b | 87b8 0100 | 0048 8d78 | 3049 3bbf | c801 0000 | 0f87 b103 
  0x00000001101612c8: 0000 4989 | bfb8 0100 | 0048 c700 | 0100 0000 | 488b ca49 | ba00 0000 | 2a01 0000 | 0049 2bca 
  0x00000001101612e8: 8948 0848 | 33c9 8948 | 0c48 33c9 | 4889 4810 | 4889 4818 | 4889 4820 | 4889 4828 

  0x0000000110161304: ;   {metadata(method data for {method} {0x000000012a0575b8} 'requireNonNull' '(Ljava/lang/Object;Ljava/lang/String;)Ljava/lang/Object;' in 'java/util/Objects')}
  0x0000000110161304: 488b d048 | be40 3302 | 6b01 0000 | 0048 8386 | 1001 0000 

  0x0000000110161318: ;   {oop("Null component provided to invokeAndWait"{0x0000000600636660})}
  0x0000000110161318: 0148 ba60 | 6663 0006 | 0000 0048 | 8bf0 4889 | 8424 0801 

  0x000000011016132c: ;   {optimized virtual_call}
  0x000000011016132c: 0000 90e8 

  0x0000000110161330: ; ImmutableOopMap {[168]=Oop [176]=Oop [264]=Oop }
                      ;*invokespecial <init> {reexecute=0 rethrow=0 return_oop=0}
                      ; - java.util.Objects::requireNonNull@9 (line 259)
                      ; - sun.lwawt.macosx.LWCToolkit::invokeAndWait@4 (line 723)
  0x0000000110161330: 4c20 3107 

  0x0000000110161334: ;   {other}
  0x0000000110161334: 0f1f 8400 | a413 000c | 488b 8424 

  0x0000000110161340: ; ImmutableOopMap {rax=Oop [168]=Oop [176]=Oop }
                      ;*athrow {reexecute=1 rethrow=0 return_oop=0}
                      ; - (reexecute) java.util.Objects::requireNonNull@12 (line 259)
                      ; - sun.lwawt.macosx.LWCToolkit::invokeAndWait@4 (line 723)
  0x0000000110161340: 0801 0000 

  0x0000000110161344: ;   {section_word}
  0x0000000110161344: 48ba 4413 | 1610 0100 

  0x000000011016134c: ;   {runtime_call handle_exception_nofpu Runtime1 stub}
  0x000000011016134c: 0000 e8ad | fe3d 0790 | 498b 8700 | 0500 004d | 33d2 4d89 | 9700 0500 | 004d 33d2 | 4d89 9708 
  0x000000011016136c: 0500 0048 | 8bf0 488d | 8424 1001 | 0000 488b | 1048 85d2 | 0f84 0f00 | 0000 488b | 7808 f048 
  0x000000011016138c: 0fb1 170f | 85f3 0200 | 0049 ff8f | 5005 0000 | 488b 8c24 | d000 0000 | 488b 9c24 | d800 0000 
  0x00000001101613ac: 488b bc24 | c800 0000 | 4c8b 8c24 | c000 0000 | 4c8b 8424 | a800 0000 | 4c8b 9c24 | b000 0000 
  0x00000001101613cc: ; ImmutableOopMap {rsi=Oop r8=Oop rcx=Oop rbx=Oop r11=Oop rdi=Oop rax=Oop [168]=Oop [200]=Oop }
                      ;*athrow {reexecute=1 rethrow=0 return_oop=0}
                      ; - (reexecute) java.util.Collections$SynchronizedMap::get@24 (line 2892)
                      ; - sun.awt.SunToolkit::targetToAppContext@19 (line 383)
                      ; - sun.lwawt.macosx.LWCToolkit::invokeAndWait@31 (line 736)
                      ;   {section_word}
  0x00000001101613cc: 488b c648 | bacf 1316 | 1001 0000 

  0x00000001101613d8: ;   {runtime_call handle_exception_nofpu Runtime1 stub}
  0x00000001101613d8: 00e8 22fe 

  0x00000001101613dc: ;   {metadata({method} {0x000000016c1029e8} 'invokeAndWait' '(Ljava/lang/Runnable;Ljava/awt/Component;)V' in 'sun/lwawt/macosx/LWCToolkit')}
  0x00000001101613dc: 3d07 9049 | bae8 2910 | 6c01 0000 | 004c 8954 | 2408 48c7 | 0424 ffff 

  0x00000001101613f4: ;   {runtime_call counter_overflow Runtime1 stub}
  0x00000001101613f4: ffff e885 

  0x00000001101613f8: ; ImmutableOopMap {rsi=Oop rdx=Oop [168]=Oop }
                      ;*synchronization entry
                      ; - sun.lwawt.macosx.LWCToolkit::invokeAndWait@-1 (line 723)
  0x00000001101613f8: 423e 07e9 | 2eef ffff 

  0x0000000110161400: ;   {metadata({method} {0x000000012a0575b8} 'requireNonNull' '(Ljava/lang/Object;Ljava/lang/String;)Ljava/lang/Object;' in 'java/util/Objects')}
  0x0000000110161400: 49ba b875 | 052a 0100 | 0000 4c89 | 5424 0848 | c704 24ff 

  0x0000000110161414: ;   {runtime_call counter_overflow Runtime1 stub}
  0x0000000110161414: ffff ffe8 

  0x0000000110161418: ; ImmutableOopMap {rsi=Oop rdx=Oop [168]=Oop }
                      ;*synchronization entry
                      ; - java.util.Objects::requireNonNull@-1 (line 258)
                      ; - sun.lwawt.macosx.LWCToolkit::invokeAndWait@4 (line 723)
  0x0000000110161418: 6442 3e07 | e946 efff | ff48 8bd2 

  0x0000000110161424: ;   {runtime_call fast_new_instance Runtime1 stub}
  0x0000000110161424: e8d7 ee3d 

  0x0000000110161428: ; ImmutableOopMap {[168]=Oop [176]=Oop }
                      ;*new {reexecute=0 rethrow=0 return_oop=0}
                      ; - sun.lwawt.macosx.LWCToolkit::invokeAndWait@12 (line 726)
  0x0000000110161428: 07e9 feef 

  0x000000011016142c: ;   {metadata({method} {0x000000012a0b0ab8} 'linkToTargetMethod' '(JLjava/lang/Object;)Ljava/lang/Object;' in 'java/lang/invoke/Invokers$Holder')}
  0x000000011016142c: ffff 49ba | b80a 0b2a | 0100 0000 | 4c89 5424 | 0848 c704 | 24ff ffff 

  0x0000000110161444: ;   {runtime_call counter_overflow Runtime1 stub}
  0x0000000110161444: ffe8 3642 

  0x0000000110161448: ; ImmutableOopMap {rax=Oop rdi=Oop [168]=Oop [176]=Oop [200]=Oop }
                      ;*synchronization entry
                      ; - java.lang.invoke.Invokers$Holder::linkToTargetMethod@-1
                      ; - sun.lwawt.macosx.LWCToolkit::invokeAndWait@19 (line 726)
  0x0000000110161448: 3e07 e948 

  0x000000011016144c: ;   {metadata({method} {0x000000016cd80aa0} 'newInvokeSpecial' '(Ljava/lang/Object;J)Ljava/lang/Object;' in 'java/lang/invoke/LambdaForm$DMH+0x000000012b3a4400')}
  0x000000011016144c: f0ff ff49 | baa0 0ad8 | 6c01 0000 | 004c 8954 | 2408 48c7 | 0424 ffff 

  0x0000000110161464: ;   {runtime_call counter_overflow Runtime1 stub}
  0x0000000110161464: ffff e815 

  0x0000000110161468: ; ImmutableOopMap {rax=Oop rdi=Oop [168]=Oop [176]=Oop [200]=Oop }
                      ;*synchronization entry
                      ; - java.lang.invoke.LambdaForm$DMH/0x000000012b3a4400::newInvokeSpecial@-1
                      ; - java.lang.invoke.Invokers$Holder::linkToTargetMethod@5
                      ; - sun.lwawt.macosx.LWCToolkit::invokeAndWait@19 (line 726)
  0x0000000110161468: 423e 07e9 | 80f0 ffff 

  0x0000000110161470: ;   {metadata({method} {0x000000012a0a37c8} 'allocateInstance' '(Ljava/lang/Object;)Ljava/lang/Object;' in 'java/lang/invoke/DirectMethodHandle')}
  0x0000000110161470: 49ba c837 | 0a2a 0100 | 0000 4c89 | 5424 0848 | c704 24ff 

  0x0000000110161484: ;   {runtime_call counter_overflow Runtime1 stub}
  0x0000000110161484: ffff ffe8 

  0x0000000110161488: ; ImmutableOopMap {rax=Oop rdi=Oop [168]=Oop [176]=Oop [200]=Oop }
                      ;*synchronization entry
                      ; - java.lang.invoke.DirectMethodHandle::allocateInstance@-1 (line 500)
                      ; - java.lang.invoke.LambdaForm$DMH/0x000000012b3a4400::newInvokeSpecial@1
                      ; - java.lang.invoke.Invokers$Holder::linkToTargetMethod@5
                      ; - sun.lwawt.macosx.LWCToolkit::invokeAndWait@19 (line 726)
  0x0000000110161488: f441 3e07 | e9ba f0ff 

  0x0000000110161490: ;   {metadata({method} {0x000000012a0a4270} 'constructorMethod' '(Ljava/lang/Object;)Ljava/lang/Object;' in 'java/lang/invoke/DirectMethodHandle')}
  0x0000000110161490: ff49 ba70 | 420a 2a01 | 0000 004c | 8954 2408 | 48c7 0424 | ffff ffff 

  0x00000001101614a8: ;   {runtime_call counter_overflow Runtime1 stub}
  0x00000001101614a8: e8d3 413e 

  0x00000001101614ac: ; ImmutableOopMap {rax=Oop [168]=Oop [176]=Oop [200]=Oop }
                      ;*synchronization entry
                      ; - java.lang.invoke.DirectMethodHandle::constructorMethod@-1 (line 494)
                      ; - java.lang.invoke.LambdaForm$DMH/0x000000012b3a4400::newInvokeSpecial@6
                      ; - java.lang.invoke.Invokers$Holder::linkToTargetMethod@5
                      ; - sun.lwawt.macosx.LWCToolkit::invokeAndWait@19 (line 726)
  0x00000001101614ac: 07e9 5df1 

  0x00000001101614b0: ;   {runtime_call throw_null_pointer_exception Runtime1 stub}
  0x00000001101614b0: ffff e849 

  0x00000001101614b4: ; ImmutableOopMap {rax=Oop [168]=Oop [176]=Oop [200]=Oop }
                      ;*invokestatic linkToSpecial {reexecute=0 rethrow=0 return_oop=0}
                      ; - java.lang.invoke.LambdaForm$DMH/0x000000012b3a4400::newInvokeSpecial@18
                      ; - java.lang.invoke.Invokers$Holder::linkToTargetMethod@5
                      ; - sun.lwawt.macosx.LWCToolkit::invokeAndWait@19 (line 726)
                      ;   {metadata({method} {0x000000016ce8ad28} '<init>' '(J)V' in 'sun/lwawt/macosx/LWCToolkit$$Lambda+0x000000012b444738')}
  0x00000001101614b4: dc3d 0749 | ba28 ade8 | 6c01 0000 | 004c 8954 | 2408 48c7 | 0424 ffff 

  0x00000001101614cc: ;   {runtime_call counter_overflow Runtime1 stub}
  0x00000001101614cc: ffff e8ad 

  0x00000001101614d0: ; ImmutableOopMap {rax=Oop [168]=Oop [176]=Oop [200]=Oop }
                      ;*synchronization entry
                      ; - sun.lwawt.macosx.LWCToolkit$$Lambda/0x000000012b444738::<init>@-1
                      ; - java.lang.invoke.LambdaForm$DMH/0x000000012b3a4400::newInvokeSpecial@18
                      ; - java.lang.invoke.Invokers$Holder::linkToTargetMethod@5
                      ; - sun.lwawt.macosx.LWCToolkit::invokeAndWait@19 (line 726)
  0x00000001101614d0: 413e 07e9 | a0f1 ffff 

  0x00000001101614d8: ;   {metadata({method} {0x000000012a47cc78} '<init>' '()V' in 'java/lang/Object')}
  0x00000001101614d8: 49ba 78cc | 472a 0100 | 0000 4c89 | 5424 0848 | c704 24ff 

  0x00000001101614ec: ;   {runtime_call counter_overflow Runtime1 stub}
  0x00000001101614ec: ffff ffe8 

  0x00000001101614f0: ; ImmutableOopMap {rax=Oop [168]=Oop [176]=Oop [200]=Oop }
                      ;*synchronization entry
                      ; - java.lang.Object::<init>@-1 (line 45)
                      ; - sun.lwawt.macosx.LWCToolkit$$Lambda/0x000000012b444738::<init>@1
                      ; - java.lang.invoke.LambdaForm$DMH/0x000000012b3a4400::newInvokeSpecial@18
                      ; - java.lang.invoke.Invokers$Holder::linkToTargetMethod@5
                      ; - sun.lwawt.macosx.LWCToolkit::invokeAndWait@19 (line 726)
  0x00000001101614f0: 8c41 3e07 | e9bb f1ff 

  0x00000001101614f8: ;   {metadata({method} {0x000000016bfde8e8} 'targetToAppContext' '(Ljava/lang/Object;)Lsun/awt/AppContext;' in 'sun/awt/SunToolkit')}
  0x00000001101614f8: ff49 bae8 | e8fd 6b01 | 0000 004c | 8954 2408 | 48c7 0424 | ffff ffff 

  0x0000000110161510: ;   {runtime_call counter_overflow Runtime1 stub}
  0x0000000110161510: e86b 413e 

  0x0000000110161514: ; ImmutableOopMap {[168]=Oop [176]=Oop [200]=Oop }
                      ;*synchronization entry
                      ; - sun.awt.SunToolkit::targetToAppContext@-1 (line 376)
                      ; - sun.lwawt.macosx.LWCToolkit::invokeAndWait@31 (line 736)
  0x0000000110161514: 07e9 b3f2 

  0x0000000110161518: ;   {metadata({method} {0x000000016b27fcd8} 'get' '(Ljava/lang/Object;)Ljava/lang/Object;' in 'java/util/Collections$SynchronizedMap')}
  0x0000000110161518: ffff 49ba | d8fc 276b | 0100 0000 | 4c89 5424 | 0848 c704 | 24ff ffff 

  0x0000000110161530: ;   {runtime_call counter_overflow Runtime1 stub}
  0x0000000110161530: ffe8 4a41 

  0x0000000110161534: ; ImmutableOopMap {rdx=Oop [168]=Oop [176]=Oop [200]=Oop [216]=Oop }
                      ;*synchronization entry
                      ; - java.util.Collections$SynchronizedMap::get@-1 (line 2892)
                      ; - sun.awt.SunToolkit::targetToAppContext@19 (line 383)
                      ; - sun.lwawt.macosx.LWCToolkit::invokeAndWait@31 (line 736)
  0x0000000110161534: 3e07 e984 

  0x0000000110161538: ;   {runtime_call throw_null_pointer_exception Runtime1 stub}
  0x0000000110161538: f3ff ffe8 

  0x000000011016153c: ; ImmutableOopMap {[168]=Oop [176]=Oop [200]=Oop [216]=Oop }
                      ;*getfield mutex {reexecute=1 rethrow=0 return_oop=0}
                      ; - (reexecute) java.util.Collections$SynchronizedMap::get@1 (line 2892)
                      ; - sun.awt.SunToolkit::targetToAppContext@19 (line 383)
                      ; - sun.lwawt.macosx.LWCToolkit::invokeAndWait@31 (line 736)
  0x000000011016153c: c0db 3d07 

  0x0000000110161540: ;   {runtime_call throw_null_pointer_exception Runtime1 stub}
  0x0000000110161540: e8bb db3d 

  0x0000000110161544: ; ImmutableOopMap {rdi=Oop [168]=Oop [176]=Oop [200]=Oop [216]=Oop }
                      ;*monitorenter {reexecute=0 rethrow=0 return_oop=0}
                      ; - java.util.Collections$SynchronizedMap::get@6 (line 2892)
                      ; - sun.awt.SunToolkit::targetToAppContext@19 (line 383)
                      ; - sun.lwawt.macosx.LWCToolkit::invokeAndWait@31 (line 736)
  0x0000000110161544: 0748 897c | 2408 4889 

  0x000000011016154c: ;   {runtime_call monitorenter_nofpu Runtime1 stub}
  0x000000011016154c: 1424 e8ad 

  0x0000000110161550: ; ImmutableOopMap {rdi=Oop [168]=Oop [176]=Oop [200]=Oop [216]=Oop [280]=Oop }
                      ;*monitorenter {reexecute=0 rethrow=0 return_oop=0}
                      ; - java.util.Collections$SynchronizedMap::get@6 (line 2892)
                      ; - sun.awt.SunToolkit::targetToAppContext@19 (line 383)
                      ; - sun.lwawt.macosx.LWCToolkit::invokeAndWait@31 (line 736)
  0x0000000110161550: 143e 07e9 | a8f3 ffff 

  0x0000000110161558: ;   {runtime_call throw_null_pointer_exception Runtime1 stub}
  0x0000000110161558: e8a3 db3d 

  0x000000011016155c: ; ImmutableOopMap {rsi=Oop [168]=Oop [176]=Oop [200]=Oop [208]=Oop [216]=Oop [280]=Oop }
                      ;*invokeinterface get {reexecute=0 rethrow=0 return_oop=0}
                      ; - java.util.Collections$SynchronizedMap::get@12 (line 2892)
                      ; - sun.awt.SunToolkit::targetToAppContext@19 (line 383)
                      ; - sun.lwawt.macosx.LWCToolkit::invokeAndWait@31 (line 736)
  0x000000011016155c: 0748 8d84 | 2410 0100 | 0048 8904 

  0x0000000110161568: ;   {runtime_call monitorexit_nofpu Runtime1 stub}
  0x0000000110161568: 24e8 121f | 3e07 e98e | f4ff ff48 

  0x0000000110161574: ;   {runtime_call throw_class_cast_exception Runtime1 stub}
  0x0000000110161574: 8934 24e8 

  0x0000000110161578: ; ImmutableOopMap {[168]=Oop [176]=Oop [200]=Oop [216]=Oop }
                      ;*checkcast {reexecute=0 rethrow=0 return_oop=0}
                      ; - sun.awt.SunToolkit::targetToAppContext@24 (line 383)
                      ; - sun.lwawt.macosx.LWCToolkit::invokeAndWait@31 (line 736)
  0x0000000110161578: 8408 3e07 

  0x000000011016157c: ;   {metadata({method} {0x000000016bfdef58} 'flushPendingEvents' '(Lsun/awt/AppContext;)V' in 'sun/awt/SunToolkit')}
  0x000000011016157c: 49ba 58ef | fd6b 0100 | 0000 4c89 | 5424 0848 | c704 24ff 

  0x0000000110161590: ;   {runtime_call counter_overflow Runtime1 stub}
  0x0000000110161590: ffff ffe8 

  0x0000000110161594: ; ImmutableOopMap {[168]=Oop [176]=Oop [200]=Oop [224]=Oop }
                      ;*synchronization entry
                      ; - sun.awt.SunToolkit::flushPendingEvents@-1 (line 507)
                      ; - sun.lwawt.macosx.LWCToolkit::invokeAndWait@45 (line 739)
  0x0000000110161594: e840 3e07 | e9c0 f5ff 

  0x000000011016159c: ;   {runtime_call throw_null_pointer_exception Runtime1 stub}
  0x000000011016159c: ffe8 5edb 

  0x00000001101615a0: ; ImmutableOopMap {rdi=Oop [168]=Oop [176]=Oop [200]=Oop }
                      ;*invokevirtual get {reexecute=0 rethrow=0 return_oop=0}
                      ; - sun.awt.SunToolkit::flushPendingEvents@3 (line 508)
                      ; - sun.lwawt.macosx.LWCToolkit::invokeAndWait@45 (line 739)
  0x00000001101615a0: 3d07 4889 

  0x00000001101615a4: ;   {runtime_call throw_class_cast_exception Runtime1 stub}
  0x00000001101615a4: 0424 e855 

  0x00000001101615a8: ; ImmutableOopMap {[168]=Oop [176]=Oop [200]=Oop [224]=Oop }
                      ;*checkcast {reexecute=0 rethrow=0 return_oop=0}
                      ; - sun.awt.SunToolkit::flushPendingEvents@6 (line 508)
                      ; - sun.lwawt.macosx.LWCToolkit::invokeAndWait@45 (line 739)
                      ;   {runtime_call throw_null_pointer_exception Runtime1 stub}
  0x00000001101615a8: 083e 07e8 

  0x00000001101615ac: ; ImmutableOopMap {rdi=Oop [168]=Oop [176]=Oop [200]=Oop [224]=Oop }
                      ;*invokevirtual flush {reexecute=0 rethrow=0 return_oop=0}
                      ; - sun.awt.SunToolkit::flushPendingEvents@15 (line 510)
                      ; - sun.lwawt.macosx.LWCToolkit::invokeAndWait@45 (line 739)
  0x00000001101615ac: 50db 3d07 

  0x00000001101615b0: ;   {metadata({method} {0x000000016c103948} 'doAWTRunLoop' '(JZ)V' in 'sun/lwawt/macosx/LWCToolkit')}
  0x00000001101615b0: 49ba 4839 | 106c 0100 | 0000 4c89 | 5424 0848 | c704 24ff 

  0x00000001101615c4: ;   {runtime_call counter_overflow Runtime1 stub}
  0x00000001101615c4: ffff ffe8 

  0x00000001101615c8: ; ImmutableOopMap {[168]=Oop [176]=Oop [200]=Oop [224]=Oop }
                      ;*synchronization entry
                      ; - sun.lwawt.macosx.LWCToolkit::doAWTRunLoop@-1 (line 938)
                      ; - sun.lwawt.macosx.LWCToolkit::invokeAndWait@50 (line 740)
  0x00000001101615c8: b440 3e07 | e95c f7ff 

  0x00000001101615d0: ;   {metadata({method} {0x000000016c102bc8} 'checkException' '(Ljava/awt/event/InvocationEvent;)V' in 'sun/lwawt/macosx/LWCToolkit')}
  0x00000001101615d0: ff49 bac8 | 2b10 6c01 | 0000 004c | 8954 2408 | 48c7 0424 | ffff ffff 

  0x00000001101615e8: ;   {runtime_call counter_overflow Runtime1 stub}
  0x00000001101615e8: e893 403e 

  0x00000001101615ec: ; ImmutableOopMap {[168]=Oop [176]=Oop [200]=Oop [224]=Oop }
                      ;*synchronization entry
                      ; - sun.lwawt.macosx.LWCToolkit::checkException@-1 (line 767)
                      ; - sun.lwawt.macosx.LWCToolkit::invokeAndWait@55 (line 742)
  0x00000001101615ec: 07e9 abf7 

  0x00000001101615f0: ;   {metadata({method} {0x000000016c77f678} 'getException' '()Ljava/lang/Exception;' in 'java/awt/event/InvocationEvent')}
  0x00000001101615f0: ffff 49ba | 78f6 776c | 0100 0000 | 4c89 5424 | 0848 c704 | 24ff ffff 

  0x0000000110161608: ;   {runtime_call counter_overflow Runtime1 stub}
  0x0000000110161608: ffe8 7240 

  0x000000011016160c: ; ImmutableOopMap {[168]=Oop [176]=Oop [200]=Oop [224]=Oop }
                      ;*synchronization entry
                      ; - java.awt.event.InvocationEvent::getException@-1 (line 334)
                      ; - sun.lwawt.macosx.LWCToolkit::checkException@1 (line 767)
                      ; - sun.lwawt.macosx.LWCToolkit::invokeAndWait@55 (line 742)
  0x000000011016160c: 3e07 e949 

  0x0000000110161610: ;   {internal_word}
  0x0000000110161610: f8ff ff49 | ba2e 1016 | 1001 0000 | 004d 8997 | 6804 0000 

  0x0000000110161624: ;   {runtime_call SafepointBlob}
  0x0000000110161624: e9d7 8931 | 0748 8934 

  0x000000011016162c: ;   {runtime_call throw_class_cast_exception Runtime1 stub}
  0x000000011016162c: 24e8 ce07 

  0x0000000110161630: ; ImmutableOopMap {rsi=Oop [168]=Oop [176]=Oop [200]=Oop [224]=Oop }
                      ;*checkcast {reexecute=0 rethrow=0 return_oop=0}
                      ; - sun.lwawt.macosx.LWCToolkit::checkException@18 (line 771)
                      ; - sun.lwawt.macosx.LWCToolkit::invokeAndWait@55 (line 742)
                      ;   {runtime_call throw_null_pointer_exception Runtime1 stub}
  0x0000000110161630: 3e07 e8c9 

  0x0000000110161634: ; ImmutableOopMap {rsi=Oop rdi=Oop [168]=Oop [176]=Oop [200]=Oop [224]=Oop }
                      ;*invokevirtual getUndeclaredThrowable {reexecute=0 rethrow=0 return_oop=0}
                      ; - sun.lwawt.macosx.LWCToolkit::checkException@21 (line 771)
                      ; - sun.lwawt.macosx.LWCToolkit::invokeAndWait@55 (line 742)
                      ;   {metadata(nullptr)}
  0x0000000110161634: da3d 0748 | ba00 0000 | 0000 0000 | 00b8 000f 

  0x0000000110161644: ;   {runtime_call load_klass_patching Runtime1 stub}
  0x0000000110161644: 050a e835 

  0x0000000110161648: ; ImmutableOopMap {rsi=Oop [168]=Oop [176]=Oop [200]=Oop [224]=Oop }
                      ;*new {reexecute=1 rethrow=0 return_oop=0}
                      ; - (reexecute) sun.lwawt.macosx.LWCToolkit::checkException@25 (line 773)
                      ; - sun.lwawt.macosx.LWCToolkit::invokeAndWait@55 (line 742)
  0x0000000110161648: 313e 07e9 | 98fb ffff 

  0x0000000110161650: ;   {runtime_call throw_null_pointer_exception Runtime1 stub}
  0x0000000110161650: e8ab da3d 

  0x0000000110161654: ; ImmutableOopMap {rbx=Oop [168]=Oop [176]=Oop [200]=Oop [224]=Oop }
                      ;*new {reexecute=0 rethrow=0 return_oop=0}
                      ; - sun.lwawt.macosx.LWCToolkit::checkException@25 (line 773)
                      ; - sun.lwawt.macosx.LWCToolkit::invokeAndWait@55 (line 742)
  0x0000000110161654: 0748 8bd2 

  0x0000000110161658: ;   {runtime_call fast_new_instance_init_check Runtime1 stub}
  0x0000000110161658: e8a3 ef3d 

  0x000000011016165c: ; ImmutableOopMap {rbx=Oop [168]=Oop [176]=Oop [200]=Oop [224]=Oop }
                      ;*new {reexecute=0 rethrow=0 return_oop=0}
                      ; - sun.lwawt.macosx.LWCToolkit::checkException@25 (line 773)
                      ; - sun.lwawt.macosx.LWCToolkit::invokeAndWait@55 (line 742)
  0x000000011016165c: 07e9 eefb 

  0x0000000110161660: ;   {metadata(nullptr)}
  0x0000000110161660: ffff 48ba | 0000 0000 | 0000 0000 | b800 0f05 

  0x0000000110161670: ;   {runtime_call load_klass_patching Runtime1 stub}
  0x0000000110161670: 0ae8 0a31 

  0x0000000110161674: ; ImmutableOopMap {[168]=Oop [176]=Oop }
                      ;*new {reexecute=1 rethrow=0 return_oop=0}
                      ; - (reexecute) java.util.Objects::requireNonNull@4 (line 259)
                      ; - sun.lwawt.macosx.LWCToolkit::invokeAndWait@4 (line 723)
  0x0000000110161674: 3e07 e92d | fcff ff48 

  0x000000011016167c: ;   {runtime_call fast_new_instance Runtime1 stub}
  0x000000011016167c: 8bd2 e87d 

  0x0000000110161680: ; ImmutableOopMap {[168]=Oop [176]=Oop }
                      ;*new {reexecute=0 rethrow=0 return_oop=0}
                      ; - java.util.Objects::requireNonNull@4 (line 259)
                      ; - sun.lwawt.macosx.LWCToolkit::invokeAndWait@4 (line 723)
  0x0000000110161680: ec3d 07e9 | 7cfc ffff | 488d 8424 | 1001 0000 | 4889 0424 

  0x0000000110161694: ;   {runtime_call monitorexit_nofpu Runtime1 stub}
  0x0000000110161694: e8e7 1d3e | 07e9 fefc | ffff 498b | 8700 0500 | 0049 c787 | 0005 0000 | 0000 0000 | 49c7 8708 
  0x00000001101616b4: 0500 0000 | 0000 0048 | 81c4 3001 

  0x00000001101616c0: ;   {runtime_call unwind_exception Runtime1 stub}
  0x00000001101616c0: 0000 5de9 | 38cb 3d07 
[Stub Code]
  0x00000001101616c8: ;   {no_reloc}
  0x00000001101616c8: 0f1f 4400 

  0x00000001101616cc: ;   {static_stub}
  0x00000001101616cc: 0048 bb00 | 0000 0000 

  0x00000001101616d4: ;   {runtime_call}
  0x00000001101616d4: 0000 00e9 | fbff ffff 

  0x00000001101616dc: ;   {static_stub}
  0x00000001101616dc: 9048 bb00 | 0000 0000 

  0x00000001101616e4: ;   {runtime_call}
  0x00000001101616e4: 0000 00e9 | fbff ffff 

  0x00000001101616ec: ;   {static_stub}
  0x00000001101616ec: 9048 bb00 | 0000 0000 

  0x00000001101616f4: ;   {runtime_call}
  0x00000001101616f4: 0000 00e9 | fbff ffff 

  0x00000001101616fc: ;   {static_stub}
  0x00000001101616fc: 9048 bb00 | 0000 0000 

  0x0000000110161704: ;   {runtime_call}
  0x0000000110161704: 0000 00e9 | fbff ffff 

  0x000000011016170c: ;   {static_stub}
  0x000000011016170c: 48bb a8f1 | 776c 0100 

  0x0000000110161714: ;   {runtime_call I2C/C2I adapters}
  0x0000000110161714: 0000 e9d8 

  0x0000000110161718: ;   {static_stub}
  0x0000000110161718: 342f 0748 | bb00 0000 | 0000 0000 

  0x0000000110161724: ;   {runtime_call}
  0x0000000110161724: 00e9 fbff 

  0x0000000110161728: ;   {static_stub}
  0x0000000110161728: ffff 48bb | 0000 0000 | 0000 0000 

  0x0000000110161734: ;   {runtime_call}
  0x0000000110161734: e9fb ffff 

  0x0000000110161738: ;   {static_stub}
  0x0000000110161738: ff48 bb00 | 0000 0000 

  0x0000000110161740: ;   {runtime_call}
  0x0000000110161740: 0000 00e9 | fbff ffff 

  0x0000000110161748: ;   {static_stub}
  0x0000000110161748: 48bb d839 | 106c 0100 

  0x0000000110161750: ;   {runtime_call I2C/C2I adapters}
  0x0000000110161750: 0000 e912 

  0x0000000110161754: ;   {static_stub}
  0x0000000110161754: b832 0748 | bb00 0000 | 0000 0000 

  0x0000000110161760: ;   {runtime_call}
  0x0000000110161760: 00e9 fbff 

  0x0000000110161764: ;   {static_stub}
  0x0000000110161764: ffff 48bb | 0000 0000 | 0000 0000 

  0x0000000110161770: ;   {runtime_call}
  0x0000000110161770: e9fb ffff 

  0x0000000110161774: ;   {static_stub}
  0x0000000110161774: ff48 bb00 | 0000 0000 

  0x000000011016177c: ;   {runtime_call}
  0x000000011016177c: 0000 00e9 | fbff ffff 
[Exception Handler]
  0x0000000110161784: ;   {runtime_call handle_exception_from_callee Runtime1 stub}
  0x0000000110161784: e877 003e 

  0x0000000110161788: ;   {external_word}
  0x0000000110161788: 0748 bf8b | c427 0701 | 0000 0048 

  0x0000000110161794: ;   {runtime_call MacroAssembler::debug64(char*, long long, long long*)}
  0x0000000110161794: 83e4 f0e8 | a4f8 caf6 

  0x000000011016179c: ;   {section_word}
  0x000000011016179c: f449 ba9d | 1716 1001 | 0000 0041 

  0x00000001101617a8: ;   {runtime_call DeoptimizationBlob}
  0x00000001101617a8: 52e9 f27a | 3107 f4f4 
[/MachCode]


Compiled method (c1) 8825698 11163       3       sun.lwawt.macosx.CAccessibility::invokeAndWait (7 bytes)
 total in heap  [0x0000000110262c90,0x00000001102639c8] = 3384
 relocation     [0x0000000110262de0,0x0000000110262ea0] = 192
 main code      [0x0000000110262ea0,0x00000001102635e8] = 1864
 stub code      [0x00000001102635e8,0x0000000110263648] = 96
 metadata       [0x0000000110263648,0x0000000110263698] = 80
 scopes data    [0x0000000110263698,0x0000000110263818] = 384
 scopes pcs     [0x0000000110263818,0x0000000110263938] = 288
 dependencies   [0x0000000110263938,0x0000000110263958] = 32
 handler table  [0x0000000110263958,0x00000001102639b8] = 96
 nul chk table  [0x00000001102639b8,0x00000001102639c8] = 16

[Constant Pool (empty)]

[MachCode]
[Verified Entry Point]
  # {method} {0x000000016d7ab458} 'invokeAndWait' '(Ljava/util/concurrent/Callable;Ljava/awt/Component;)Ljava/lang/Object;' in 'sun/lwawt/macosx/CAccessibility'
  # parm0:    rsi:rsi   = 'java/util/concurrent/Callable'
  # parm1:    rdx:rdx   = 'java/awt/Component'
  #           [sp+0xc0]  (sp of caller)
  0x0000000110262ea0: 8984 2400 | c0fe ff55 | 4881 ecb0 | 0000 0090 | 4181 7f20 | 0900 0000 

  0x0000000110262eb8: ;   {runtime_call StubRoutines (final stubs)}
  0x0000000110262eb8: 7405 e8e1 | 651f 0748 | 89b4 2480 | 0000 0048 | 8994 2488 

  0x0000000110262ecc: ;   {metadata(method data for {method} {0x000000016d7ab458} 'invokeAndWait' '(Ljava/util/concurrent/Callable;Ljava/awt/Component;)Ljava/lang/Object;' in 'sun/lwawt/macosx/CAccessibility')}
  0x0000000110262ecc: 0000 0048 | bfe8 8e90 | 6d01 0000 | 008b 87ac | 0000 0083 | c002 8987 | ac00 0000 | 25fe 0700 
  0x0000000110262eec: 0085 c00f | 8436 0500 

  0x0000000110262ef4: ;   {metadata(method data for {method} {0x000000016d7ab458} 'invokeAndWait' '(Ljava/util/concurrent/Callable;Ljava/awt/Component;)Ljava/lang/Object;' in 'sun/lwawt/macosx/CAccessibility')}
  0x0000000110262ef4: 0048 bfe8 | 8e90 6d01 | 0000 0048 | 8387 f000 

  0x0000000110262f04: ;   {metadata(method data for {method} {0x000000016d7ab560} 'invokeAndWait' '(Ljava/util/concurrent/Callable;Ljava/awt/Component;Ljava/lang/Object;)Ljava/lang/Object;' in 'sun/lwawt/macosx/CAccessibility')}
  0x0000000110262f04: 0000 0148 | bf30 9090 | 6d01 0000 | 008b 87ac | 0000 0083 | c002 8987 | ac00 0000 | 25fe ff1f 
  0x0000000110262f24: 0085 c00f | 841f 0500 | 0048 85d2 

  0x0000000110262f30: ;   {metadata(method data for {method} {0x000000016d7ab560} 'invokeAndWait' '(Ljava/util/concurrent/Callable;Ljava/awt/Component;Ljava/lang/Object;)Ljava/lang/Object;' in 'sun/lwawt/macosx/CAccessibility')}
  0x0000000110262f30: 48bf 3090 | 906d 0100 | 0000 48b8 | 0001 0000 | 0000 0000 | 750a 48b8 | f000 0000 | 0000 0000 
  0x0000000110262f50: 488b 0c07 | 488d 4901 | 4889 0c07 | 0f85 0f00 

  0x0000000110262f60: ;   {oop(nullptr)}
  0x0000000110262f60: 0000 48be | 0000 0000 | 0000 0000 | e94d 0400 

  0x0000000110262f70: ;   {metadata(method data for {method} {0x000000016d7ab560} 'invokeAndWait' '(Ljava/util/concurrent/Callable;Ljava/awt/Component;Ljava/lang/Object;)Ljava/lang/Object;' in 'sun/lwawt/macosx/CAccessibility')}
  0x0000000110262f70: 0048 bf30 | 9090 6d01 | 0000 0048 | 8387 1001 

  0x0000000110262f80: ;   {metadata(method data for {method} {0x000000016c1028c8} 'invokeAndWait' '(Ljava/util/concurrent/Callable;Ljava/awt/Component;)Ljava/lang/Object;' in 'sun/lwawt/macosx/LWCToolkit')}
  0x0000000110262f80: 0000 0148 | bf28 9290 | 6d01 0000 | 008b 87ac | 0000 0083 | c002 8987 | ac00 0000 | 25fe ff1f 
  0x0000000110262fa0: 0085 c00f | 84c4 0400 | 0048 8bda 

  0x0000000110262fac: ;   {metadata('sun/lwawt/macosx/LWCToolkit$CallableWrapper')}
  0x0000000110262fac: 48ba 4070 | 4e2b 0100 | 0000 4c8b | c649 8b87 | b801 0000 | 488d 7818 | 493b bfc8 | 0100 000f 
  0x0000000110262fcc: 87bd 0400 | 0049 89bf | b801 0000 | 48c7 0001 | 0000 0048 | 8bca 49ba | 0000 002a | 0100 0000 
  0x0000000110262fec: 492b ca89 | 4808 4833 | c989 480c | 4833 c948 | 8948 1048 

  0x0000000110263000: ;   {metadata(method data for {method} {0x000000016c1028c8} 'invokeAndWait' '(Ljava/util/concurrent/Callable;Ljava/awt/Component;)Ljava/lang/Object;' in 'sun/lwawt/macosx/LWCToolkit')}
  0x0000000110263000: 8bf0 48ba | 2892 906d | 0100 0000 | 4883 82f0 | 0000 0001 

  0x0000000110263014: ;   {metadata(method data for {method} {0x000000016d7b1248} '<init>' '(Ljava/util/concurrent/Callable;)V' in 'sun/lwawt/macosx/LWCToolkit$CallableWrapper')}
  0x0000000110263014: 48be b893 | 906d 0100 | 0000 8b96 | ac00 0000 | 83c2 0289 | 96ac 0000 | 0081 e2fe | ff1f 0085 
  0x0000000110263034: d20f 8460 | 0400 0048 

  0x000000011026303c: ;   {metadata(method data for {method} {0x000000016d7b1248} '<init>' '(Ljava/util/concurrent/Callable;)V' in 'sun/lwawt/macosx/LWCToolkit$CallableWrapper')}
  0x000000011026303c: 8bf0 48ba | b893 906d | 0100 0000 | 4883 82f0 | 0000 0001 

  0x0000000110263050: ;   {metadata(method data for {method} {0x000000012a47cc78} '<init>' '()V' in 'java/lang/Object')}
  0x0000000110263050: 48be 48a3 | 006b 0100 | 0000 8b96 | ac00 0000 | 83c2 0289 | 96ac 0000 | 0081 e2fe | ff1f 0085 
  0x0000000110263070: d20f 8445 | 0400 0041 | 0fbe 7740 | 85f6 0f85 | 5904 0000 | 4d8b d049 | c1ea 0344 | 8950 0c48 
  0x0000000110263090: 8bf0 4933 | f048 c1ee | 1648 83fe | 000f 8559 

  0x00000001102630a0: ;   {metadata(method data for {method} {0x000000016c1028c8} 'invokeAndWait' '(Ljava/util/concurrent/Callable;Ljava/awt/Component;)Ljava/lang/Object;' in 'sun/lwawt/macosx/LWCToolkit')}
  0x00000001102630a0: 0400 0048 | be28 9290 | 6d01 0000 | 0048 8386 | 0001 0000 | 0148 8bf0 | 488b d348 | 8944 2478 
  0x00000001102630c0: 0f1f 8000 

  0x00000001102630c4: ;   {static_call}
  0x00000001102630c4: 0000 00e8 

  0x00000001102630c8: ; ImmutableOopMap {[120]=Oop [128]=Oop [136]=Oop }
                      ;*invokestatic invokeAndWait {reexecute=0 rethrow=0 return_oop=0}
                      ; - sun.lwawt.macosx.LWCToolkit::invokeAndWait@11 (line 685)
                      ; - sun.lwawt.macosx.CAccessibility::invokeAndWait@8 (line 138)
                      ; - sun.lwawt.macosx.CAccessibility::invokeAndWait@3 (line 131)
  0x00000001102630c8: 14d2 efff 

  0x00000001102630cc: ;   {other}
  0x00000001102630cc: 0f1f 8400 | 3c04 0000 | 488b 4424 

  0x00000001102630d8: ;   {metadata(method data for {method} {0x000000016c1028c8} 'invokeAndWait' '(Ljava/util/concurrent/Callable;Ljava/awt/Component;)Ljava/lang/Object;' in 'sun/lwawt/macosx/LWCToolkit')}
  0x00000001102630d8: 7848 ba28 | 9290 6d01 | 0000 0048 | 8382 1001 

  0x00000001102630e8: ;   {metadata(method data for {method} {0x000000016d7b13f0} 'getResult' '()Ljava/lang/Object;' in 'sun/lwawt/macosx/LWCToolkit$CallableWrapper')}
  0x00000001102630e8: 0000 0148 | b8f0 9490 | 6d01 0000 | 008b 90ac | 0000 0083 | c202 8990 | ac00 0000 | 81e2 feff 
  0x0000000110263108: 1f00 85d2 | 0f84 0204 | 0000 488b | 7424 788b | 4614 48c1 | e003 4885 

  0x0000000110263120: ;   {metadata(method data for {method} {0x000000016d7b13f0} 'getResult' '()Ljava/lang/Object;' in 'sun/lwawt/macosx/LWCToolkit$CallableWrapper')}
  0x0000000110263120: c048 baf0 | 9490 6d01 | 0000 0048 | bf00 0100 | 0000 0000 | 0075 0a48 | bff0 0000 | 0000 0000 
  0x0000000110263140: 0048 8b1c | 3a48 8d5b | 0148 891c | 3a0f 851f | 0000 008b | 4610 48c1 

  0x0000000110263158: ;   {metadata(method data for {method} {0x000000016d7ab560} 'invokeAndWait' '(Ljava/util/concurrent/Callable;Ljava/awt/Component;Ljava/lang/Object;)Ljava/lang/Object;' in 'sun/lwawt/macosx/CAccessibility')}
  0x0000000110263158: e003 48ba | 3090 906d | 0100 0000 | ff82 2001 | 0000 488b | f0e9 4c02 | 0000 483b 

  0x0000000110263174: ; ImmutableOopMap {rsi=Oop rax=Oop [128]=Oop [136]=Oop }
                      ;*athrow {reexecute=1 rethrow=0 return_oop=0}
                      ; - (reexecute) sun.lwawt.macosx.LWCToolkit$CallableWrapper::getResult@11 (line 708)
                      ; - sun.lwawt.macosx.LWCToolkit::invokeAndWait@15 (line 686)
                      ; - sun.lwawt.macosx.CAccessibility::invokeAndWait@8 (line 138)
                      ; - sun.lwawt.macosx.CAccessibility::invokeAndWait@3 (line 131)
                      ;   {section_word}
  0x0000000110263174: 0048 ba75 | 3126 1001 

  0x000000011026317c: ;   {runtime_call handle_exception_nofpu Runtime1 stub}
  0x000000011026317c: 0000 00e8 | 7ce0 2d07 | 9049 8b87 | 0005 0000 | 4d33 d24d | 8997 0005 | 0000 4d33 | d24d 8997 
  0x000000011026319c: 0805 0000 

  0x00000001102631a0: ;   {metadata(method data for {method} {0x000000016d7ab560} 'invokeAndWait' '(Ljava/util/concurrent/Callable;Ljava/awt/Component;Ljava/lang/Object;)Ljava/lang/Object;' in 'sun/lwawt/macosx/CAccessibility')}
  0x00000001102631a0: 488b f848 | bb30 9090 | 6d01 0000 | 008b 7f08 | 49ba 0000 | 002a 0100 | 0000 4903 | fa48 3bbb 
  0x00000001102631c0: 4801 0000 | 750d 4883 | 8350 0100 | 0001 e960 | 0000 0048 | 3bbb 5801 | 0000 750d | 4883 8360 
  0x00000001102631e0: 0100 0001 | e94a 0000 | 0048 83bb | 4801 0000 | 0075 1748 | 89bb 4801 | 0000 48c7 | 8350 0100 
  0x0000000110263200: 0001 0000 | 00e9 2900 | 0000 4883 | bb58 0100 | 0000 7517 | 4889 bb58 | 0100 0048 | c783 6001 
  0x0000000110263220: 0000 0100 | 0000 e908 | 0000 0048 | 8383 3801 

  0x0000000110263230: ;   {metadata(method data for {method} {0x000000016b0b33f8} 'printStackTrace' '()V' in 'java/lang/Throwable')}
  0x0000000110263230: 0000 0148 | bfc0 3925 | 6b01 0000 | 008b 9fac | 0000 0083 | c302 899f | ac00 0000 | 81e3 feff 
  0x0000000110263250: 1f00 85db | 0f84 e002 

  0x0000000110263258: ;   {oop(a 'java/lang/Class'{0x00000006008121d8} = 'java/lang/System')}
  0x0000000110263258: 0000 48bf | d821 8100 | 0600 0000 | 8b7f 7848 | c1e7 0348 

  0x000000011026326c: ;   {metadata(method data for {method} {0x000000016b0b33f8} 'printStackTrace' '()V' in 'java/lang/Throwable')}
  0x000000011026326c: 8bd8 48b9 | c039 256b | 0100 0000 | 8b5b 0849 | ba00 0000 | 2a01 0000 | 0049 03da | 483b 9900 
  0x000000011026328c: 0100 0075 | 0d48 8381 | 0801 0000 | 01e9 6000 | 0000 483b | 9910 0100 | 0075 0d48 | 8381 1801 
  0x00000001102632ac: 0000 01e9 | 4a00 0000 | 4883 b900 | 0100 0000 | 7517 4889 | 9900 0100 | 0048 c781 | 0801 0000 
  0x00000001102632cc: 0100 0000 | e929 0000 | 0048 83b9 | 1001 0000 | 0075 1748 | 8999 1001 | 0000 48c7 | 8118 0100 
  0x00000001102632ec: 0001 0000 | 00e9 0800 | 0000 4883 | 81f0 0000 

  0x00000001102632fc: ;   {metadata(method data for {method} {0x000000016b0b34b8} 'printStackTrace' '(Ljava/io/PrintStream;)V' in 'java/lang/Throwable')}
  0x00000001102632fc: 0001 48bb | 283b 256b | 0100 0000 | 8b8b ac00 | 0000 83c1 | 0289 8bac | 0000 0081 | e1fe ff1f 
  0x000000011026331c: 0085 c90f | 8436 0200 | 0066 6690 

  0x0000000110263328: ;   {no_reloc}
  0x0000000110263328: e95e 0200 | 0000 0000 | 0000 4889 | 8424 9000 | 0000 e956 | 0200 0048 

  0x0000000110263340: ;   {metadata(method data for {method} {0x000000016b0b34b8} 'printStackTrace' '(Ljava/io/PrintStream;)V' in 'java/lang/Throwable')}
  0x0000000110263340: 8bd0 49b8 | 283b 256b | 0100 0000 | 4983 80f0 | 0000 0001 | 488b d748 | 8bf0 4889 | bc24 a000 
  0x0000000110263360: 0000 4889 | 8424 9800 | 0000 0f1f 

  0x000000011026336c: ;   {optimized virtual_call}
  0x000000011026336c: 4400 00e8 

  0x0000000110263370: ; ImmutableOopMap {[128]=Oop [136]=Oop [144]=Oop [152]=Oop [160]=Oop }
                      ;*invokespecial <init> {reexecute=0 rethrow=0 return_oop=0}
                      ; - java.lang.Throwable::printStackTrace@6 (line 660)
                      ; - java.lang.Throwable::printStackTrace@4 (line 651)
                      ; - sun.lwawt.macosx.CAccessibility::invokeAndWait@19 (line 139)
                      ; - sun.lwawt.macosx.CAccessibility::invokeAndWait@3 (line 131)
  0x0000000110263370: 0c00 2107 

  0x0000000110263374: ;   {other}
  0x0000000110263374: 0f1f 8400 | e406 0002 | 488b 8424 | 9000 0000 

  0x0000000110263384: ;   {metadata(method data for {method} {0x000000016b0b34b8} 'printStackTrace' '(Ljava/io/PrintStream;)V' in 'java/lang/Throwable')}
  0x0000000110263384: 48ba 283b | 256b 0100 | 0000 4883 | 8200 0100 | 0001 488b | 9424 9800 | 0000 488b | b424 9000 
  0x00000001102633a4: ;   {optimized virtual_call}
  0x00000001102633a4: 0000 90e8 

  0x00000001102633a8: ; ImmutableOopMap {[128]=Oop [136]=Oop [144]=Oop [160]=Oop }
                      ;*invokevirtual printStackTrace {reexecute=0 rethrow=0 return_oop=0}
                      ; - java.lang.Throwable::printStackTrace@9 (line 660)
                      ; - java.lang.Throwable::printStackTrace@4 (line 651)
                      ; - sun.lwawt.macosx.CAccessibility::invokeAndWait@19 (line 139)
                      ; - sun.lwawt.macosx.CAccessibility::invokeAndWait@3 (line 131)
  0x00000001102633a8: d4ff 2007 

  0x00000001102633ac: ;   {other}
  0x00000001102633ac: 0f1f 8400 | 1c07 0003 

  0x00000001102633b4: ;   {oop(nullptr)}
  0x00000001102633b4: 48be 0000 | 0000 0000 | 0000 4885 

  0x00000001102633c0: ;   {metadata(method data for {method} {0x000000016d7ab560} 'invokeAndWait' '(Ljava/util/concurrent/Callable;Ljava/awt/Component;Ljava/lang/Object;)Ljava/lang/Object;' in 'sun/lwawt/macosx/CAccessibility')}
  0x00000001102633c0: f648 b830 | 9090 6d01 | 0000 0048 | bf70 0100 | 0000 0000 | 0074 0a48 | bf80 0100 | 0000 0000 
  0x00000001102633e0: 0048 8b1c | 3848 8d5b | 0148 891c | 380f 8415 

  0x00000001102633f0: ;   {metadata(method data for {method} {0x000000016d7ab560} 'invokeAndWait' '(Ljava/util/concurrent/Callable;Ljava/awt/Component;Ljava/lang/Object;)Ljava/lang/Object;' in 'sun/lwawt/macosx/CAccessibility')}
  0x00000001102633f0: 0000 0048 | b830 9090 | 6d01 0000 | 00ff 8090 | 0100 00e9 | 0a00 0000 

  0x0000000110263408: ;   {oop(nullptr)}
  0x0000000110263408: 48be 0000 | 0000 0000 | 0000 488b | c648 81c4 | b000 0000 

  0x000000011026341c: ;   {poll_return}
  0x000000011026341c: 5d49 3ba7 | 5004 0000 | 0f87 7801 

  0x0000000110263428: ;   {metadata({method} {0x000000016d7ab458} 'invokeAndWait' '(Ljava/util/concurrent/Callable;Ljava/awt/Component;)Ljava/lang/Object;' in 'sun/lwawt/macosx/CAccessibility')}
  0x0000000110263428: 0000 c349 | ba58 b47a | 6d01 0000 | 004c 8954 | 2408 48c7 | 0424 ffff 

  0x0000000110263440: ;   {runtime_call counter_overflow Runtime1 stub}
  0x0000000110263440: ffff e839 

  0x0000000110263444: ; ImmutableOopMap {rsi=Oop rdx=Oop [128]=Oop [136]=Oop }
                      ;*synchronization entry
                      ; - sun.lwawt.macosx.CAccessibility::invokeAndWait@-1 (line 131)
  0x0000000110263444: 222e 07e9 | a9fa ffff 

  0x000000011026344c: ;   {metadata({method} {0x000000016d7ab560} 'invokeAndWait' '(Ljava/util/concurrent/Callable;Ljava/awt/Component;Ljava/lang/Object;)Ljava/lang/Object;' in 'sun/lwawt/macosx/CAccessibility')}
  0x000000011026344c: 49ba 60b5 | 7a6d 0100 | 0000 4c89 | 5424 0848 | c704 24ff 

  0x0000000110263460: ;   {runtime_call counter_overflow Runtime1 stub}
  0x0000000110263460: ffff ffe8 

  0x0000000110263464: ; ImmutableOopMap {rsi=Oop rdx=Oop [128]=Oop [136]=Oop }
                      ;*synchronization entry
                      ; - sun.lwawt.macosx.CAccessibility::invokeAndWait@-1 (line 135)
                      ; - sun.lwawt.macosx.CAccessibility::invokeAndWait@3 (line 131)
  0x0000000110263464: 1822 2e07 | e9c0 faff 

  0x000000011026346c: ;   {metadata({method} {0x000000016c1028c8} 'invokeAndWait' '(Ljava/util/concurrent/Callable;Ljava/awt/Component;)Ljava/lang/Object;' in 'sun/lwawt/macosx/LWCToolkit')}
  0x000000011026346c: ff49 bac8 | 2810 6c01 | 0000 004c | 8954 2408 | 48c7 0424 | ffff ffff 

  0x0000000110263484: ;   {runtime_call counter_overflow Runtime1 stub}
  0x0000000110263484: e8f7 212e 

  0x0000000110263488: ; ImmutableOopMap {rsi=Oop rdx=Oop [128]=Oop [136]=Oop }
                      ;*synchronization entry
                      ; - sun.lwawt.macosx.LWCToolkit::invokeAndWait@-1 (line 684)
                      ; - sun.lwawt.macosx.CAccessibility::invokeAndWait@8 (line 138)
                      ; - sun.lwawt.macosx.CAccessibility::invokeAndWait@3 (line 131)
  0x0000000110263488: 07e9 1bfb | ffff 488b 

  0x0000000110263490: ;   {runtime_call fast_new_instance Runtime1 stub}
  0x0000000110263490: d2e8 6ace 

  0x0000000110263494: ; ImmutableOopMap {rbx=Oop r8=Oop [128]=Oop [136]=Oop }
                      ;*new {reexecute=0 rethrow=0 return_oop=0}
                      ; - sun.lwawt.macosx.LWCToolkit::invokeAndWait@0 (line 684)
                      ; - sun.lwawt.macosx.CAccessibility::invokeAndWait@8 (line 138)
                      ; - sun.lwawt.macosx.CAccessibility::invokeAndWait@3 (line 131)
  0x0000000110263494: 2d07 e964 

  0x0000000110263498: ;   {metadata({method} {0x000000016d7b1248} '<init>' '(Ljava/util/concurrent/Callable;)V' in 'sun/lwawt/macosx/LWCToolkit$CallableWrapper')}
  0x0000000110263498: fbff ff49 | ba48 127b | 6d01 0000 | 004c 8954 | 2408 48c7 | 0424 ffff 

  0x00000001102634b0: ;   {runtime_call counter_overflow Runtime1 stub}
  0x00000001102634b0: ffff e8c9 

  0x00000001102634b4: ; ImmutableOopMap {rbx=Oop r8=Oop rax=Oop [128]=Oop [136]=Oop }
                      ;*synchronization entry
                      ; - sun.lwawt.macosx.LWCToolkit$CallableWrapper::<init>@-1 (line 694)
                      ; - sun.lwawt.macosx.LWCToolkit::invokeAndWait@5 (line 684)
                      ; - sun.lwawt.macosx.CAccessibility::invokeAndWait@8 (line 138)
                      ; - sun.lwawt.macosx.CAccessibility::invokeAndWait@3 (line 131)
  0x00000001102634b4: 212e 07e9 | 7ffb ffff 

  0x00000001102634bc: ;   {metadata({method} {0x000000012a47cc78} '<init>' '()V' in 'java/lang/Object')}
  0x00000001102634bc: 49ba 78cc | 472a 0100 | 0000 4c89 | 5424 0848 | c704 24ff 

  0x00000001102634d0: ;   {runtime_call counter_overflow Runtime1 stub}
  0x00000001102634d0: ffff ffe8 

  0x00000001102634d4: ; ImmutableOopMap {rbx=Oop r8=Oop rax=Oop [128]=Oop [136]=Oop }
                      ;*synchronization entry
                      ; - java.lang.Object::<init>@-1 (line 45)
                      ; - sun.lwawt.macosx.LWCToolkit$CallableWrapper::<init>@1 (line 694)
                      ; - sun.lwawt.macosx.LWCToolkit::invokeAndWait@5 (line 684)
                      ; - sun.lwawt.macosx.CAccessibility::invokeAndWait@8 (line 138)
                      ; - sun.lwawt.macosx.CAccessibility::invokeAndWait@3 (line 131)
  0x00000001102634d4: a821 2e07 | e99a fbff | ff8b 700c | 48c1 e603 | 4883 fe00 | 0f84 96fb | ffff 4889 

  0x00000001102634f0: ;   {runtime_call g1_pre_barrier_slow}
  0x00000001102634f0: 3424 e809 | 2c2e 07e9 | 88fb ffff | 4983 f800 | 0f84 9dfb | ffff 4889 

  0x0000000110263508: ;   {runtime_call g1_post_barrier_slow}
  0x0000000110263508: 0424 e8f1 | 2e2e 07e9 | 8ffb ffff 

  0x0000000110263514: ;   {metadata({method} {0x000000016d7b13f0} 'getResult' '()Ljava/lang/Object;' in 'sun/lwawt/macosx/LWCToolkit$CallableWrapper')}
  0x0000000110263514: 49ba f013 | 7b6d 0100 | 0000 4c89 | 5424 0848 | c704 24ff 

  0x0000000110263528: ;   {runtime_call counter_overflow Runtime1 stub}
  0x0000000110263528: ffff ffe8 

  0x000000011026352c: ; ImmutableOopMap {[120]=Oop [128]=Oop [136]=Oop }
                      ;*synchronization entry
                      ; - sun.lwawt.macosx.LWCToolkit$CallableWrapper::getResult@-1 (line 708)
                      ; - sun.lwawt.macosx.LWCToolkit::invokeAndWait@15 (line 686)
                      ; - sun.lwawt.macosx.CAccessibility::invokeAndWait@8 (line 138)
                      ; - sun.lwawt.macosx.CAccessibility::invokeAndWait@3 (line 131)
  0x000000011026352c: 5021 2e07 | e9dd fbff 

  0x0000000110263534: ;   {runtime_call throw_null_pointer_exception Runtime1 stub}
  0x0000000110263534: ffe8 c6bb 

  0x0000000110263538: ; ImmutableOopMap {rsi=Oop rax=Oop [128]=Oop [136]=Oop }
                      ;*athrow {reexecute=1 rethrow=0 return_oop=0}
                      ; - (reexecute) sun.lwawt.macosx.LWCToolkit$CallableWrapper::getResult@11 (line 708)
                      ; - sun.lwawt.macosx.LWCToolkit::invokeAndWait@15 (line 686)
                      ; - sun.lwawt.macosx.CAccessibility::invokeAndWait@8 (line 138)
                      ; - sun.lwawt.macosx.CAccessibility::invokeAndWait@3 (line 131)
                      ;   {metadata({method} {0x000000016b0b33f8} 'printStackTrace' '()V' in 'java/lang/Throwable')}
  0x0000000110263538: 2d07 49ba | f833 0b6b | 0100 0000 | 4c89 5424 | 0848 c704 | 24ff ffff 

  0x0000000110263550: ;   {runtime_call counter_overflow Runtime1 stub}
  0x0000000110263550: ffe8 2a21 

  0x0000000110263554: ; ImmutableOopMap {rax=Oop [128]=Oop [136]=Oop }
                      ;*synchronization entry
                      ; - java.lang.Throwable::printStackTrace@-1 (line 651)
                      ; - sun.lwawt.macosx.CAccessibility::invokeAndWait@19 (line 139)
                      ; - sun.lwawt.macosx.CAccessibility::invokeAndWait@3 (line 131)
  0x0000000110263554: 2e07 e9ff 

  0x0000000110263558: ;   {metadata({method} {0x000000016b0b34b8} 'printStackTrace' '(Ljava/io/PrintStream;)V' in 'java/lang/Throwable')}
  0x0000000110263558: fcff ff49 | bab8 340b | 6b01 0000 | 004c 8954 | 2408 48c7 | 0424 ffff 

  0x0000000110263570: ;   {runtime_call counter_overflow Runtime1 stub}
  0x0000000110263570: ffff e809 

  0x0000000110263574: ; ImmutableOopMap {rax=Oop rdi=Oop [128]=Oop [136]=Oop }
                      ;*synchronization entry
                      ; - java.lang.Throwable::printStackTrace@-1 (line 660)
                      ; - java.lang.Throwable::printStackTrace@4 (line 651)
                      ; - sun.lwawt.macosx.CAccessibility::invokeAndWait@19 (line 139)
                      ; - sun.lwawt.macosx.CAccessibility::invokeAndWait@3 (line 131)
  0x0000000110263574: 212e 07e9 | a9fd ffff 

  0x000000011026357c: ;   {metadata(nullptr)}
  0x000000011026357c: 48ba 0000 | 0000 0000 | 0000 b800 

  0x0000000110263588: ;   {runtime_call load_klass_patching Runtime1 stub}
  0x0000000110263588: 0f05 0ae8 

  0x000000011026358c: ; ImmutableOopMap {rax=Oop rdi=Oop [128]=Oop [136]=Oop }
                      ;*new {reexecute=1 rethrow=0 return_oop=0}
                      ; - (reexecute) java.lang.Throwable::printStackTrace@1 (line 660)
                      ; - java.lang.Throwable::printStackTrace@4 (line 651)
                      ; - sun.lwawt.macosx.CAccessibility::invokeAndWait@19 (line 139)
                      ; - sun.lwawt.macosx.CAccessibility::invokeAndWait@3 (line 131)
  0x000000011026358c: f011 2e07 | e993 fdff | ff48 8bd2 

  0x0000000110263598: ;   {runtime_call new_instance Runtime1 stub}
  0x0000000110263598: e8e3 c52d 

  0x000000011026359c: ; ImmutableOopMap {rdi=Oop [128]=Oop [136]=Oop [144]=Oop }
                      ;*new {reexecute=0 rethrow=0 return_oop=0}
                      ; - java.lang.Throwable::printStackTrace@1 (line 660)
                      ; - java.lang.Throwable::printStackTrace@4 (line 651)
                      ; - sun.lwawt.macosx.CAccessibility::invokeAndWait@19 (line 139)
                      ; - sun.lwawt.macosx.CAccessibility::invokeAndWait@3 (line 131)
  0x000000011026359c: 07e9 9dfd 

  0x00000001102635a0: ;   {internal_word}
  0x00000001102635a0: ffff 49ba | 1d34 2610 | 0100 0000 | 4d89 9768 

  0x00000001102635b0: ;   {runtime_call SafepointBlob}
  0x00000001102635b0: 0400 00e9 | 486a 2107 | 498b 8700 | 0500 0049 | c787 0005 | 0000 0000 | 0000 49c7 | 8708 0500 
  0x00000001102635d0: 0000 0000 | 0048 81c4 | b000 0000 

  0x00000001102635dc: ;   {runtime_call unwind_exception Runtime1 stub}
  0x00000001102635dc: 5de9 1eac | 2d07 f4f4 | f4f4 f4f4 
[Stub Code]
  0x00000001102635e8: ;   {no_reloc}
  0x00000001102635e8: 0f1f 4400 

  0x00000001102635ec: ;   {static_stub}
  0x00000001102635ec: 0048 bb00 | 0000 0000 

  0x00000001102635f4: ;   {runtime_call}
  0x00000001102635f4: 0000 00e9 | fbff ffff 

  0x00000001102635fc: ;   {static_stub}
  0x00000001102635fc: 48bb 0000 | 0000 0000 

  0x0000000110263604: ;   {runtime_call}
  0x0000000110263604: 0000 e9fb 

  0x0000000110263608: ;   {static_stub}
  0x0000000110263608: ffff ff48 | bb00 0000 | 0000 0000 

  0x0000000110263614: ;   {runtime_call}
  0x0000000110263614: 00e9 fbff 

  0x0000000110263618: ;   {runtime_call handle_exception_from_callee Runtime1 stub}
  0x0000000110263618: ffff e8e1 

  0x000000011026361c: ;   {external_word}
  0x000000011026361c: e12d 0748 | bf8b c427 | 0701 0000 | 0048 83e4 

  0x000000011026362c: ;   {runtime_call MacroAssembler::debug64(char*, long long, long long*)}
  0x000000011026362c: f0e8 0eda 

  0x0000000110263630: ;   {section_word}
  0x0000000110263630: baf6 f449 | ba33 3626 | 1001 0000 

  0x000000011026363c: ;   {runtime_call DeoptimizationBlob}
  0x000000011026363c: 0041 52e9 | 5c5c 2107 | f4f4 f4f4 
[/MachCode]


---------------  P R O C E S S  ---------------

Threads class SMR info:
_java_thread_list=0x0000600000ff0e00, length=29, elements={
0x00007fcf21010400, 0x00007fcf2100f000, 0x00007fcf5100fc00, 0x00007fcf21013a00,
0x00007fcf4280a600, 0x00007fcf21014200, 0x00007fcf21014a00, 0x00007fcf6200c200,
0x00007fcf5103ac00, 0x00007fcf6180a000, 0x00007fcf5103b400, 0x00007fcf42032e00,
0x00007fcf6180a800, 0x00007fcf51098000, 0x00007fcf428da400, 0x00007fcf61153200,
0x00007fcf44374400, 0x00007fcf5136be00, 0x00007fcf61a65000, 0x00007fcf61a7ca00,
0x00007fcf2143b400, 0x00007fcf61106800, 0x00007fcf62225400, 0x00007fcf5153fe00,
0x00007fcf431b1000, 0x00007fcf61414600, 0x00007fcf51774e00, 0x00007fcee327ca00,
0x00007fcf51424a00
}

Java Threads: ( => current thread )
  0x00007fcf21010400 JavaThread "Reference Handler"          daemon [_thread_blocked, id=29699, stack(0x00007000044c9000,0x00007000045c9000) (1024K)]
  0x00007fcf2100f000 JavaThread "Finalizer"                  daemon [_thread_blocked, id=29187, stack(0x00007000045cc000,0x00007000046cc000) (1024K)]
  0x00007fcf5100fc00 JavaThread "Signal Dispatcher"          daemon [_thread_blocked, id=24579, stack(0x00007000046cf000,0x00007000047cf000) (1024K)]
  0x00007fcf21013a00 JavaThread "Service Thread"             daemon [_thread_blocked, id=25091, stack(0x00007000047d2000,0x00007000048d2000) (1024K)]
  0x00007fcf4280a600 JavaThread "Monitor Deflation Thread"   daemon [_thread_blocked, id=25603, stack(0x00007000048d5000,0x00007000049d5000) (1024K)]
  0x00007fcf21014200 JavaThread "C2 CompilerThread0"         daemon [_thread_blocked, id=28931, stack(0x00007000049d8000,0x0000700004ad8000) (1024K)]
  0x00007fcf21014a00 JavaThread "C1 CompilerThread0"         daemon [_thread_blocked, id=26371, stack(0x0000700004adb000,0x0000700004bdb000) (1024K)]
  0x00007fcf6200c200 JavaThread "Common-Cleaner"             daemon [_thread_blocked, id=26883, stack(0x0000700004bde000,0x0000700004cde000) (1024K)]
  0x00007fcf5103ac00 JavaThread "JDWP Transport Listener: dt_socket" daemon [_thread_blocked, id=27139, stack(0x0000700004ce1000,0x0000700004de1000) (1024K)]
  0x00007fcf6180a000 JavaThread "JDWP Event Helper Thread"   daemon [_thread_blocked, id=28419, stack(0x0000700004de4000,0x0000700004ee4000) (1024K)]
  0x00007fcf5103b400 JavaThread "JDWP Command Reader"        daemon [_thread_in_native, id=27907, stack(0x0000700004ee7000,0x0000700004fe7000) (1024K)]
  0x00007fcf42032e00 JavaThread "IntelliJ Suspend Helper"    daemon [_thread_blocked, id=32771, stack(0x0000700004fea000,0x00007000050ea000) (1024K)]
  0x00007fcf6180a800 JavaThread "Notification Thread"        daemon [_thread_blocked, id=43267, stack(0x00007000050ed000,0x00007000051ed000) (1024K)]
  0x00007fcf51098000 JavaThread "Timer-0"                    daemon [_thread_blocked, id=42755, stack(0x00007000051f0000,0x00007000052f0000) (1024K)]
  0x00007fcf428da400 JavaThread "HttpClient-1-SelectorManager" daemon [_thread_in_native, id=42499, stack(0x00007000053f6000,0x00007000054f6000) (1024K)]
  0x00007fcf61153200 JavaThread "HttpClient-2-SelectorManager" daemon [_thread_in_native, id=36099, stack(0x0000700005e14000,0x0000700005f14000) (1024K)]
=>0x00007fcf44374400 JavaThread "AppKit Thread"              daemon [_thread_in_native, id=259, stack(0x00007ff7ba4b7000,0x00007ff7bacb7000) (8192K)]
  0x00007fcf5136be00 JavaThread "JNA Cleaner"                daemon [_thread_blocked, id=90635, stack(0x000070000642f000,0x000070000652f000) (1024K)]
  0x00007fcf61a65000 JavaThread "Java2D Queue Flusher"       daemon [_thread_blocked, id=91651, stack(0x000070000693e000,0x0000700006a3e000) (1024K)]
  0x00007fcf61a7ca00 JavaThread "Java2D Disposer"            daemon [_thread_blocked, id=123651, stack(0x0000700006a41000,0x0000700006b41000) (1024K)]
  0x00007fcf2143b400 JavaThread "AWT-Shutdown"                      [_thread_blocked, id=47115, stack(0x0000700005f9a000,0x000070000609a000) (1024K)]
  0x00007fcf61106800 JavaThread "AWT-EventQueue-0"                  [_thread_in_native, id=125711, stack(0x0000700006532000,0x0000700006632000) (1024K)]
  0x00007fcf62225400 JavaThread "DestroyJavaVM"                     [_thread_blocked, id=5123, stack(0x0000700003bab000,0x0000700003cab000) (1024K)]
  0x00007fcf5153fe00 JavaThread "Thread-1"                          [_thread_blocked, id=123147, stack(0x0000700006b44000,0x0000700006c44000) (1024K)]
  0x00007fcf431b1000 JavaThread "TimerQueue"                 daemon [_thread_blocked, id=119303, stack(0x0000700006cca000,0x0000700006dca000) (1024K)]
  0x00007fcf61414600 JavaThread "ForkJoinPool.commonPool-worker-9" daemon [_thread_blocked, id=132207, stack(0x00007000052f3000,0x00007000053f3000) (1024K)]
  0x00007fcf51774e00 JavaThread "ForkJoinPool.commonPool-worker-10" daemon [_thread_blocked, id=113731, stack(0x0000700006635000,0x0000700006735000) (1024K)]
  0x00007fcee327ca00 JavaThread "HttpClient-2-Worker-6"      daemon [_thread_blocked, id=97343, stack(0x0000700006e50000,0x0000700006f50000) (1024K)]
  0x00007fcf51424a00 JavaThread "HttpClient-2-Worker-7"      daemon [_thread_blocked, id=97867, stack(0x0000700006f53000,0x0000700007053000) (1024K)]
Total: 29

Other Threads:
  0x00007fcf20f05d30 VMThread "VM Thread"                           [id=17667, stack(0x00007000042c0000,0x00007000043c0000) (1024K)]
  0x00007fcf20f042d0 WatcherThread "VM Periodic Task Thread"        [id=20483, stack(0x00007000041bd000,0x00007000042bd000) (1024K)]
  0x00007fcf41b068d0 WorkerThread "GC Thread#0"                     [id=14083, stack(0x0000700003cae000,0x0000700003dae000) (1024K)]
  0x00007fcf41b1d3c0 WorkerThread "GC Thread#1"                     [id=42243, stack(0x00007000054f9000,0x00007000055f9000) (1024K)]
  0x00007fcf20f18680 WorkerThread "GC Thread#2"                     [id=34563, stack(0x00007000055fc000,0x00007000056fc000) (1024K)]
  0x00007fcf20f18a20 WorkerThread "GC Thread#3"                     [id=41731, stack(0x00007000056ff000,0x00007000057ff000) (1024K)]
  0x00007fcf20f18f90 WorkerThread "GC Thread#4"                     [id=35075, stack(0x0000700005802000,0x0000700005902000) (1024K)]
  0x00007fcf20f19500 WorkerThread "GC Thread#5"                     [id=41219, stack(0x0000700005905000,0x0000700005a05000) (1024K)]
  0x00007fcf5181a6d0 WorkerThread "GC Thread#6"                     [id=40707, stack(0x0000700005a08000,0x0000700005b08000) (1024K)]
  0x00007fcf41b1d760 WorkerThread "GC Thread#7"                     [id=40451, stack(0x0000700005b0b000,0x0000700005c0b000) (1024K)]
  0x00007fcf20f19a70 WorkerThread "GC Thread#8"                     [id=35587, stack(0x0000700005c0e000,0x0000700005d0e000) (1024K)]
  0x00007fcf41a0b9f0 WorkerThread "GC Thread#9"                     [id=35843, stack(0x0000700005d11000,0x0000700005e11000) (1024K)]
  0x00007fcf41804300 ConcurrentGCThread "G1 Main Marker"            [id=12291, stack(0x0000700003db1000,0x0000700003eb1000) (1024K)]
  0x00007fcf41b06e40 WorkerThread "G1 Conc#0"                       [id=13315, stack(0x0000700003eb4000,0x0000700003fb4000) (1024K)]
  0x00007fcf628275f0 WorkerThread "G1 Conc#1"                       [id=125187, stack(0x0000700006738000,0x0000700006838000) (1024K)]
  0x00007fcf62827990 WorkerThread "G1 Conc#2"                       [id=91395, stack(0x000070000683b000,0x000070000693b000) (1024K)]
  0x00007fcf44090800 ConcurrentGCThread "G1 Refine#0"               [id=13827, stack(0x0000700003fb7000,0x00007000040b7000) (1024K)]
  0x00007fcf41804c70 ConcurrentGCThread "G1 Service"                [id=21507, stack(0x00007000040ba000,0x00007000041ba000) (1024K)]
Total: 18

Threads with active compile tasks:
Total: 0

VM state: not at safepoint (normal execution)

VM Mutex/Monitor currently owned by a thread: None

Heap address: 0x0000000600000000, size: 8192 MB, Compressed Oops mode: Zero based, Oop shift amount: 3

CDS archive(s) mapped at: [0x000000012a000000-0x000000012aca9000-0x000000012aca9000), size 13275136, SharedBaseAddress: 0x000000012a000000, ArchiveRelocationMode: 1.
Compressed class space mapped at: 0x000000012b000000-0x000000016b000000, reserved size: 1073741824
Narrow klass base: 0x000000012a000000, Narrow klass shift: 0, Narrow klass range: 0x100000000

GC Precious Log:
 CardTable entry size: 512
 Card Set container configuration: InlinePtr #cards 4 size 8 Array Of Cards #cards 32 size 80 Howl #buckets 8 coarsen threshold 7372 Howl Bitmap #cards 1024 size 144 coarsen threshold 921 Card regions per heap region 1 cards per card region 8192
 CPUs: 12 total, 12 available
 Memory: 32768M
 Large Page Support: Disabled
 NUMA Support: Disabled
 Compressed Oops: Enabled (Zero based)
 Heap Region Size: 4M
 Heap Min Capacity: 8M
 Heap Initial Capacity: 512M
 Heap Max Capacity: 8G
 Pre-touch: Disabled
 Parallel Workers: 10
 Concurrent Workers: 3
 Concurrent Refinement Workers: 10
 Periodic GC: Disabled

Heap:
 garbage-first heap   total 274432K, used 248004K [0x0000000600000000, 0x0000000800000000)
  region size 4096K, 12 young (49152K), 1 survivors (4096K)
 Metaspace       used 45994K, committed 46720K, reserved 1114112K
  class space    used 5076K, committed 5440K, reserved 1048576K

Heap Regions: E=young(eden), S=young(survivor), O=old, HS=humongous(starts), HC=humongous(continues), CS=collection set, F=free, TAMS=top-at-mark-start, PB=parsable bottom
|   0|0x0000000600000000, 0x0000000600400000, 0x0000000600400000|100%| O|  |TAMS 0x0000000600000000| PB 0x0000000600000000| Untracked 
|   1|0x0000000600400000, 0x0000000600800000, 0x0000000600800000|100%| O|  |TAMS 0x0000000600400000| PB 0x0000000600400000| Untracked 
|   2|0x0000000600800000, 0x0000000600c00000, 0x0000000600c00000|100%| O|  |TAMS 0x0000000600800000| PB 0x0000000600800000| Untracked 
|   3|0x0000000600c00000, 0x0000000600fe6ee0, 0x0000000601000000| 97%| O|  |TAMS 0x0000000600c00000| PB 0x0000000600c00000| Untracked 
|   4|0x0000000601000000, 0x0000000601400000, 0x0000000601400000|100%| O|  |TAMS 0x0000000601000000| PB 0x0000000601000000| Untracked 
|   5|0x0000000601400000, 0x0000000601800000, 0x0000000601800000|100%| O|  |TAMS 0x0000000601400000| PB 0x0000000601400000| Untracked 
|   6|0x0000000601800000, 0x0000000601c00000, 0x0000000601c00000|100%| O|  |TAMS 0x0000000601800000| PB 0x0000000601800000| Untracked 
|   7|0x0000000601c00000, 0x0000000602000000, 0x0000000602000000|100%| O|  |TAMS 0x0000000601c00000| PB 0x0000000601c00000| Untracked 
|   8|0x0000000602000000, 0x0000000602400000, 0x0000000602400000|100%| O|  |TAMS 0x0000000602000000| PB 0x0000000602000000| Untracked 
|   9|0x0000000602400000, 0x0000000602800000, 0x0000000602800000|100%| O|  |TAMS 0x0000000602400000| PB 0x0000000602400000| Untracked 
|  10|0x0000000602800000, 0x0000000602c00000, 0x0000000602c00000|100%| O|  |TAMS 0x0000000602800000| PB 0x0000000602800000| Untracked 
|  11|0x0000000602c00000, 0x0000000603000000, 0x0000000603000000|100%| O|  |TAMS 0x0000000602c00000| PB 0x0000000602c00000| Untracked 
|  12|0x0000000603000000, 0x0000000603400000, 0x0000000603400000|100%| O|  |TAMS 0x0000000603000000| PB 0x0000000603000000| Untracked 
|  13|0x0000000603400000, 0x0000000603800000, 0x0000000603800000|100%| O|  |TAMS 0x0000000603400000| PB 0x0000000603400000| Untracked 
|  14|0x0000000603800000, 0x0000000603c00000, 0x0000000603c00000|100%| O|  |TAMS 0x0000000603800000| PB 0x0000000603800000| Untracked 
|  15|0x0000000603c00000, 0x0000000604000000, 0x0000000604000000|100%| O|  |TAMS 0x0000000603c00000| PB 0x0000000603c00000| Untracked 
|  16|0x0000000604000000, 0x0000000604400000, 0x0000000604400000|100%| O|  |TAMS 0x0000000604000000| PB 0x0000000604000000| Untracked 
|  17|0x0000000604400000, 0x0000000604800000, 0x0000000604800000|100%| O|  |TAMS 0x0000000604400000| PB 0x0000000604400000| Untracked 
|  18|0x0000000604800000, 0x0000000604c00000, 0x0000000604c00000|100%| O|  |TAMS 0x0000000604800000| PB 0x0000000604800000| Untracked 
|  19|0x0000000604c00000, 0x0000000605000000, 0x0000000605000000|100%| O|  |TAMS 0x0000000604c00000| PB 0x0000000604c00000| Untracked 
|  20|0x0000000605000000, 0x0000000605400000, 0x0000000605400000|100%| O|  |TAMS 0x0000000605000000| PB 0x0000000605000000| Untracked 
|  21|0x0000000605400000, 0x0000000605800000, 0x0000000605800000|100%| O|  |TAMS 0x0000000605400000| PB 0x0000000605400000| Untracked 
|  22|0x0000000605800000, 0x0000000605c00000, 0x0000000605c00000|100%| O|  |TAMS 0x0000000605800000| PB 0x0000000605800000| Untracked 
|  23|0x0000000605c00000, 0x0000000606000000, 0x0000000606000000|100%| O|  |TAMS 0x0000000605c00000| PB 0x0000000605c00000| Untracked 
|  24|0x0000000606000000, 0x0000000606400000, 0x0000000606400000|100%| O|  |TAMS 0x0000000606000000| PB 0x0000000606000000| Untracked 
|  25|0x0000000606400000, 0x0000000606800000, 0x0000000606800000|100%| O|  |TAMS 0x0000000606400000| PB 0x0000000606400000| Untracked 
|  26|0x0000000606800000, 0x0000000606c00000, 0x0000000606c00000|100%| O|  |TAMS 0x0000000606800000| PB 0x0000000606800000| Untracked 
|  27|0x0000000606c00000, 0x0000000607000000, 0x0000000607000000|100%| O|  |TAMS 0x0000000606c00000| PB 0x0000000606c00000| Untracked 
|  28|0x0000000607000000, 0x0000000607400000, 0x0000000607400000|100%| O|  |TAMS 0x0000000607000000| PB 0x0000000607000000| Untracked 
|  29|0x0000000607400000, 0x0000000607800000, 0x0000000607800000|100%| O|  |TAMS 0x0000000607400000| PB 0x0000000607400000| Untracked 
|  30|0x0000000607800000, 0x0000000607c00000, 0x0000000607c00000|100%| O|  |TAMS 0x0000000607800000| PB 0x0000000607800000| Untracked 
|  31|0x0000000607c00000, 0x0000000608000000, 0x0000000608000000|100%| O|  |TAMS 0x0000000607c00000| PB 0x0000000607c00000| Untracked 
|  32|0x0000000608000000, 0x0000000608400000, 0x0000000608400000|100%| O|  |TAMS 0x0000000608000000| PB 0x0000000608000000| Untracked 
|  33|0x0000000608400000, 0x0000000608800000, 0x0000000608800000|100%| O|  |TAMS 0x0000000608400000| PB 0x0000000608400000| Untracked 
|  34|0x0000000608800000, 0x0000000608c00000, 0x0000000608c00000|100%| O|  |TAMS 0x0000000608800000| PB 0x0000000608800000| Untracked 
|  35|0x0000000608c00000, 0x0000000609000000, 0x0000000609000000|100%| O|  |TAMS 0x0000000608c00000| PB 0x0000000608c00000| Untracked 
|  36|0x0000000609000000, 0x0000000609400000, 0x0000000609400000|100%| O|  |TAMS 0x0000000609000000| PB 0x0000000609000000| Untracked 
|  37|0x0000000609400000, 0x0000000609800000, 0x0000000609800000|100%| O|  |TAMS 0x0000000609400000| PB 0x0000000609400000| Untracked 
|  38|0x0000000609800000, 0x0000000609c00000, 0x0000000609c00000|100%| O|  |TAMS 0x0000000609800000| PB 0x0000000609800000| Untracked 
|  39|0x0000000609c00000, 0x000000060a000000, 0x000000060a000000|100%| O|  |TAMS 0x0000000609c00000| PB 0x0000000609c00000| Untracked 
|  40|0x000000060a000000, 0x000000060a400000, 0x000000060a400000|100%| O|  |TAMS 0x000000060a000000| PB 0x000000060a000000| Untracked 
|  41|0x000000060a400000, 0x000000060a800000, 0x000000060a800000|100%| O|  |TAMS 0x000000060a400000| PB 0x000000060a400000| Untracked 
|  42|0x000000060a800000, 0x000000060ab15b28, 0x000000060ac00000| 77%| O|  |TAMS 0x000000060a800000| PB 0x000000060a800000| Untracked 
|  43|0x000000060ac00000, 0x000000060ac00000, 0x000000060b000000|  0%| F|  |TAMS 0x000000060ac00000| PB 0x000000060ac00000| Untracked 
|  44|0x000000060b000000, 0x000000060b000000, 0x000000060b400000|  0%| F|  |TAMS 0x000000060b000000| PB 0x000000060b000000| Untracked 
|  45|0x000000060b400000, 0x000000060b400000, 0x000000060b800000|  0%| F|  |TAMS 0x000000060b400000| PB 0x000000060b400000| Untracked 
|  46|0x000000060b800000, 0x000000060b800000, 0x000000060bc00000|  0%| F|  |TAMS 0x000000060b800000| PB 0x000000060b800000| Untracked 
|  47|0x000000060bc00000, 0x000000060bc00000, 0x000000060c000000|  0%| F|  |TAMS 0x000000060bc00000| PB 0x000000060bc00000| Untracked 
|  48|0x000000060c000000, 0x000000060c334810, 0x000000060c400000| 80%| S|CS|TAMS 0x000000060c000000| PB 0x000000060c000000| Complete 
|  49|0x000000060c400000, 0x000000060c57a270, 0x000000060c800000| 36%| E|  |TAMS 0x000000060c400000| PB 0x000000060c400000| Complete 
|  50|0x000000060c800000, 0x000000060cc00000, 0x000000060cc00000|100%| E|CS|TAMS 0x000000060c800000| PB 0x000000060c800000| Complete 
|  51|0x000000060cc00000, 0x000000060d000000, 0x000000060d000000|100%| E|CS|TAMS 0x000000060cc00000| PB 0x000000060cc00000| Complete 
|  52|0x000000060d000000, 0x000000060d400000, 0x000000060d400000|100%| E|CS|TAMS 0x000000060d000000| PB 0x000000060d000000| Complete 
|  53|0x000000060d400000, 0x000000060d800000, 0x000000060d800000|100%| E|CS|TAMS 0x000000060d400000| PB 0x000000060d400000| Complete 
|  54|0x000000060d800000, 0x000000060dc00000, 0x000000060dc00000|100%| E|CS|TAMS 0x000000060d800000| PB 0x000000060d800000| Complete 
|  55|0x000000060dc00000, 0x000000060e000000, 0x000000060e000000|100%| E|CS|TAMS 0x000000060dc00000| PB 0x000000060dc00000| Complete 
|  56|0x000000060e000000, 0x000000060e400000, 0x000000060e400000|100%| E|CS|TAMS 0x000000060e000000| PB 0x000000060e000000| Complete 
|  57|0x000000060e400000, 0x000000060e800000, 0x000000060e800000|100%| E|CS|TAMS 0x000000060e400000| PB 0x000000060e400000| Complete 
| 127|0x000000061fc00000, 0x0000000620000000, 0x0000000620000000|100%| E|CS|TAMS 0x000000061fc00000| PB 0x000000061fc00000| Complete 
|2040|0x00000007fe000000, 0x00000007fe400000, 0x00000007fe400000|100%| O|  |TAMS 0x00000007fe000000| PB 0x00000007fe000000| Untracked 
|2041|0x00000007fe400000, 0x00000007fe800000, 0x00000007fe800000|100%| O|  |TAMS 0x00000007fe400000| PB 0x00000007fe400000| Untracked 
|2042|0x00000007fe800000, 0x00000007fec00000, 0x00000007fec00000|100%| O|  |TAMS 0x00000007fe800000| PB 0x00000007fe800000| Untracked 
|2043|0x00000007fec00000, 0x00000007ff000000, 0x00000007ff000000|100%| O|  |TAMS 0x00000007fec00000| PB 0x00000007fec00000| Untracked 
|2044|0x00000007ff000000, 0x00000007ff400000, 0x00000007ff400000|100%| O|  |TAMS 0x00000007ff000000| PB 0x00000007ff000000| Untracked 
|2045|0x00000007ff400000, 0x00000007ff800000, 0x00000007ff800000|100%| O|  |TAMS 0x00000007ff400000| PB 0x00000007ff400000| Untracked 
|2046|0x00000007ff800000, 0x00000007ffc00000, 0x00000007ffc00000|100%| O|  |TAMS 0x00000007ff800000| PB 0x00000007ff800000| Untracked 
|2047|0x00000007ffc00000, 0x0000000800000000, 0x0000000800000000|100%| E|CS|TAMS 0x00000007ffc00000| PB 0x00000007ffc00000| Complete 

Card table byte_map: [0x000000011eeee000,0x000000011feee000] _byte_map_base: 0x000000011beee000

Marking Bits: (CMBitMap*) 0x00007fcf42008610
 Bits: [0x000000011feee000, 0x0000000127eee000)

Polling page: 0x00000001052a9000

Metaspace:

Usage:
  Non-class:     39.96 MB used.
      Class:      4.96 MB used.
       Both:     44.92 MB used.

Virtual space:
  Non-class space:       64.00 MB reserved,      40.31 MB ( 63%) committed,  1 nodes.
      Class space:        1.00 GB reserved,       5.31 MB ( <1%) committed,  1 nodes.
             Both:        1.06 GB reserved,      45.62 MB (  4%) committed. 

Chunk freelists:
   Non-Class:  6.82 MB
       Class:  10.54 MB
        Both:  17.36 MB

MaxMetaspaceSize: unlimited
CompressedClassSpaceSize: 1.00 GB
Initial GC threshold: 21.00 MB
Current GC threshold: 75.31 MB
CDS: on
 - commit_granule_bytes: 65536.
 - commit_granule_words: 8192.
 - virtual_space_node_default_size: 8388608.
 - enlarge_chunks_in_place: 1.
 - use_allocation_guard: 0.


Internal statistics:

num_allocs_failed_limit: 9.
num_arena_births: 952.
num_arena_deaths: 14.
num_vsnodes_births: 2.
num_vsnodes_deaths: 0.
num_space_committed: 730.
num_space_uncommitted: 0.
num_chunks_returned_to_freelist: 28.
num_chunks_taken_from_freelist: 1888.
num_chunk_merges: 0.
num_chunk_splits: 1152.
num_chunks_enlarged: 703.
num_inconsistent_stats: 0.

CodeHeap 'non-profiled nmethods': size=120028Kb used=10581Kb max_used=14663Kb free=109446Kb
 bounds [0x00000001179b7000, 0x0000000118817000, 0x000000011eeee000]
CodeHeap 'profiled nmethods': size=120028Kb used=13094Kb max_used=22442Kb free=106933Kb
 bounds [0x000000010feee000, 0x00000001114de000, 0x0000000117425000]
CodeHeap 'non-nmethods': size=5704Kb used=1940Kb max_used=2092Kb free=3764Kb
 bounds [0x0000000117425000, 0x0000000117695000, 0x00000001179b7000]
 total_blobs=8606 nmethods=7695 adapters=814
 compilation: enabled
              stopped_count=0, restarted_count=0
 full_count=0

Compilation events (20 events):
Event: 8825.577 Thread 0x00007fcf21014a00 11216       1       java.net.InetAddress::holder (5 bytes)
Event: 8825.577 Thread 0x00007fcf21014a00 nmethod 11216 0x0000000118025c10 code [0x0000000118025da0, 0x0000000118025e68]
Event: 8825.577 Thread 0x00007fcf21014200 11217       4       jdk.internal.net.http.hpack.QuickHuffman::codeValueOf (10 bytes)
Event: 8825.578 Thread 0x00007fcf21014a00 11218       3       java.util.concurrent.CompletableFuture::postComplete (94 bytes)
Event: 8825.578 Thread 0x00007fcf21014200 nmethod 11217 0x000000011855b290 code [0x000000011855b400, 0x000000011855b4a8]
Event: 8825.578 Thread 0x00007fcf21014200 11221       4       java.util.concurrent.atomic.AtomicInteger::compareAndSet (13 bytes)
Event: 8825.578 Thread 0x00007fcf21014200 nmethod 11221 0x000000011855ae10 code [0x000000011855af80, 0x000000011855b018]
Event: 8825.579 Thread 0x00007fcf21014a00 nmethod 11218 0x0000000110bab390 code [0x0000000110bab780, 0x0000000110bad3f8]
Event: 8825.579 Thread 0x00007fcf21014a00 11219       3       sun.nio.ch.IOUtil::acquireScope (36 bytes)
Event: 8825.579 Thread 0x00007fcf21014a00 nmethod 11219 0x00000001100cb110 code [0x00000001100cb360, 0x00000001100cbd00]
Event: 8825.579 Thread 0x00007fcf21014a00 11220       3       sun.nio.ch.IOUtil::bufferAddress (10 bytes)
Event: 8825.579 Thread 0x00007fcf21014a00 nmethod 11220 0x00000001108f3b90 code [0x00000001108f3d20, 0x00000001108f3e80]
Event: 8825.586 Thread 0x00007fcf21014a00 11222       3       javax.swing.JTree$AccessibleJTree::getAccessibleRole (4 bytes)
Event: 8825.586 Thread 0x00007fcf21014a00 nmethod 11222 0x0000000110310010 code [0x00000001103101a0, 0x00000001103102b0]
Event: 8825.589 Thread 0x00007fcf21014200 11223       4       javax.swing.JLabel$AccessibleJLabel::getAccessibleNameImpl (45 bytes)
Event: 8825.591 Thread 0x00007fcf21014200 nmethod 11223 0x00000001179c1690 code [0x00000001179c1840, 0x00000001179c1cc0]
Event: 8825.591 Thread 0x00007fcf21014200 11224       4       javax.swing.JLabel$AccessibleJLabel::getAccessibleName (9 bytes)
Event: 8825.593 Thread 0x00007fcf21014200 nmethod 11224 0x0000000117eb7810 code [0x0000000117eb79c0, 0x0000000117eb7e98]
Event: 8825.596 Thread 0x00007fcf21014a00 11225       3       javax.swing.JTree$AccessibleJTree$AccessibleJTreeNode::<init> (101 bytes)
Event: 8825.597 Thread 0x00007fcf21014a00 nmethod 11225 0x0000000110387590 code [0x00000001103877c0, 0x0000000110388258]

GC Heap History (20 events):
Event: 7779.611 GC heap before
{Heap before GC invocations=54 (full 0):
 garbage-first heap   total 274432K, used 224725K [0x0000000600000000, 0x0000000800000000)
  region size 4096K, 14 young (57344K), 2 survivors (8192K)
 Metaspace       used 45825K, committed 46528K, reserved 1114112K
  class space    used 5068K, committed 5376K, reserved 1048576K
}
Event: 7779.617 GC heap after
{Heap after GC invocations=55 (full 0):
 garbage-first heap   total 274432K, used 186694K [0x0000000600000000, 0x0000000800000000)
  region size 4096K, 2 young (8192K), 2 survivors (8192K)
 Metaspace       used 45825K, committed 46528K, reserved 1114112K
  class space    used 5068K, committed 5376K, reserved 1048576K
}
Event: 8015.798 GC heap before
{Heap before GC invocations=55 (full 0):
 garbage-first heap   total 274432K, used 227654K [0x0000000600000000, 0x0000000800000000)
  region size 4096K, 12 young (49152K), 2 survivors (8192K)
 Metaspace       used 45825K, committed 46528K, reserved 1114112K
  class space    used 5068K, committed 5376K, reserved 1048576K
}
Event: 8015.803 GC heap after
{Heap after GC invocations=56 (full 0):
 garbage-first heap   total 274432K, used 194444K [0x0000000600000000, 0x0000000800000000)
  region size 4096K, 2 young (8192K), 2 survivors (8192K)
 Metaspace       used 45825K, committed 46528K, reserved 1114112K
  class space    used 5068K, committed 5376K, reserved 1048576K
}
Event: 8227.973 GC heap before
{Heap before GC invocations=56 (full 0):
 garbage-first heap   total 274432K, used 231308K [0x0000000600000000, 0x0000000800000000)
  region size 4096K, 11 young (45056K), 2 survivors (8192K)
 Metaspace       used 45825K, committed 46528K, reserved 1114112K
  class space    used 5068K, committed 5376K, reserved 1048576K
}
Event: 8227.979 GC heap after
{Heap after GC invocations=57 (full 0):
 garbage-first heap   total 274432K, used 200327K [0x0000000600000000, 0x0000000800000000)
  region size 4096K, 2 young (8192K), 2 survivors (8192K)
 Metaspace       used 45825K, committed 46528K, reserved 1114112K
  class space    used 5068K, committed 5376K, reserved 1048576K
}
Event: 8434.395 GC heap before
{Heap before GC invocations=57 (full 0):
 garbage-first heap   total 274432K, used 237191K [0x0000000600000000, 0x0000000800000000)
  region size 4096K, 11 young (45056K), 2 survivors (8192K)
 Metaspace       used 45831K, committed 46528K, reserved 1114112K
  class space    used 5068K, committed 5376K, reserved 1048576K
}
Event: 8434.402 GC heap after
{Heap after GC invocations=58 (full 0):
 garbage-first heap   total 274432K, used 205568K [0x0000000600000000, 0x0000000800000000)
  region size 4096K, 2 young (8192K), 2 survivors (8192K)
 Metaspace       used 45831K, committed 46528K, reserved 1114112K
  class space    used 5068K, committed 5376K, reserved 1048576K
}
Event: 8637.775 GC heap before
{Heap before GC invocations=58 (full 0):
 garbage-first heap   total 274432K, used 238336K [0x0000000600000000, 0x0000000800000000)
  region size 4096K, 10 young (40960K), 2 survivors (8192K)
 Metaspace       used 45831K, committed 46528K, reserved 1114112K
  class space    used 5068K, committed 5376K, reserved 1048576K
}
Event: 8637.794 GC heap after
{Heap after GC invocations=59 (full 0):
 garbage-first heap   total 274432K, used 209793K [0x0000000600000000, 0x0000000800000000)
  region size 4096K, 2 young (8192K), 2 survivors (8192K)
 Metaspace       used 45831K, committed 46528K, reserved 1114112K
  class space    used 5068K, committed 5376K, reserved 1048576K
}
Event: 8782.190 GC heap before
{Heap before GC invocations=59 (full 0):
 garbage-first heap   total 274432K, used 238465K [0x0000000600000000, 0x0000000800000000)
  region size 4096K, 9 young (36864K), 2 survivors (8192K)
 Metaspace       used 45866K, committed 46528K, reserved 1114112K
  class space    used 5068K, committed 5376K, reserved 1048576K
}
Event: 8782.194 GC heap after
{Heap after GC invocations=60 (full 0):
 garbage-first heap   total 274432K, used 211468K [0x0000000600000000, 0x0000000800000000)
  region size 4096K, 2 young (8192K), 2 survivors (8192K)
 Metaspace       used 45866K, committed 46528K, reserved 1114112K
  class space    used 5068K, committed 5376K, reserved 1048576K
}
Event: 8825.295 GC heap before
{Heap before GC invocations=60 (full 0):
 garbage-first heap   total 274432K, used 236044K [0x0000000600000000, 0x0000000800000000)
  region size 4096K, 9 young (36864K), 2 survivors (8192K)
 Metaspace       used 45950K, committed 46592K, reserved 1114112K
  class space    used 5073K, committed 5376K, reserved 1048576K
}
Event: 8825.297 GC heap after
{Heap after GC invocations=61 (full 0):
 garbage-first heap   total 274432K, used 208677K [0x0000000600000000, 0x0000000800000000)
  region size 4096K, 2 young (8192K), 2 survivors (8192K)
 Metaspace       used 45950K, committed 46592K, reserved 1114112K
  class space    used 5073K, committed 5376K, reserved 1048576K
}
Event: 8825.369 GC heap before
{Heap before GC invocations=61 (full 0):
 garbage-first heap   total 274432K, used 241445K [0x0000000600000000, 0x0000000800000000)
  region size 4096K, 10 young (40960K), 2 survivors (8192K)
 Metaspace       used 45968K, committed 46656K, reserved 1114112K
  class space    used 5075K, committed 5440K, reserved 1048576K
}
Event: 8825.370 GC heap after
{Heap after GC invocations=62 (full 0):
 garbage-first heap   total 274432K, used 204913K [0x0000000600000000, 0x0000000800000000)
  region size 4096K, 1 young (4096K), 1 survivors (4096K)
 Metaspace       used 45968K, committed 46656K, reserved 1114112K
  class space    used 5075K, committed 5440K, reserved 1048576K
}
Event: 8825.446 GC heap before
{Heap before GC invocations=62 (full 0):
 garbage-first heap   total 274432K, used 241777K [0x0000000600000000, 0x0000000800000000)
  region size 4096K, 10 young (40960K), 1 survivors (4096K)
 Metaspace       used 45971K, committed 46656K, reserved 1114112K
  class space    used 5075K, committed 5440K, reserved 1048576K
}
Event: 8825.446 GC heap after
{Heap after GC invocations=63 (full 0):
 garbage-first heap   total 274432K, used 205518K [0x0000000600000000, 0x0000000800000000)
  region size 4096K, 1 young (4096K), 1 survivors (4096K)
 Metaspace       used 45971K, committed 46656K, reserved 1114112K
  class space    used 5075K, committed 5440K, reserved 1048576K
}
Event: 8825.523 GC heap before
{Heap before GC invocations=63 (full 0):
 garbage-first heap   total 274432K, used 246478K [0x0000000600000000, 0x0000000800000000)
  region size 4096K, 11 young (45056K), 1 survivors (4096K)
 Metaspace       used 45980K, committed 46720K, reserved 1114112K
  class space    used 5075K, committed 5440K, reserved 1048576K
}
Event: 8825.524 GC heap after
{Heap after GC invocations=64 (full 0):
 garbage-first heap   total 274432K, used 207044K [0x0000000600000000, 0x0000000800000000)
  region size 4096K, 1 young (4096K), 1 survivors (4096K)
 Metaspace       used 45980K, committed 46720K, reserved 1114112K
  class space    used 5075K, committed 5440K, reserved 1048576K
}

Dll operation events (16 events):
Event: 0.041 Loaded shared library /Users/gregory/Library/Java/JavaVirtualMachines/corretto-21.0.4/Contents/Home/lib/libjava.dylib
Event: 0.043 Loaded shared library /Users/gregory/Library/Java/JavaVirtualMachines/corretto-21.0.4/Contents/Home/lib/libzip.dylib
Event: 0.966 Loaded shared library /Users/gregory/Library/Java/JavaVirtualMachines/corretto-21.0.4/Contents/Home/lib/libinstrument.dylib
Event: 1.076 Loaded shared library /Users/gregory/Library/Java/JavaVirtualMachines/corretto-21.0.4/Contents/Home/lib/libnio.dylib
Event: 1.098 Loaded shared library /Users/gregory/Library/Java/JavaVirtualMachines/corretto-21.0.4/Contents/Home/lib/libzip.dylib
Event: 1.157 Loaded shared library /Users/gregory/Library/Java/JavaVirtualMachines/corretto-21.0.4/Contents/Home/lib/libjimage.dylib
Event: 1.203 Loaded shared library /Users/gregory/Library/Java/JavaVirtualMachines/corretto-21.0.4/Contents/Home/lib/libprefs.dylib
Event: 1.243 Loaded shared library /Users/gregory/Library/Java/JavaVirtualMachines/corretto-21.0.4/Contents/Home/lib/libverify.dylib
Event: 1.619 Loaded shared library /Users/gregory/Library/Java/JavaVirtualMachines/corretto-21.0.4/Contents/Home/lib/libnet.dylib
Event: 2.753 Loaded shared library /Users/gregory/Library/Java/JavaVirtualMachines/corretto-21.0.4/Contents/Home/lib/libawt.dylib
Event: 2.756 Loaded shared library /Users/gregory/Library/Java/JavaVirtualMachines/corretto-21.0.4/Contents/Home/lib/libawt_lwawt.dylib
Event: 2.809 Loaded shared library /Users/gregory/Library/Java/JavaVirtualMachines/corretto-21.0.4/Contents/Home/lib/libfontmanager.dylib
Event: 3.673 Loaded shared library /Users/gregory/Library/Caches/JNA/temp/jna1808625320167286505.tmp
Event: 4.097 Loaded shared library /Users/gregory/Library/Java/JavaVirtualMachines/corretto-21.0.4/Contents/Home/lib/libosxui.dylib
Event: 5.750 Loaded shared library /private/var/folders/b7/xf84s60j05z0cd3l7fzd82bw0000gn/T/libflatlaf-macos-x86_64-1986290274410.dylib
Event: 19.794 Loaded shared library /Users/gregory/Library/Java/JavaVirtualMachines/corretto-21.0.4/Contents/Home/lib/libextnet.dylib

Deoptimization events (20 events):
Event: 8825.287 Thread 0x00007fcf61106800 Uncommon trap: trap_request=0xffffff45 fr.pc=0x00000001186f3124 relative=0x00000000000027c4
Event: 8825.287 Thread 0x00007fcf61106800 Uncommon trap: reason=unstable_if action=reinterpret pc=0x00000001186f3124 method=javax.swing.JTree.fireTreeExpanded(Ljavax/swing/tree/TreePath;)V @ 68 c2
Event: 8825.287 Thread 0x00007fcf61106800 DEOPT PACKING pc=0x00000001186f3124 sp=0x0000700006630e60
Event: 8825.287 Thread 0x00007fcf61106800 DEOPT UNPACKING pc=0x0000000117478f99 sp=0x0000700006630e68 mode 2
Event: 8825.365 Thread 0x00007fcf61106800 Uncommon trap: trap_request=0xffffff45 fr.pc=0x00000001184aa2a0 relative=0x0000000000000ea0
Event: 8825.365 Thread 0x00007fcf61106800 Uncommon trap: reason=unstable_if action=reinterpret pc=0x00000001184aa2a0 method=javax.swing.JLabel.setText(Ljava/lang/String;)V @ 6 c2
Event: 8825.365 Thread 0x00007fcf61106800 DEOPT PACKING pc=0x00000001184aa2a0 sp=0x000070000662f540
Event: 8825.365 Thread 0x00007fcf61106800 DEOPT UNPACKING pc=0x0000000117478f99 sp=0x000070000662f498 mode 2
Event: 8825.365 Thread 0x00007fcf61106800 Uncommon trap: trap_request=0xffffff45 fr.pc=0x000000011850e7f4 relative=0x00000000000033d4
Event: 8825.365 Thread 0x00007fcf61106800 Uncommon trap: reason=unstable_if action=reinterpret pc=0x000000011850e7f4 method=javax.swing.JLabel.setText(Ljava/lang/String;)V @ 6 c2
Event: 8825.365 Thread 0x00007fcf61106800 DEOPT PACKING pc=0x000000011850e7f4 sp=0x000070000662f5f0
Event: 8825.365 Thread 0x00007fcf61106800 DEOPT UNPACKING pc=0x0000000117478f99 sp=0x000070000662f5b0 mode 2
Event: 8825.365 Thread 0x00007fcf61106800 Uncommon trap: trap_request=0xffffff45 fr.pc=0x0000000118471264 relative=0x0000000000000424
Event: 8825.365 Thread 0x00007fcf61106800 Uncommon trap: reason=unstable_if action=reinterpret pc=0x0000000118471264 method=javax.swing.JLabel.setText(Ljava/lang/String;)V @ 6 c2
Event: 8825.365 Thread 0x00007fcf61106800 DEOPT PACKING pc=0x0000000118471264 sp=0x000070000662f510
Event: 8825.365 Thread 0x00007fcf61106800 DEOPT UNPACKING pc=0x0000000117478f99 sp=0x000070000662f4e0 mode 2
Event: 8825.377 Thread 0x00007fcf61106800 Uncommon trap: trap_request=0xffffff45 fr.pc=0x00000001185023f0 relative=0x0000000000008070
Event: 8825.377 Thread 0x00007fcf61106800 Uncommon trap: reason=unstable_if action=reinterpret pc=0x00000001185023f0 method=javax.swing.JLabel.setText(Ljava/lang/String;)V @ 6 c2
Event: 8825.377 Thread 0x00007fcf61106800 DEOPT PACKING pc=0x00000001185023f0 sp=0x0000700006630850
Event: 8825.377 Thread 0x00007fcf61106800 DEOPT UNPACKING pc=0x0000000117478f99 sp=0x0000700006630688 mode 2

Classes loaded (20 events):
Event: 4175.235 Loading class javax/swing/JTree$AccessibleJTree
Event: 4175.235 Loading class javax/swing/JTree$AccessibleJTree done
Event: 4713.787 Loading class javax/swing/RepaintManager$DisplayChangedRunnable
Event: 4713.787 Loading class javax/swing/RepaintManager$DisplayChangedRunnable done
Event: 4713.787 Loading class sun/lwawt/LWWindowPeer$1
Event: 4713.787 Loading class sun/lwawt/LWWindowPeer$1 done
Event: 4733.891 Loading class sun/awt/ExtendedKeyCodes
Event: 4733.892 Loading class sun/awt/ExtendedKeyCodes done
Event: 8803.510 Loading class com/gl/langchain4j/easyworkflow/gui/ChatHistoryStorage$ChatHistoryItem
Event: 8803.510 Loading class com/gl/langchain4j/easyworkflow/gui/ChatHistoryStorage$ChatHistoryItem done
Event: 8825.287 Loading class javax/swing/JTree$AccessibleJTree$AccessibleJTreeNode
Event: 8825.288 Loading class javax/swing/JTree$AccessibleJTree$AccessibleJTreeNode done
Event: 8825.289 Loading class javax/swing/JTree$AccessibleJTree$AccessibleJTreeNode$AccessibleJTreeNodeAccessor
Event: 8825.289 Loading class sun/swing/SwingAccessor$AccessibleComponentAccessor
Event: 8825.289 Loading class sun/swing/SwingAccessor$AccessibleComponentAccessor done
Event: 8825.289 Loading class javax/swing/JTree$AccessibleJTree$AccessibleJTreeNode$AccessibleJTreeNodeAccessor done
Event: 8825.290 Loading class sun/lwawt/macosx/CAccessibility$35
Event: 8825.290 Loading class sun/lwawt/macosx/CAccessibility$35 done
Event: 8825.363 Loading class javax/swing/JLabel$AccessibleJLabel
Event: 8825.364 Loading class javax/swing/JLabel$AccessibleJLabel done

Classes unloaded (7 events):
Event: 15.529 Thread 0x00007fcf20f05d30 Unloading class 0x000000012b200c00 'java/lang/invoke/LambdaForm$MH+0x000000012b200c00'
Event: 15.529 Thread 0x00007fcf20f05d30 Unloading class 0x000000012b200400 'java/lang/invoke/LambdaForm$DMH+0x000000012b200400'
Event: 15.529 Thread 0x00007fcf20f05d30 Unloading class 0x000000012b1dfc00 'java/lang/invoke/LambdaForm$DMH+0x000000012b1dfc00'
Event: 15.529 Thread 0x00007fcf20f05d30 Unloading class 0x000000012b1df000 'java/lang/invoke/LambdaForm$DMH+0x000000012b1df000'
Event: 4098.886 Thread 0x00007fcf20f05d30 Unloading class 0x000000012b399000 'com/fasterxml/jackson/databind/jdk14/JDK14Util$RecordAccessor$$InjectedInvoker+0x000000012b399000'
Event: 4098.886 Thread 0x00007fcf20f05d30 Unloading class 0x000000012b398400 'java/lang/invoke/LambdaForm$MH+0x000000012b398400'
Event: 4098.886 Thread 0x00007fcf20f05d30 Unloading class 0x000000012b395c00 'java/lang/invoke/LambdaForm$MH+0x000000012b395c00'

Classes redefined (1 events):
Event: 1.011 Thread 0x00007fcf20f05d30 redefined class name=java.lang.Throwable, count=1

Internal exceptions (20 events):
Event: 43.324 Thread 0x00007fcf61106800 Implicit null exception at 0x0000000117dbfde0 to 0x0000000117dc0648
Event: 44.207 Thread 0x00007fcf61106800 Implicit null exception at 0x0000000117c8fb00 to 0x0000000117c92c44
Event: 44.207 Thread 0x00007fcf61106800 Implicit null exception at 0x0000000117c81d6b to 0x0000000117c85528
Event: 213.217 Thread 0x00007fcf61106800 Exception <a 'java/lang/NoSuchMethodError'{0x0000000609316898}: 'java.lang.Object java.lang.invoke.DirectMethodHandle$Holder.invokeVirtual(java.lang.Object, java.lang.Object, java.lang.Object, java.lang.Object, int, int, int)'> (0x0000000609316898) 
thrown [src/hotspot/share/interpreter/linkResolver.cpp, line 773]
Event: 221.305 Thread 0x00007fcf61106800 Implicit null exception at 0x00000001181b7b68 to 0x00000001181b80c0
Event: 221.315 Thread 0x00007fcf61106800 Implicit null exception at 0x00000001180c97d7 to 0x00000001180cad90
Event: 221.315 Thread 0x00007fcf61106800 Implicit null exception at 0x000000011801eb6b to 0x000000011801efec
Event: 543.603 Thread 0x00007fcf61106800 Implicit null exception at 0x000000011847b2ea to 0x000000011847b4b4
Event: 1431.684 Thread 0x00007fcf61106800 Implicit null exception at 0x00000001185ad4f4 to 0x00000001185ad69c
Event: 1431.684 Thread 0x00007fcf61106800 Implicit null exception at 0x00000001185d4274 to 0x00000001185d441c
Event: 1432.864 Thread 0x00007fcf61106800 Implicit null exception at 0x00000001185ae280 to 0x00000001185af3d0
Event: 3964.937 Thread 0x00007fcf61106800 Implicit null exception at 0x00000001184abb6c to 0x00000001184abe30
Event: 3967.122 Thread 0x00007fcf61106800 Implicit null exception at 0x00000001186685af to 0x0000000118669700
Event: 3967.122 Thread 0x00007fcf61106800 Implicit null exception at 0x00000001183e9550 to 0x00000001183e95bf
Event: 3970.221 Thread 0x00007fcf61106800 Implicit null exception at 0x000000011865f88c to 0x000000011866097c
Event: 3970.349 Thread 0x00007fcf61106800 Implicit null exception at 0x00000001187702c0 to 0x000000011877032c
Event: 3994.951 Thread 0x00007fcf61106800 Implicit null exception at 0x00000001185e0f20 to 0x00000001185e17ec
Event: 4134.358 Thread 0x00007fcf61106800 Implicit null exception at 0x000000011875ee46 to 0x000000011875f35c
Event: 4713.788 Thread 0x00007fcf44374400 Implicit null exception at 0x0000000117bc7166 to 0x0000000117bc9bb0
Event: 4714.035 Thread 0x00007fcf61106800 Implicit null exception at 0x00000001187825c0 to 0x000000011878e3bc

ZGC Phase Switch (0 events):
No events

VM Operations (20 events):
Event: 8783.195 Executing VM operation: Cleanup
Event: 8783.195 Executing VM operation: Cleanup done
Event: 8784.196 Executing VM operation: Cleanup
Event: 8784.196 Executing VM operation: Cleanup done
Event: 8788.204 Executing VM operation: Cleanup
Event: 8788.204 Executing VM operation: Cleanup done
Event: 8789.204 Executing VM operation: Cleanup
Event: 8789.204 Executing VM operation: Cleanup done
Event: 8804.240 Executing VM operation: Cleanup
Event: 8804.240 Executing VM operation: Cleanup done
Event: 8823.290 Executing VM operation: Cleanup
Event: 8823.291 Executing VM operation: Cleanup done
Event: 8825.295 Executing VM operation: G1CollectForAllocation (G1 Evacuation Pause)
Event: 8825.297 Executing VM operation: G1CollectForAllocation (G1 Evacuation Pause) done
Event: 8825.369 Executing VM operation: G1CollectForAllocation (G1 Evacuation Pause)
Event: 8825.370 Executing VM operation: G1CollectForAllocation (G1 Evacuation Pause) done
Event: 8825.446 Executing VM operation: G1CollectForAllocation (G1 Evacuation Pause)
Event: 8825.447 Executing VM operation: G1CollectForAllocation (G1 Evacuation Pause) done
Event: 8825.523 Executing VM operation: G1CollectForAllocation (G1 Evacuation Pause)
Event: 8825.524 Executing VM operation: G1CollectForAllocation (G1 Evacuation Pause) done

Memory protections (20 events):
Event: 2699.435 Protecting memory [0x00007000052f3000,0x00007000052f7000] with protection modes 0
Event: 2704.466 Protecting memory [0x00007000052f3000,0x00007000052f7000] with protection modes 3
Event: 4133.545 Protecting memory [0x000070000632c000,0x0000700006330000] with protection modes 0
Event: 4133.575 Protecting memory [0x0000700006dcd000,0x0000700006dd1000] with protection modes 0
Event: 4133.594 Protecting memory [0x0000700006ed0000,0x0000700006ed4000] with protection modes 0
Event: 4133.595 Protecting memory [0x0000700006fd3000,0x0000700006fd7000] with protection modes 0
Event: 4159.219 Protecting memory [0x0000700006635000,0x0000700006639000] with protection modes 0
Event: 4160.724 Protecting memory [0x0000700006635000,0x0000700006639000] with protection modes 3
Event: 4193.599 Protecting memory [0x0000700006fd3000,0x0000700006fd7000] with protection modes 3
Event: 4196.725 Protecting memory [0x000070000632c000,0x0000700006330000] with protection modes 3
Event: 4226.725 Protecting memory [0x0000700006ed0000,0x0000700006ed4000] with protection modes 3
Event: 4256.730 Protecting memory [0x0000700006dcd000,0x0000700006dd1000] with protection modes 3
Event: 8782.205 Protecting memory [0x00007000052f3000,0x00007000052f7000] with protection modes 0
Event: 8782.369 Protecting memory [0x00007000052f3000,0x00007000052f7000] with protection modes 3
Event: 8787.767 Protecting memory [0x00007000052f3000,0x00007000052f7000] with protection modes 0
Event: 8792.772 Protecting memory [0x00007000052f3000,0x00007000052f7000] with protection modes 3
Event: 8825.264 Protecting memory [0x00007000052f3000,0x00007000052f7000] with protection modes 0
Event: 8825.468 Protecting memory [0x0000700006635000,0x0000700006639000] with protection modes 0
Event: 8825.499 Protecting memory [0x0000700006e50000,0x0000700006e54000] with protection modes 0
Event: 8825.500 Protecting memory [0x0000700006f53000,0x0000700006f57000] with protection modes 0

Nmethod flushes (20 events):
Event: 4134.302 Thread 0x00007fcf20f05d30 flushing  nmethod 0x0000000110fa9b10
Event: 4134.302 Thread 0x00007fcf20f05d30 flushing  nmethod 0x0000000110fac110
Event: 4134.302 Thread 0x00007fcf20f05d30 flushing  nmethod 0x0000000111047e90
Event: 4134.302 Thread 0x00007fcf20f05d30 flushing  nmethod 0x0000000111048410
Event: 4134.302 Thread 0x00007fcf20f05d30 flushing  nmethod 0x0000000111049190
Event: 4134.302 Thread 0x00007fcf20f05d30 flushing  nmethod 0x000000011104b210
Event: 4134.302 Thread 0x00007fcf20f05d30 flushing  nmethod 0x000000011104bb10
Event: 4134.302 Thread 0x00007fcf20f05d30 flushing  nmethod 0x000000011104dc90
Event: 4134.302 Thread 0x00007fcf20f05d30 flushing  nmethod 0x000000011104fb10
Event: 4134.302 Thread 0x00007fcf20f05d30 flushing  nmethod 0x00000001110ece90
Event: 4134.302 Thread 0x00007fcf20f05d30 flushing  nmethod 0x00000001110eed10
Event: 4134.302 Thread 0x00007fcf20f05d30 flushing  nmethod 0x00000001110ef390
Event: 4134.302 Thread 0x00007fcf20f05d30 flushing  nmethod 0x000000011116c390
Event: 4134.302 Thread 0x00007fcf20f05d30 flushing  nmethod 0x00000001111bf010
Event: 4134.302 Thread 0x00007fcf20f05d30 flushing  nmethod 0x00000001111cae10
Event: 4134.302 Thread 0x00007fcf20f05d30 flushing  nmethod 0x000000011129be90
Event: 4134.302 Thread 0x00007fcf20f05d30 flushing  nmethod 0x000000011139f690
Event: 4134.302 Thread 0x00007fcf20f05d30 flushing  nmethod 0x0000000111445690
Event: 4134.302 Thread 0x00007fcf20f05d30 flushing  nmethod 0x0000000111447790
Event: 4134.302 Thread 0x00007fcf20f05d30 flushing  nmethod 0x000000011144ad90

Events (20 events):
Event: 2699.435 Thread 0x00007fcf21014200 Thread added: 0x00007fcee451d800
Event: 2704.466 Thread 0x00007fcee451d800 Thread exited: 0x00007fcee451d800
Event: 4133.545 Thread 0x00007fcf61106800 Thread added: 0x00007fcf213ba400
Event: 4133.575 Thread 0x00007fcf213ba400 Thread added: 0x00007fcf517a9000
Event: 4133.594 Thread 0x00007fcf61153200 Thread added: 0x00007fcee5ab2600
Event: 4133.595 Thread 0x00007fcf61153200 Thread added: 0x00007fcee6bb6c00
Event: 4159.219 Thread 0x00007fcf21014a00 Thread added: 0x00007fcee29a2c00
Event: 4160.725 Thread 0x00007fcee29a2c00 Thread exited: 0x00007fcee29a2c00
Event: 4193.599 Thread 0x00007fcee6bb6c00 Thread exited: 0x00007fcee6bb6c00
Event: 4196.725 Thread 0x00007fcf213ba400 Thread exited: 0x00007fcf213ba400
Event: 4226.725 Thread 0x00007fcee5ab2600 Thread exited: 0x00007fcee5ab2600
Event: 4256.730 Thread 0x00007fcf517a9000 Thread exited: 0x00007fcf517a9000
Event: 8782.205 Thread 0x00007fcf21014a00 Thread added: 0x00007fcee6041800
Event: 8782.369 Thread 0x00007fcee6041800 Thread exited: 0x00007fcee6041800
Event: 8787.767 Thread 0x00007fcf61106800 Thread added: 0x00007fcf4473e400
Event: 8792.773 Thread 0x00007fcf4473e400 Thread exited: 0x00007fcf4473e400
Event: 8825.264 Thread 0x00007fcf61106800 Thread added: 0x00007fcf61414600
Event: 8825.468 Thread 0x00007fcf61414600 Thread added: 0x00007fcf51774e00
Event: 8825.499 Thread 0x00007fcf61153200 Thread added: 0x00007fcee327ca00
Event: 8825.500 Thread 0x00007fcf61153200 Thread added: 0x00007fcf51424a00


Dynamic libraries:
0x0000000105272000 	/Users/gregory/Library/Java/JavaVirtualMachines/corretto-21.0.4/Contents/Home/lib/libjli.dylib
0x00007ff81f7e3000 	/usr/lib/libz.1.dylib
0x00007ff81f8ce000 	/usr/lib/libSystem.B.dylib
0x00007ff81f8c8000 	/usr/lib/system/libcache.dylib
0x00007ff81f881000 	/usr/lib/system/libcommonCrypto.dylib
0x00007ff81f8ab000 	/usr/lib/system/libcompiler_rt.dylib
0x00007ff81f89f000 	/usr/lib/system/libcopyfile.dylib
0x00007ff8110ec000 	/usr/lib/system/libcorecrypto.dylib
0x00007ff8111ea000 	/usr/lib/system/libdispatch.dylib
0x00007ff81139d000 	/usr/lib/system/libdyld.dylib
0x00007ff81f8be000 	/usr/lib/system/libkeymgr.dylib
0x00007ff81f866000 	/usr/lib/system/libmacho.dylib
0x00007ff81eb96000 	/usr/lib/system/libquarantine.dylib
0x00007ff81f8bb000 	/usr/lib/system/libremovefile.dylib
0x00007ff816fcb000 	/usr/lib/system/libsystem_asl.dylib
0x00007ff811086000 	/usr/lib/system/libsystem_blocks.dylib
0x00007ff811235000 	/usr/lib/system/libsystem_c.dylib
0x00007ff81f8b3000 	/usr/lib/system/libsystem_collections.dylib
0x00007ff81da60000 	/usr/lib/system/libsystem_configuration.dylib
0x00007ff81c7b6000 	/usr/lib/system/libsystem_containermanager.dylib
0x00007ff81f42c000 	/usr/lib/system/libsystem_coreservices.dylib
0x00007ff8149fc000 	/usr/lib/system/libsystem_darwin.dylib
0x00007ffd2074b000 	/usr/lib/system/libsystem_darwindirectory.dylib
0x00007ff81f8bf000 	/usr/lib/system/libsystem_dnssd.dylib
0x00007ffd20750000 	/usr/lib/system/libsystem_eligibility.dylib
0x00007ff811232000 	/usr/lib/system/libsystem_featureflags.dylib
0x00007ff8113d6000 	/usr/lib/system/libsystem_info.dylib
0x00007ff81f7f7000 	/usr/lib/system/libsystem_m.dylib
0x00007ff81119f000 	/usr/lib/system/libsystem_malloc.dylib
0x00007ff816f3b000 	/usr/lib/system/libsystem_networkextension.dylib
0x00007ff814e38000 	/usr/lib/system/libsystem_notify.dylib
0x00007ff81da64000 	/usr/lib/system/libsystem_sandbox.dylib
0x00007ffd20758000 	/usr/lib/system/libsystem_sanitizers.dylib
0x00007ff81f8b8000 	/usr/lib/system/libsystem_secinit.dylib
0x00007ff811354000 	/usr/lib/system/libsystem_kernel.dylib
0x00007ff8113cc000 	/usr/lib/system/libsystem_platform.dylib
0x00007ff811391000 	/usr/lib/system/libsystem_pthread.dylib
0x00007ff818d7b000 	/usr/lib/system/libsystem_symptoms.dylib
0x00007ff8110d1000 	/usr/lib/system/libsystem_trace.dylib
0x00007ff81f88e000 	/usr/lib/system/libunwind.dylib
0x00007ff81108a000 	/usr/lib/system/libxpc.dylib
0x00007ff810fa5000 	/usr/lib/libobjc.A.dylib
0x00007ff811404000 	/System/Library/Frameworks/CoreFoundation.framework/Versions/A/CoreFoundation
0x00007ff8232ac000 	/usr/lib/swift/libswiftCore.dylib
0x00007ff81133d000 	/usr/lib/libc++abi.dylib
0x00007ffd1f1a5000 	/usr/lib/libRosetta.dylib
0x00007ff8112be000 	/usr/lib/libc++.1.dylib
0x00007ff812566000 	/System/Library/Frameworks/Foundation.framework/Versions/C/Foundation
0x00007ff82c0e4000 	/usr/lib/swift/libswiftObjectiveC.dylib
0x00007ff814cf0000 	/System/Library/PrivateFrameworks/CoreServicesInternal.framework/Versions/A/CoreServicesInternal
0x00007ff81f897000 	/usr/lib/liboah.dylib
0x00007ff81f8d0000 	/usr/lib/libfakelink.dylib
0x00007ff814753000 	/usr/lib/libicucore.A.dylib
0x00007ff81f8d3000 	/System/Library/PrivateFrameworks/SoftLinking.framework/Versions/A/SoftLinking
0x00007ff827798000 	/System/Library/Frameworks/CoreServices.framework/Versions/A/CoreServices
0x00007ff814370000 	/System/Library/Frameworks/Security.framework/Versions/A/Security
0x00007ff814d72000 	/System/Library/Frameworks/IOKit.framework/Versions/A/IOKit
0x00007ff82b6df000 	/System/Library/PrivateFrameworks/DiskImages.framework/Versions/A/DiskImages
0x00007ff916d94000 	/System/Library/Frameworks/NetFS.framework/Versions/A/NetFS
0x00007ff816b94000 	/System/Library/Frameworks/CFNetwork.framework/Versions/A/CFNetwork
0x00007ff81ad45000 	/System/Library/Frameworks/CoreServices.framework/Versions/A/Frameworks/FSEvents.framework/Versions/A/FSEvents
0x00007ff814a07000 	/System/Library/Frameworks/CoreServices.framework/Versions/A/Frameworks/CarbonCore.framework/Versions/A/CarbonCore
0x00007ff819f33000 	/System/Library/Frameworks/CoreServices.framework/Versions/A/Frameworks/Metadata.framework/Versions/A/Metadata
0x00007ff81f433000 	/System/Library/Frameworks/CoreServices.framework/Versions/A/Frameworks/OSServices.framework/Versions/A/OSServices
0x00007ff81f9fd000 	/System/Library/Frameworks/CoreServices.framework/Versions/A/Frameworks/SearchKit.framework/Versions/A/SearchKit
0x00007ff818cfb000 	/System/Library/Frameworks/CoreServices.framework/Versions/A/Frameworks/AE.framework/Versions/A/AE
0x00007ff8118b9000 	/System/Library/Frameworks/CoreServices.framework/Versions/A/Frameworks/LaunchServices.framework/Versions/A/LaunchServices
0x00007ff821010000 	/System/Library/Frameworks/CoreServices.framework/Versions/A/Frameworks/DictionaryServices.framework/Versions/A/DictionaryServices
0x00007ff81ad53000 	/System/Library/Frameworks/CoreServices.framework/Versions/A/Frameworks/SharedFileList.framework/Versions/A/SharedFileList
0x00007ff8121f2000 	/System/Library/Frameworks/SystemConfiguration.framework/Versions/A/SystemConfiguration
0x00007ff81fa7f000 	/usr/lib/libapple_nghttp2.dylib
0x00007ff81facc000 	/usr/lib/libcompression.dylib
0x00007ff818957000 	/usr/lib/libsqlite3.dylib
0x00007ff819ea6000 	/System/Library/PrivateFrameworks/CoreAnalytics.framework/Versions/A/CoreAnalytics
0x00007ff8174d1000 	/System/Library/Frameworks/CoreGraphics.framework/Versions/A/CoreGraphics
0x00007ff823ec3000 	/System/Library/Frameworks/GSS.framework/Versions/A/GSS
0x00007ff8224b3000 	/System/Library/PrivateFrameworks/InternationalSupport.framework/Versions/A/InternationalSupport
0x00007ff818c96000 	/System/Library/PrivateFrameworks/RunningBoardServices.framework/Versions/A/RunningBoardServices
0x00007ff816f55000 	/usr/lib/libenergytrace.dylib
0x00007ff818d83000 	/System/Library/Frameworks/Network.framework/Versions/A/Network
0x00007ff819ed4000 	/usr/lib/libDiagnosticMessagesClient.dylib
0x00007ff81ebbb000 	/usr/lib/libbsm.0.dylib
0x00007ff81f86a000 	/usr/lib/system/libkxld.dylib
0x00007ffb239be000 	/System/Library/PrivateFrameworks/AppleKeyStore.framework/Versions/A/AppleKeyStore
0x00007ffd1f072000 	/usr/lib/libCoreEntitlements.dylib
0x00007ffc1e91d000 	/System/Library/PrivateFrameworks/MessageSecurity.framework/Versions/A/MessageSecurity
0x00007ff81893d000 	/System/Library/PrivateFrameworks/ProtocolBuffer.framework/Versions/A/ProtocolBuffer
0x00007ff816f56000 	/usr/lib/libMobileGestalt.dylib
0x00007ff81f412000 	/System/Library/PrivateFrameworks/AppleFSCompression.framework/Versions/A/AppleFSCompression
0x00007ff81eba3000 	/usr/lib/libcoretls.dylib
0x00007ff82107e000 	/usr/lib/libcoretls_cfhelpers.dylib
0x00007ff81fac6000 	/usr/lib/libpam.2.dylib
0x00007ff8210f8000 	/usr/lib/libxar.1.dylib
0x00007ff81ad7e000 	/System/Library/PrivateFrameworks/CoreAutoLayout.framework/Versions/A/CoreAutoLayout
0x00007ff819fbb000 	/System/Library/Frameworks/DiskArbitration.framework/Versions/A/DiskArbitration
0x00007ff81f922000 	/usr/lib/libarchive.2.dylib
0x00007ff81adc8000 	/usr/lib/libxml2.2.dylib
0x00007ff81da71000 	/usr/lib/liblangid.dylib
0x00007ff825607000 	/System/Library/Frameworks/Combine.framework/Versions/A/Combine
0x00007ffb27765000 	/System/Library/PrivateFrameworks/CollectionsInternal.framework/Versions/A/CollectionsInternal
0x00007ffc26daa000 	/System/Library/PrivateFrameworks/ReflectionInternal.framework/Versions/A/ReflectionInternal
0x00007ffc27959000 	/System/Library/PrivateFrameworks/RuntimeInternal.framework/Versions/A/RuntimeInternal
0x00007ff919ceb000 	/usr/lib/swift/libswiftCoreFoundation.dylib
0x00007ff91725d000 	/usr/lib/swift/libswiftDarwin.dylib
0x00007ff829572000 	/usr/lib/swift/libswiftDispatch.dylib
0x00007ff919d39000 	/usr/lib/swift/libswiftIOKit.dylib
0x00007ffd203ac000 	/usr/lib/swift/libswiftSystem.dylib
0x00007ff919cfb000 	/usr/lib/swift/libswiftXPC.dylib
0x00007ffd20418000 	/usr/lib/swift/libswift_Builtin_float.dylib
0x00007ffd2041b000 	/usr/lib/swift/libswift_Concurrency.dylib
0x00007ffd20564000 	/usr/lib/swift/libswift_StringProcessing.dylib
0x00007ffd205e9000 	/usr/lib/swift/libswift_errno.dylib
0x00007ffd205eb000 	/usr/lib/swift/libswift_math.dylib
0x00007ffd205ee000 	/usr/lib/swift/libswift_signal.dylib
0x00007ffd205ef000 	/usr/lib/swift/libswift_stdio.dylib
0x00007ffd205f0000 	/usr/lib/swift/libswift_time.dylib
0x00007ff82c0e8000 	/usr/lib/swift/libswiftos.dylib
0x00007ffd205f1000 	/usr/lib/swift/libswiftsys_time.dylib
0x00007ffd205f2000 	/usr/lib/swift/libswiftunistd.dylib
0x00007ff81da6c000 	/System/Library/PrivateFrameworks/AppleSystemInfo.framework/Versions/A/AppleSystemInfo
0x00007ff919bdd000 	/System/Library/PrivateFrameworks/LoggingSupport.framework/Versions/A/LoggingSupport
0x00007ff8286fa000 	/System/Library/PrivateFrameworks/PowerLog.framework/Versions/A/PowerLog
0x00007ffb1e397000 	/System/Library/Frameworks/SwiftData.framework/Versions/A/SwiftData
0x00007ff8165d1000 	/System/Library/Frameworks/UniformTypeIdentifiers.framework/Versions/A/UniformTypeIdentifiers
0x00007ff81af3d000 	/System/Library/PrivateFrameworks/UserManagement.framework/Versions/A/UserManagement
0x00007ff816ab9000 	/usr/lib/libboringssl.dylib
0x00007ff818d6b000 	/usr/lib/libdns_services.dylib
0x00007ff918de2000 	/usr/lib/libquic.dylib
0x00007ff823234000 	/usr/lib/libusrtcp.dylib
0x00007ffa1df52000 	/System/Library/PrivateFrameworks/InternalSwiftProtobuf.framework/Versions/A/InternalSwiftProtobuf
0x00007ffd202f0000 	/usr/lib/swift/libswiftDistributed.dylib
0x00007ffd20319000 	/usr/lib/swift/libswiftObservation.dylib
0x00007ffd203a2000 	/usr/lib/swift/libswiftSynchronization.dylib
0x00007ff816b93000 	/usr/lib/libnetwork.dylib
0x00007ff92acc7000 	/System/Library/PrivateFrameworks/OSAnalytics.framework/Versions/A/OSAnalytics
0x00007ff81fa5d000 	/System/Library/PrivateFrameworks/AppleSauce.framework/Versions/A/AppleSauce
0x00007ff829d05000 	/System/Library/PrivateFrameworks/CoreSymbolication.framework/Versions/A/CoreSymbolication
0x00007ffa198d7000 	/System/Library/PrivateFrameworks/Symbolication.framework/Versions/A/Symbolication
0x00007ff829ce5000 	/System/Library/PrivateFrameworks/DebugSymbols.framework/Versions/A/DebugSymbols
0x00007ffd1ef31000 	/usr/lib/libAppleArchive.dylib
0x00007ff81f41d000 	/usr/lib/libbz2.1.0.dylib
0x00007ff82105e000 	/usr/lib/liblzma.5.dylib
0x00007ff81e8a7000 	/System/Library/PrivateFrameworks/IOMobileFramebuffer.framework/Versions/A/IOMobileFramebuffer
0x00007ff81c7e5000 	/System/Library/Frameworks/IOSurface.framework/Versions/A/IOSurface
0x00007ff919c6b000 	/System/Library/PrivateFrameworks/MallocStackLogging.framework/Versions/A/MallocStackLogging
0x00007ff82134e000 	/System/Library/PrivateFrameworks/CrashReporterSupport.framework/Versions/A/CrashReporterSupport
0x00007ff811fa6000 	/System/Library/PrivateFrameworks/Lexicon.framework/Versions/A/Lexicon
0x00007ffc17759000 	/System/Library/PrivateFrameworks/IO80211.framework/Versions/A/IO80211
0x00007ff8297e8000 	/System/Library/PrivateFrameworks/FrontBoardServices.framework/Versions/A/FrontBoardServices
0x00007ff81ead5000 	/System/Library/Frameworks/SecurityFoundation.framework/Versions/A/SecurityFoundation
0x00007ff81ec26000 	/usr/lib/libgermantok.dylib
0x00007ff81db81000 	/System/Library/PrivateFrameworks/LinguisticData.framework/Versions/A/LinguisticData
0x00007ff818bb3000 	/System/Library/PrivateFrameworks/BaseBoard.framework/Versions/A/BaseBoard
0x00007ff8298b6000 	/System/Library/PrivateFrameworks/BoardServices.framework/Versions/A/BoardServices
0x00007ff81eac8000 	/System/Library/PrivateFrameworks/AssertionServices.framework/Versions/A/AssertionServices
0x00007ff82b517000 	/System/Library/PrivateFrameworks/BackBoardServices.framework/Versions/A/BackBoardServices
0x00007ff81d1f9000 	/System/Library/Frameworks/ImageIO.framework/Versions/A/ImageIO
0x00007ff817003000 	/System/Library/PrivateFrameworks/SkyLight.framework/Versions/A/SkyLight
0x00007ff81cc01000 	/System/Library/PrivateFrameworks/FontServices.framework/libFontParser.dylib
0x00007ff827a44000 	/System/Library/Frameworks/Accelerate.framework/Versions/A/Accelerate
0x00007ff816fe3000 	/System/Library/PrivateFrameworks/TCC.framework/Versions/A/TCC
0x00007ff82ef15000 	/System/Library/PrivateFrameworks/IOSurfaceAccelerator.framework/Versions/A/IOSurfaceAccelerator
0x00007ff821c2d000 	/System/Library/PrivateFrameworks/WatchdogClient.framework/Versions/A/WatchdogClient
0x00007ff81350a000 	/System/Library/Frameworks/CoreDisplay.framework/Versions/A/CoreDisplay
0x00007ff81caad000 	/System/Library/Frameworks/CoreMedia.framework/Versions/A/CoreMedia
0x00007ff81c7fd000 	/System/Library/PrivateFrameworks/IOAccelerator.framework/Versions/A/IOAccelerator
0x00007ff81c806000 	/System/Library/Frameworks/Metal.framework/Versions/A/Metal
0x00007ff81aeab000 	/System/Library/Frameworks/CoreVideo.framework/Versions/A/CoreVideo
0x00007ff81fac4000 	/System/Library/Frameworks/MetalPerformanceShaders.framework/Versions/A/MetalPerformanceShaders
0x00007ff821c2f000 	/System/Library/PrivateFrameworks/MultitouchSupport.framework/Versions/A/MultitouchSupport
0x00007ff81a68c000 	/System/Library/Frameworks/QuartzCore.framework/Versions/A/QuartzCore
0x00007ffc261ec000 	/System/Library/PrivateFrameworks/ProDisplayLibrary.framework/Versions/A/ProDisplayLibrary
0x00007ff821c73000 	/System/Library/Frameworks/VideoToolbox.framework/Versions/A/VideoToolbox
0x00007ff926bde000 	/usr/lib/swift/libswiftMetal.dylib
0x00007ffa15d8a000 	/usr/lib/swift/libswiftOSLog.dylib
0x00007ff92bfa9000 	/usr/lib/swift/libswiftQuartzCore.dylib
0x00007ffa1084f000 	/usr/lib/swift/libswiftUniformTypeIdentifiers.dylib
0x00007ff91d757000 	/usr/lib/swift/libswiftsimd.dylib
0x00007ff81eaad000 	/System/Library/PrivateFrameworks/MobileKeyBag.framework/Versions/A/MobileKeyBag
0x00007ff81da6b000 	/System/Library/PrivateFrameworks/AggregateDictionary.framework/Versions/A/AggregateDictionary
0x00007ff821080000 	/System/Library/PrivateFrameworks/APFS.framework/Versions/A/APFS
0x00007ff821106000 	/usr/lib/libutil.dylib
0x00007ffd1002d000 	/System/Library/PrivateFrameworks/SwiftASN1Internal.framework/Versions/A/SwiftASN1Internal
0x00007ff819fc3000 	/System/Library/Frameworks/Accelerate.framework/Versions/A/Frameworks/vImage.framework/Versions/A/vImage
0x00007ff82776f000 	/System/Library/Frameworks/Accelerate.framework/Versions/A/Frameworks/vecLib.framework/Versions/A/vecLib
0x00007ff82113b000 	/System/Library/Frameworks/Accelerate.framework/Versions/A/Frameworks/vecLib.framework/Versions/A/libvMisc.dylib
0x00007ff811d40000 	/System/Library/Frameworks/Accelerate.framework/Versions/A/Frameworks/vecLib.framework/Versions/A/libBLAS.dylib
0x00007ff82bc09000 	/System/Library/Frameworks/ApplicationServices.framework/Versions/A/ApplicationServices
0x00007ff817dc4000 	/System/Library/Frameworks/ColorSync.framework/Versions/A/ColorSync
0x00007ff8139f7000 	/System/Library/Frameworks/CoreText.framework/Versions/A/CoreText
0x00007ff823aa6000 	/System/Library/Frameworks/ApplicationServices.framework/Versions/A/Frameworks/ATS.framework/Versions/A/ATS
0x00007ff817f79000 	/System/Library/Frameworks/ApplicationServices.framework/Versions/A/Frameworks/HIServices.framework/Versions/A/HIServices
0x00007ff822382000 	/System/Library/Frameworks/ApplicationServices.framework/Versions/A/Frameworks/PrintCore.framework/Versions/A/PrintCore
0x00007ff823e8d000 	/System/Library/Frameworks/ApplicationServices.framework/Versions/A/Frameworks/QD.framework/Versions/A/QD
0x00007ff823e85000 	/System/Library/Frameworks/ApplicationServices.framework/Versions/A/Frameworks/ColorSyncLegacy.framework/Versions/A/ColorSyncLegacy
0x00007ff823a7c000 	/System/Library/Frameworks/ApplicationServices.framework/Versions/A/Frameworks/SpeechSynthesis.framework/Versions/A/SpeechSynthesis
0x00007ff81e875000 	/System/Library/PrivateFrameworks/CoreEmoji.framework/Versions/A/CoreEmoji
0x00007ffb2d68a000 	/System/Library/PrivateFrameworks/FontServices.framework/Versions/A/FontServices
0x00007ff821791000 	/System/Library/PrivateFrameworks/OTSVG.framework/Versions/A/OTSVG
0x00007ff81aa3a000 	/System/Library/Frameworks/ApplicationServices.framework/Versions/A/Frameworks/ATS.framework/Versions/A/Resources/libFontRegistry.dylib
0x00007ffd1f6ec000 	/usr/lib/libhvf.dylib
0x00007ffc227cb000 	/System/Library/PrivateFrameworks/ParsingInternal.framework/Versions/A/ParsingInternal
0x00007ffd20335000 	/usr/lib/swift/libswiftRegexBuilder.dylib
0x00007ffd204b6000 	/usr/lib/swift/libswift_RegexParser.dylib
0x00007ff821af3000 	/System/Library/PrivateFrameworks/AppleJPEG.framework/Versions/A/AppleJPEG
0x00007ff8215b1000 	/usr/lib/libexpat.1.dylib
0x00007ff822249000 	/System/Library/Frameworks/ImageIO.framework/Versions/A/Resources/libPng.dylib
0x00007ff822277000 	/System/Library/Frameworks/ImageIO.framework/Versions/A/Resources/libTIFF.dylib
0x00007ff82236d000 	/System/Library/Frameworks/ImageIO.framework/Versions/A/Resources/libGIF.dylib
0x00007ff821b40000 	/System/Library/Frameworks/ImageIO.framework/Versions/A/Resources/libJP2.dylib
0x00007ff8212af000 	/usr/lib/libate.dylib
0x00007ff82230c000 	/System/Library/Frameworks/ImageIO.framework/Versions/A/Resources/libJPEG.dylib
0x00007ff822303000 	/System/Library/Frameworks/ImageIO.framework/Versions/A/Resources/libRadiance.dylib
0x00007ffc1392d000 	/System/Library/PrivateFrameworks/GPUCompiler.framework/Versions/32023/Libraries/libllvm-flatbuffers.dylib
0x00007ffb2d755000 	/System/Library/PrivateFrameworks/FramePacing.framework/Versions/A/FramePacing
0x00007ffb15617000 	/System/Library/Frameworks/OpenGL.framework/Versions/A/Libraries/libCoreFSCache.dylib
0x00007ffb2e36d000 	/System/Library/PrivateFrameworks/GPUCompiler.framework/Versions/32023/Libraries/libGPUCompilerUtils.dylib
0x00007ffb2d68b000 	/System/Library/PrivateFrameworks/FontServices.framework/libXTFontStaticRegistryData.dylib
0x00007ff81d58d000 	/System/Library/Frameworks/CoreImage.framework/Versions/A/CoreImage
0x00007ffc254c7000 	/System/Library/PrivateFrameworks/PhotosensitivityProcessing.framework/Versions/A/PhotosensitivityProcessing
0x00007ffb15623000 	/System/Library/Frameworks/OpenGL.framework/Versions/A/OpenGL
0x00007ffb16be7000 	/System/Library/Frameworks/OpenCL.framework/Versions/A/OpenCL
0x00007ff821782000 	/System/Library/PrivateFrameworks/GraphVisualizer.framework/Versions/A/GraphVisualizer
0x00007ffb15675000 	/System/Library/Frameworks/OpenGL.framework/Versions/A/Libraries/libGLU.dylib
0x00007ffb15636000 	/System/Library/Frameworks/OpenGL.framework/Versions/A/Libraries/libGFXShared.dylib
0x00007ffb15832000 	/System/Library/Frameworks/OpenGL.framework/Versions/A/Libraries/libGL.dylib
0x00007ffb1563f000 	/System/Library/Frameworks/OpenGL.framework/Versions/A/Libraries/libGLImage.dylib
0x00007ffb15633000 	/System/Library/Frameworks/OpenGL.framework/Versions/A/Libraries/libCVMSPluginSupport.dylib
0x00007ffb1561e000 	/System/Library/Frameworks/OpenGL.framework/Versions/A/Libraries/libCoreVMClient.dylib
0x00007ff81d9a5000 	/System/Library/Frameworks/MetalPerformanceShaders.framework/Versions/A/Frameworks/MPSCore.framework/Versions/A/MPSCore
0x00007ff81f36d000 	/System/Library/Frameworks/MetalPerformanceShaders.framework/Versions/A/Frameworks/MPSImage.framework/Versions/A/MPSImage
0x00007ff81ec3f000 	/System/Library/Frameworks/MetalPerformanceShaders.framework/Versions/A/Frameworks/MPSNeuralNetwork.framework/Versions/A/MPSNeuralNetwork
0x00007ff81f19f000 	/System/Library/Frameworks/MetalPerformanceShaders.framework/Versions/A/Frameworks/MPSMatrix.framework/Versions/A/MPSMatrix
0x00007ff81ef55000 	/System/Library/Frameworks/MetalPerformanceShaders.framework/Versions/A/Frameworks/MPSRayIntersector.framework/Versions/A/MPSRayIntersector
0x00007ff81f1de000 	/System/Library/Frameworks/MetalPerformanceShaders.framework/Versions/A/Frameworks/MPSNDArray.framework/Versions/A/MPSNDArray
0x00007ffb1b6a3000 	/System/Library/Frameworks/MetalPerformanceShaders.framework/Versions/A/Frameworks/MPSFunctions.framework/Versions/A/MPSFunctions
0x00007ffb1b685000 	/System/Library/Frameworks/MetalPerformanceShaders.framework/Versions/A/Frameworks/MPSBenchmarkLoop.framework/Versions/A/MPSBenchmarkLoop
0x00007ff811bb1000 	/System/Library/PrivateFrameworks/MetalTools.framework/Versions/A/MetalTools
0x00007ff91eca6000 	/System/Library/PrivateFrameworks/IOAccelMemoryInfo.framework/Versions/A/IOAccelMemoryInfo
0x00007ff92c3af000 	/System/Library/PrivateFrameworks/kperf.framework/Versions/A/kperf
0x00007ff919ccd000 	/System/Library/PrivateFrameworks/GPURawCounter.framework/Versions/A/GPURawCounter
0x00007ff82233e000 	/System/Library/Frameworks/ApplicationServices.framework/Versions/A/Frameworks/ATSUI.framework/Versions/A/ATSUI
0x00007ff823e17000 	/usr/lib/libcups.2.dylib
0x00007ff823eb4000 	/System/Library/Frameworks/Kerberos.framework/Versions/A/Kerberos
0x00007ff823b1f000 	/usr/lib/libresolv.9.dylib
0x00007ff81f90a000 	/usr/lib/libiconv.2.dylib
0x00007ff8217e9000 	/System/Library/PrivateFrameworks/Heimdal.framework/Versions/A/Heimdal
0x00007ff82c03c000 	/System/Library/Frameworks/Kerberos.framework/Versions/A/Libraries/libHeimdalProxy.dylib
0x00007ff8215cd000 	/usr/lib/libheimdal-asn1.dylib
0x00007ff81ad1d000 	/System/Library/Frameworks/OpenDirectory.framework/Versions/A/OpenDirectory
0x00007ff823f0c000 	/System/Library/PrivateFrameworks/CommonAuth.framework/Versions/A/CommonAuth
0x00007ff81ad29000 	/System/Library/Frameworks/OpenDirectory.framework/Versions/A/Frameworks/CFOpenDirectory.framework/Versions/A/CFOpenDirectory
0x00007ff81f865000 	/usr/lib/libcharset.1.dylib
0x00007ffb186cf000 	/System/Library/Frameworks/AVFAudio.framework/Versions/A/AVFAudio
0x00007ff913735000 	/System/Library/PrivateFrameworks/AXCoreUtilities.framework/Versions/A/AXCoreUtilities
0x00007ff82386c000 	/System/Library/Frameworks/AudioToolbox.framework/Versions/A/AudioToolbox
0x00007ff813c31000 	/System/Library/Frameworks/CoreAudio.framework/Versions/A/CoreAudio
0x00007ffc1aa29000 	/System/Library/PrivateFrameworks/IsolatedCoreAudioClient.framework/Versions/A/IsolatedCoreAudioClient
0x00007ff823a64000 	/usr/lib/libAudioStatistics.dylib
0x00007ff81ca89000 	/System/Library/PrivateFrameworks/caulk.framework/Versions/A/caulk
0x00007ff813635000 	/System/Library/PrivateFrameworks/AudioToolboxCore.framework/Versions/A/AudioToolboxCore
0x00007ff82e4d5000 	/System/Library/Frameworks/CoreMIDI.framework/Versions/A/CoreMIDI
0x00007ff823a0a000 	/System/Library/PrivateFrameworks/AudioSession.framework/Versions/A/AudioSession
0x00007ff82538b000 	/System/Library/Frameworks/IOBluetooth.framework/Versions/A/IOBluetooth
0x00007ff8216b9000 	/System/Library/PrivateFrameworks/MediaExperience.framework/Versions/A/MediaExperience
0x00007ffd12a7c000 	/System/Library/PrivateFrameworks/Tightbeam.framework/Versions/A/Tightbeam
0x00007ffb28126000 	/System/Library/PrivateFrameworks/CoreAudioOrchestration.framework/Versions/A/CoreAudioOrchestration
0x00007ffa10e94000 	/System/Library/PrivateFrameworks/AFKUser.framework/Versions/A/AFKUser
0x00007ffa24d36000 	/System/Library/PrivateFrameworks/FeatureFlags.framework/Versions/A/FeatureFlags
0x00007ff919cd1000 	/usr/lib/swift/libswiftCoreAudio.dylib
0x00007ff8217d7000 	/System/Library/PrivateFrameworks/AppServerSupport.framework/Versions/A/AppServerSupport
0x00007ff823e97000 	/System/Library/PrivateFrameworks/perfdata.framework/Versions/A/perfdata
0x00007ff918ece000 	/System/Library/PrivateFrameworks/SystemPolicy.framework/Versions/A/SystemPolicy
0x00007ff823d36000 	/usr/lib/libSMC.dylib
0x00007ff822214000 	/usr/lib/libAudioToolboxUtility.dylib
0x00007ff823ea5000 	/usr/lib/libperfcheck.dylib
0x00007ffb245dd000 	/System/Library/PrivateFrameworks/AudioAnalytics.framework/Versions/A/AudioAnalytics
0x00007ffa1dd27000 	/System/Library/Frameworks/OSLog.framework/Versions/A/OSLog
0x00007ff919c9b000 	/usr/lib/libmis.dylib
0x00007ff82382b000 	/System/Library/PrivateFrameworks/AudioSession.framework/libSessionUtility.dylib
0x00007ff822373000 	/System/Library/PrivateFrameworks/CMCaptureCore.framework/Versions/A/CMCaptureCore
0x00007ff8217e2000 	/usr/lib/libspindump.dylib
0x00007ffb19bf3000 	/System/Library/Frameworks/ExtensionFoundation.framework/Versions/A/ExtensionFoundation
0x00007ff829e17000 	/System/Library/PrivateFrameworks/CoreTime.framework/Versions/A/CoreTime
0x00007ff8214a1000 	/System/Library/PrivateFrameworks/PlugInKit.framework/Versions/A/PlugInKit
0x00007ff8285ff000 	/System/Library/Frameworks/CoreBluetooth.framework/Versions/A/CoreBluetooth
0x00007ff82c03d000 	/System/Library/Frameworks/AudioUnit.framework/Versions/A/AudioUnit
0x00007ff81e933000 	/System/Library/PrivateFrameworks/CoreUtils.framework/Versions/A/CoreUtils
0x00007ffb2b2c2000 	/System/Library/PrivateFrameworks/CoreUtilsExtras.framework/Versions/A/CoreUtilsExtras
0x00007ff827a91000 	/System/Library/Frameworks/MediaAccessibility.framework/Versions/A/MediaAccessibility
0x00007ff922090000 	/System/Library/PrivateFrameworks/AttributeGraph.framework/Versions/A/AttributeGraph
0x00007ffd1eeb1000 	/usr/lib/libAXSafeCategoryBundle.dylib
0x00007ff9137da000 	/usr/lib/libAccessibility.dylib
0x00007ff81e6a9000 	/System/Library/Frameworks/Accelerate.framework/Versions/A/Frameworks/vecLib.framework/Versions/A/libvDSP.dylib
0x00007ff81fbb2000 	/System/Library/Frameworks/Accelerate.framework/Versions/A/Frameworks/vecLib.framework/Versions/A/libLAPACK.dylib
0x00007ff81ec29000 	/System/Library/Frameworks/Accelerate.framework/Versions/A/Frameworks/vecLib.framework/Versions/A/libLinearAlgebra.dylib
0x00007ff81fa9a000 	/System/Library/Frameworks/Accelerate.framework/Versions/A/Frameworks/vecLib.framework/Versions/A/libSparseBLAS.dylib
0x00007ff81fbac000 	/System/Library/Frameworks/Accelerate.framework/Versions/A/Frameworks/vecLib.framework/Versions/A/libQuadrature.dylib
0x00007ff81db87000 	/System/Library/Frameworks/Accelerate.framework/Versions/A/Frameworks/vecLib.framework/Versions/A/libBNNS.dylib
0x00007ff8120ab000 	/System/Library/Frameworks/Accelerate.framework/Versions/A/Frameworks/vecLib.framework/Versions/A/libSparse.dylib
0x00007ffc1be00000 	/System/Library/PrivateFrameworks/MIL.framework/Versions/A/MIL
0x00007ff8222fc000 	/System/Library/PrivateFrameworks/GPUWrangler.framework/Versions/A/GPUWrangler
0x00007ff8222e0000 	/System/Library/PrivateFrameworks/IOPresentment.framework/Versions/A/IOPresentment
0x00007ff822306000 	/System/Library/PrivateFrameworks/DSExternalDisplay.framework/Versions/A/DSExternalDisplay
0x00007ffa1e11d000 	/System/Library/PrivateFrameworks/HIDDisplay.framework/Versions/A/HIDDisplay
0x00007ff912a48000 	/System/Library/PrivateFrameworks/HID.framework/Versions/A/HID
0x00007ffd160c4000 	/System/Library/PrivateFrameworks/VideoToolboxParavirtualizationSupport.framework/Versions/A/VideoToolboxParavirtualizationSupport
0x00007ff821563000 	/System/Library/PrivateFrameworks/AppleVA.framework/Versions/A/AppleVA
0x00007ff829963000 	/System/Library/PrivateFrameworks/GraphicsServices.framework/Versions/A/GraphicsServices
0x00007ff81842c000 	/System/Library/Frameworks/CoreData.framework/Versions/A/CoreData
0x00007ff824082000 	/System/Library/PrivateFrameworks/CorePhoneNumbers.framework/Versions/A/CorePhoneNumbers
0x00007ff8287dc000 	/System/Library/PrivateFrameworks/MediaKit.framework/Versions/A/MediaKit
0x00007ff828736000 	/System/Library/Frameworks/DiscRecording.framework/Versions/A/DiscRecording
0x00007ffb1962a000 	/System/Library/Frameworks/CoreTransferable.framework/Versions/A/CoreTransferable
0x00007ff823e7a000 	/System/Library/PrivateFrameworks/NetAuth.framework/Versions/A/NetAuth
0x00007ff821622000 	/System/Library/PrivateFrameworks/IconServices.framework/Versions/A/IconServices
0x00007ff81aeff000 	/System/Library/PrivateFrameworks/login.framework/Versions/A/Frameworks/loginsupport.framework/Versions/A/loginsupport
0x00007ff919d38000 	/usr/lib/swift/libswiftCoreImage.dylib
0x00007ff8215d6000 	/System/Library/PrivateFrameworks/IconFoundation.framework/Versions/A/IconFoundation
0x00007ff81aa87000 	/System/Library/PrivateFrameworks/CoreUI.framework/Versions/A/CoreUI
0x00007ff8223f5000 	/System/Library/PrivateFrameworks/TextureIO.framework/Versions/A/TextureIO
0x00007ff81d1c1000 	/System/Library/PrivateFrameworks/CoreSVG.framework/Versions/A/CoreSVG
0x00007ffa1085e000 	/usr/lib/swift/libswiftAccelerate.dylib
0x00007ff821345000 	/usr/lib/libIOReport.dylib
0x00007ffb2420d000 	/System/Library/PrivateFrameworks/AppleMobileFileIntegrity.framework/Versions/A/AppleMobileFileIntegrity
0x00007ffd1f200000 	/usr/lib/libTLE.dylib
0x00007ffa2d6be000 	/System/Library/PrivateFrameworks/ConfigProfileHelper.framework/Versions/A/ConfigProfileHelper
0x00007ff81ebcb000 	/usr/lib/libmecab.dylib
0x00007ff812278000 	/usr/lib/libCRFSuite.dylib
0x00007ff81da73000 	/System/Library/PrivateFrameworks/CoreNLP.framework/Versions/A/CoreNLP
0x00007ff81fa55000 	/usr/lib/libThaiTokenizer.dylib
0x00007ff8227bb000 	/System/Library/PrivateFrameworks/DataDetectorsCore.framework/Versions/A/DataDetectorsCore
0x00007ff91d804000 	/System/Library/PrivateFrameworks/TextInput.framework/Versions/A/TextInput
0x00007ff8163f5000 	/System/Library/PrivateFrameworks/UIFoundation.framework/Versions/A/UIFoundation
0x00007ff81eb99000 	/usr/lib/libCheckFix.dylib
0x00007ff819ed6000 	/System/Library/PrivateFrameworks/MetadataUtilities.framework/Versions/A/MetadataUtilities
0x00007ffc17f52000 	/System/Library/PrivateFrameworks/InstalledContentLibrary.framework/Versions/A/InstalledContentLibrary
0x00007ff814d31000 	/System/Library/PrivateFrameworks/CoreServicesStore.framework/Versions/A/CoreServicesStore
0x00007ff81ad7b000 	/usr/lib/libapp_launch_measurement.dylib
0x00007ff92c4af000 	/System/Library/PrivateFrameworks/MobileSystemServices.framework/Versions/A/MobileSystemServices
0x00007ff82110a000 	/usr/lib/libxslt.1.dylib
0x00007ff81eb5f000 	/System/Library/PrivateFrameworks/BackgroundTaskManagement.framework/Versions/A/BackgroundTaskManagement
0x00007ff82b88c000 	/usr/lib/libcurl.4.dylib
0x00007ffd1f596000 	/usr/lib/libcrypto.46.dylib
0x00007ffd200cf000 	/usr/lib/libssl.48.dylib
0x00007ff82b571000 	/System/Library/Frameworks/LDAP.framework/Versions/A/LDAP
0x00007ff82b5ab000 	/System/Library/PrivateFrameworks/TrustEvaluationAgent.framework/Versions/A/TrustEvaluationAgent
0x00007ff823b3c000 	/usr/lib/libsasl2.2.dylib
0x00007ff82e6cf000 	/System/Library/Frameworks/Cocoa.framework/Versions/A/Cocoa
0x00007ff814ea3000 	/System/Library/Frameworks/AppKit.framework/Versions/C/AppKit
0x00007ffb2773e000 	/System/Library/PrivateFrameworks/CollectionViewCore.framework/Versions/A/CollectionViewCore
0x00007ff81d1bc000 	/System/Library/PrivateFrameworks/XCTTargetBootstrap.framework/Versions/A/XCTTargetBootstrap
0x00007ff822802000 	/System/Library/PrivateFrameworks/UserActivity.framework/Versions/A/UserActivity
0x00007ffd1466d000 	/System/Library/PrivateFrameworks/UIIntelligenceSupport.framework/Versions/A/UIIntelligenceSupport
0x00007ffb1e4c0000 	/System/Library/Frameworks/SwiftUICore.framework/Versions/A/SwiftUICore
0x00007ffd19267000 	/System/Library/PrivateFrameworks/WritingTools.framework/Versions/A/WritingTools
0x00007ffd183b9000 	/System/Library/PrivateFrameworks/WindowManagement.framework/Versions/A/WindowManagement
0x00007ff81d1a9000 	/System/Library/PrivateFrameworks/DFRFoundation.framework/Versions/A/DFRFoundation
0x00007ff81cec7000 	/System/Library/Frameworks/Carbon.framework/Versions/A/Frameworks/HIToolbox.framework/Versions/A/HIToolbox
0x00007ff82738d000 	/System/Library/Frameworks/Carbon.framework/Versions/A/Frameworks/SpeechRecognition.framework/Versions/A/SpeechRecognition
0x00007ff911db2000 	/System/Library/PrivateFrameworks/RenderBox.framework/Versions/A/RenderBox
0x00007ff81ad12000 	/System/Library/PrivateFrameworks/PerformanceAnalysis.framework/Versions/A/PerformanceAnalysis
0x00007ff827713000 	/System/Library/Frameworks/Accessibility.framework/Versions/A/Accessibility
0x00007ffb19ad0000 	/System/Library/Frameworks/DataDetection.framework/Versions/A/DataDetection
0x00007ffb19ad3000 	/System/Library/Frameworks/DeveloperToolsSupport.framework/Versions/A/DeveloperToolsSupport
0x00007ffb1f026000 	/System/Library/Frameworks/Symbols.framework/Versions/A/Symbols
0x00007ffd202ef000 	/usr/lib/swift/libswiftDataDetection.dylib
0x00007ff91725c000 	/usr/lib/swift/libswiftCoreGraphics.dylib
0x00007ff8280af000 	/usr/lib/swift/libswiftFoundation.dylib
0x00007ffa2d14c000 	/usr/lib/swift/libswiftSwiftOnoneSupport.dylib
0x00007ffa19fe3000 	/System/Library/PrivateFrameworks/CoreMaterial.framework/Versions/A/CoreMaterial
0x00007ffc27a41000 	/System/Library/PrivateFrameworks/SFSymbols.framework/Versions/A/SFSymbols
0x00007ff82737d000 	/System/Library/PrivateFrameworks/SpeechRecognitionCore.framework/Versions/A/SpeechRecognitionCore
0x00000001065ac000 	/Users/gregory/Library/Java/JavaVirtualMachines/corretto-21.0.4/Contents/Home/lib/server/libjvm.dylib
0x00000001052b8000 	/Users/gregory/Library/Java/JavaVirtualMachines/corretto-21.0.4/Contents/Home/lib/libjimage.dylib
0x0000000105310000 	/Users/gregory/Library/Java/JavaVirtualMachines/corretto-21.0.4/Contents/Home/lib/libjdwp.dylib
0x0000000105358000 	/Users/gregory/Library/Java/JavaVirtualMachines/corretto-21.0.4/Contents/Home/lib/libjava.dylib
0x00000001052db000 	/Users/gregory/Library/Java/JavaVirtualMachines/corretto-21.0.4/Contents/Home/lib/libinstrument.dylib
0x00000001052ef000 	/Users/gregory/Library/Java/JavaVirtualMachines/corretto-21.0.4/Contents/Home/lib/libzip.dylib
0x00007ffd1eea7000 	/usr/lib/i18n/libiconv_std.dylib
0x00007ffd1ee9e000 	/usr/lib/i18n/libUTF8.dylib
0x00007ffd1eeac000 	/usr/lib/i18n/libmapper_none.dylib
0x0000000129f81000 	/Users/gregory/Library/Java/JavaVirtualMachines/corretto-21.0.4/Contents/Home/lib/libdt_socket.dylib
0x0000000129fad000 	/Users/gregory/Library/Java/JavaVirtualMachines/corretto-21.0.4/Contents/Home/lib/libnio.dylib
0x0000000129fc9000 	/Users/gregory/Library/Java/JavaVirtualMachines/corretto-21.0.4/Contents/Home/lib/libnet.dylib
0x0000000129f91000 	/Users/gregory/Library/Java/JavaVirtualMachines/corretto-21.0.4/Contents/Home/lib/libprefs.dylib
0x0000000171068000 	/Users/gregory/Library/Java/JavaVirtualMachines/corretto-21.0.4/Contents/Home/lib/libverify.dylib
0x0000000171127000 	/Users/gregory/Library/Java/JavaVirtualMachines/corretto-21.0.4/Contents/Home/lib/libawt.dylib
0x000000017129c000 	/Users/gregory/Library/Java/JavaVirtualMachines/corretto-21.0.4/Contents/Home/lib/libmlib_image.dylib
0x00007ffb1a91d000 	/System/Library/Frameworks/JavaRuntimeSupport.framework/Versions/A/JavaRuntimeSupport
0x00007ff918918000 	/System/Library/Frameworks/Carbon.framework/Versions/A/Carbon
0x00007ff8308b8000 	/System/Library/Frameworks/Carbon.framework/Versions/A/Frameworks/CommonPanels.framework/Versions/A/CommonPanels
0x00007ff82b879000 	/System/Library/Frameworks/Carbon.framework/Versions/A/Frameworks/Help.framework/Versions/A/Help
0x00007ff8308bc000 	/System/Library/Frameworks/Carbon.framework/Versions/A/Frameworks/ImageCapture.framework/Versions/A/ImageCapture
0x00007ff83089a000 	/System/Library/Frameworks/Carbon.framework/Versions/A/Frameworks/OpenScripting.framework/Versions/A/OpenScripting
0x00007ff8308b7000 	/System/Library/Frameworks/Carbon.framework/Versions/A/Frameworks/Ink.framework/Versions/A/Ink
0x00007ff8308b4000 	/System/Library/Frameworks/Carbon.framework/Versions/A/Frameworks/SecurityHI.framework/Versions/A/SecurityHI
0x0000000171479000 	/Users/gregory/Library/Java/JavaVirtualMachines/corretto-21.0.4/Contents/Home/lib/libawt_lwawt.dylib
0x00000001710a9000 	/Users/gregory/Library/Java/JavaVirtualMachines/corretto-21.0.4/Contents/Home/lib/libosxapp.dylib
0x00007ff9172bc000 	/System/Library/Frameworks/ExceptionHandling.framework/Versions/A/ExceptionHandling
0x00000001717e1000 	/Users/gregory/Library/Java/JavaVirtualMachines/corretto-21.0.4/Contents/Home/lib/libfontmanager.dylib
0x000000017134c000 	/Users/gregory/Library/Java/JavaVirtualMachines/corretto-21.0.4/Contents/Home/lib/libfreetype.dylib
0x00007ff81abf4000 	/System/Library/PrivateFrameworks/ViewBridge.framework/Versions/A/ViewBridge
0x0000000171431000 	/usr/lib/libobjc-trampolines.dylib
0x00007ff92301f000 	/System/Library/CoreServices/RawCamera.bundle/Contents/MacOS/RawCamera
0x00007ff82c05c000 	/System/Library/PrivateFrameworks/StreamingZip.framework/Versions/A/StreamingZip
0x00007ff82b265000 	/System/Library/PrivateFrameworks/CoreWiFi.framework/Versions/A/CoreWiFi
0x00007ff823f1b000 	/System/Library/PrivateFrameworks/MobileAsset.framework/Versions/A/MobileAsset
0x00007ffd1fbc4000 	/usr/lib/libmrc.dylib
0x00007ffc177bd000 	/System/Library/PrivateFrameworks/IPConfiguration.framework/Versions/A/IPConfiguration
0x00007ffa19faa000 	/System/Library/PrivateFrameworks/Netrb.framework/Versions/A/Netrb
0x00007ffa24db5000 	/System/Library/PrivateFrameworks/WiFiPeerToPeer.framework/Versions/A/WiFiPeerToPeer
0x00007ff9209d3000 	/System/Library/PrivateFrameworks/SoftwareUpdateCoreSupport.framework/Versions/A/SoftwareUpdateCoreSupport
0x00007ff928304000 	/System/Library/PrivateFrameworks/SoftwareUpdateCoreConnect.framework/Versions/A/SoftwareUpdateCoreConnect
0x00007ff82b7c8000 	/System/Library/PrivateFrameworks/RemoteServiceDiscovery.framework/Versions/A/RemoteServiceDiscovery
0x00007ff92063a000 	/System/Library/PrivateFrameworks/MSUDataAccessor.framework/Versions/A/MSUDataAccessor
0x00007ff91bd67000 	/usr/lib/libbootpolicy.dylib
0x00007ff82b7dd000 	/System/Library/PrivateFrameworks/RemoteXPC.framework/Versions/A/RemoteXPC
0x00007ff92781b000 	/usr/lib/libFDR.dylib
0x00007ff92d9ce000 	/usr/lib/libamsupport.dylib
0x00007ffb232c5000 	/System/Library/PrivateFrameworks/AppleDeviceQuerySupport.framework/Versions/A/AppleDeviceQuerySupport
0x00007ffa10a4c000 	/usr/lib/libpartition2_dynamic.dylib
0x00007ff81f645000 	/System/Library/Frameworks/UserNotifications.framework/Versions/A/UserNotifications
0x00007ff82408b000 	/usr/lib/libTelephonyUtilDynamic.dylib
0x00007ff822871000 	/System/Library/Frameworks/MediaToolbox.framework/Versions/A/MediaToolbox
0x00007ff828cb8000 	/System/Library/PrivateFrameworks/CoreAVCHD.framework/Versions/A/CoreAVCHD
0x00007ff828cb4000 	/System/Library/PrivateFrameworks/Mangrove.framework/Versions/A/Mangrove
0x00007ffb25e5a000 	/System/Library/PrivateFrameworks/CMPhoto.framework/Versions/A/CMPhoto
0x00007ff8293b8000 	/System/Library/Frameworks/CoreTelephony.framework/Versions/A/CoreTelephony
0x00007ff829bb7000 	/System/Library/PrivateFrameworks/AppleVPA.framework/Versions/A/AppleVPA
0x00007ff8288f9000 	/System/Library/PrivateFrameworks/CoreAUC.framework/Versions/A/CoreAUC
0x00007ffb2368c000 	/System/Library/PrivateFrameworks/AppleJPEGXL.framework/Versions/A/AppleJPEGXL
0x00007ff91fff3000 	/System/Library/Frameworks/Accelerate.framework/Versions/A/Frameworks/vImage.framework/Versions/A/Libraries/libCGInterfaces.dylib
0x00007ffd1eeb5000 	/usr/lib/libAccessibilityBaseImplementations.dylib
0x00007ffd1926b000 	/System/Library/PrivateFrameworks/WritingToolsUI.framework/Versions/A/WritingToolsUI
0x00007ffc1494f000 	/System/Library/PrivateFrameworks/GenerativeAssistantSettings.framework/Versions/A/GenerativeAssistantSettings
0x00007ffd10bf6000 	/System/Library/PrivateFrameworks/TextComposer.framework/Versions/A/TextComposer
0x00007ff919cf1000 	/usr/lib/swift/libswiftIntents.dylib
0x00007ffd20344000 	/usr/lib/swift/libswiftSpatial.dylib
0x00007ffb1881d000 	/System/Library/Frameworks/AppIntents.framework/Versions/A/AppIntents
0x00007ff920e3b000 	/System/Library/Frameworks/SwiftUI.framework/Versions/A/SwiftUI
0x00007ff917331000 	/System/Library/Frameworks/WebKit.framework/Versions/A/WebKit
0x00007ffb1fbfb000 	/System/Library/Frameworks/_AuthenticationServices_SwiftUI.framework/Versions/A/_AuthenticationServices_SwiftUI
0x00007ffb221fd000 	/System/Library/PrivateFrameworks/Anvil.framework/Versions/A/Anvil
0x00007ff9204b3000 	/System/Library/PrivateFrameworks/AppStoreDaemon.framework/Versions/A/AppStoreDaemon
0x00007ff82e717000 	/System/Library/PrivateFrameworks/AppleMediaServices.framework/Versions/A/AppleMediaServices
0x00007ff91ce98000 	/System/Library/PrivateFrameworks/AppleMediaServicesUI.framework/Versions/A/AppleMediaServicesUI
0x00007ffc1492e000 	/System/Library/PrivateFrameworks/GenerativeAssistantCommon.framework/Versions/A/GenerativeAssistantCommon
0x00007ffa2c839000 	/System/Library/PrivateFrameworks/JetEngine.framework/Versions/A/JetEngine
0x00007ffc1b7e9000 	/System/Library/PrivateFrameworks/LinkMetadata.framework/Versions/A/LinkMetadata
0x00007ff91a65b000 	/System/Library/PrivateFrameworks/OnBoardingKit.framework/Versions/A/OnBoardingKit
0x00007ffc287d2000 	/System/Library/PrivateFrameworks/Settings.framework/Versions/A/Settings
0x00007ff81f690000 	/System/Library/Frameworks/CoreSpotlight.framework/Versions/A/CoreSpotlight
0x00007ffc1b9ee000 	/System/Library/PrivateFrameworks/LinkServices.framework/Versions/A/LinkServices
0x00007ffb2bdef000 	/System/Library/PrivateFrameworks/DoNotDisturb.framework/Versions/A/DoNotDisturb
0x00007ff91edb3000 	/System/Library/PrivateFrameworks/IntentsCore.framework/Versions/A/IntentsCore
0x00007ffb248c6000 	/System/Library/PrivateFrameworks/AvailabilityKit.framework/Versions/A/AvailabilityKit
0x00007ffb223ff000 	/System/Library/PrivateFrameworks/AppIntentSchemas.framework/Versions/A/AppIntentSchemas
0x00007ffd0f909000 	/System/Library/PrivateFrameworks/StatusKit.framework/Versions/A/StatusKit
0x00007ffc26d2b000 	/System/Library/PrivateFrameworks/RecapPerformanceTesting.framework/Versions/A/RecapPerformanceTesting
0x00007ff91a64d000 	/System/Library/PrivateFrameworks/SignpostCollection.framework/Versions/A/SignpostCollection
0x00007ffd1f1ff000 	/usr/lib/libSpatial.dylib
0x00007ff82e0e2000 	/System/Library/Frameworks/WebKit.framework/Versions/A/Frameworks/WebKitLegacy.framework/Versions/A/WebKitLegacy
0x00007ff82bea0000 	/System/Library/PrivateFrameworks/CorePrediction.framework/Versions/A/CorePrediction
0x00007ff81b9cd000 	/System/Library/Frameworks/WebKit.framework/Versions/A/Frameworks/WebCore.framework/Versions/A/Frameworks/libwebrtc.dylib
0x00007ff9172bf000 	/System/Library/PrivateFrameworks/SafariSafeBrowsing.framework/Versions/A/SafariSafeBrowsing
0x00007ff823bc7000 	/System/Library/Frameworks/SecurityInterface.framework/Versions/A/SecurityInterface
0x00007ff91a65a000 	/System/Library/PrivateFrameworks/WebInspectorUI.framework/Versions/A/WebInspectorUI
0x00007ff90f53b000 	/System/Library/Frameworks/JavaScriptCore.framework/Versions/A/JavaScriptCore
0x00007ff913803000 	/System/Library/Frameworks/WebKit.framework/Versions/A/Frameworks/WebCore.framework/Versions/A/WebCore
0x00007ffb191b8000 	/System/Library/Frameworks/BrowserEngineCore.framework/Versions/A/BrowserEngineCore
0x00007ffb1f7ba000 	/System/Library/Frameworks/WebKit.framework/Versions/A/Frameworks/WebCore.framework/Versions/A/Frameworks/libANGLE-shared.dylib
0x00007ffd17f8f000 	/System/Library/PrivateFrameworks/WebGPU.framework/Versions/A/WebGPU
0x00007ff91c4ce000 	/System/Library/Frameworks/SceneKit.framework/Versions/A/SceneKit
0x00007ff92cd21000 	/System/Library/Frameworks/ModelIO.framework/Versions/A/ModelIO
0x00007ff82554b000 	/System/Library/Frameworks/MetalKit.framework/Versions/A/MetalKit
0x00007ff82769f000 	/System/Library/Frameworks/GLKit.framework/Versions/A/GLKit
0x00007ffd20882000 	/usr/lib/usd/libusd_ms.dylib
0x00007ffd148f4000 	/System/Library/PrivateFrameworks/USDLib_FormatLoaderProxy.framework/Versions/A/USDLib_FormatLoaderProxy
0x00007ff9197ba000 	/System/Library/PrivateFrameworks/CoreOptimization.framework/Versions/A/CoreOptimization
0x00007ffb247ac000 	/System/Library/PrivateFrameworks/AuthenticationServicesCore.framework/Versions/A/AuthenticationServicesCore
0x00007ff9234c3000 	/System/Library/Frameworks/AuthenticationServices.framework/Versions/A/AuthenticationServices
0x00007ff82147d000 	/System/Library/PrivateFrameworks/SharedWebCredentials.framework/Versions/A/SharedWebCredentials
0x00007ff91b548000 	/System/Library/PrivateFrameworks/SafariCore.framework/Versions/A/SafariCore
0x00007ff922fdb000 	/System/Library/PrivateFrameworks/SafariFoundation.framework/Versions/A/SafariFoundation
0x00007ffb25938000 	/System/Library/PrivateFrameworks/CBORLibrary.framework/Versions/A/CBORLibrary
0x00007ffb2658d000 	/System/Library/PrivateFrameworks/Chirp.framework/Versions/A/Chirp
0x00007ffa2d9fd000 	/System/Library/PrivateFrameworks/RemoteManagement.framework/Versions/A/RemoteManagement
0x00007ffc27013000 	/System/Library/PrivateFrameworks/RemoteManagementModel.framework/Versions/A/RemoteManagementModel
0x00007ffc2709f000 	/System/Library/PrivateFrameworks/RemoteManagementStore.framework/Versions/A/RemoteManagementStore
0x00007ff825568000 	/usr/lib/libxcselect.dylib
0x00007ff922f46000 	/System/Library/PrivateFrameworks/DifferentialPrivacy.framework/Versions/A/DifferentialPrivacy
0x00007ff82833d000 	/System/Library/Frameworks/Contacts.framework/Versions/A/Contacts
0x00007ffd150d1000 	/System/Library/PrivateFrameworks/VDAF.framework/Versions/A/VDAF
0x00007ff82816e000 	/System/Library/PrivateFrameworks/ContactsPersistence.framework/Versions/A/ContactsPersistence
0x00007ff827394000 	/System/Library/PrivateFrameworks/AppleLDAP.framework/Versions/A/AppleLDAP
0x00007ff82bc0d000 	/System/Library/Frameworks/ClassKit.framework/Versions/A/ClassKit
0x00007ff82de06000 	/System/Library/PrivateFrameworks/CoreSuggestions.framework/Versions/A/CoreSuggestions
0x00007ff8280b0000 	/System/Library/PrivateFrameworks/ContactsFoundation.framework/Versions/A/ContactsFoundation
0x00007ff829929000 	/System/Library/PrivateFrameworks/vCard.framework/Versions/A/vCard
0x00007ffb27a26000 	/System/Library/PrivateFrameworks/ContactsMetrics.framework/Versions/A/ContactsMetrics
0x00007ff821895000 	/System/Library/PrivateFrameworks/login.framework/Versions/A/login
0x00007ffc1d9e6000 	/System/Library/PrivateFrameworks/ManagedOrganizationContacts.framework/Versions/A/ManagedOrganizationContacts
0x00007ff81b314000 	/System/Library/PrivateFrameworks/CloudDocs.framework/Versions/A/CloudDocs
0x00007ff82d33a000 	/System/Library/PrivateFrameworks/ConfigurationProfiles.framework/Versions/A/ConfigurationProfiles
0x00007ffb2b4b0000 	/System/Library/PrivateFrameworks/DMCUtilities.framework/Versions/A/DMCUtilities
0x00007ffc1bd7e000 	/System/Library/PrivateFrameworks/MDMClientLibrary.framework/Versions/A/MDMClientLibrary
0x00007ffc27094000 	/System/Library/PrivateFrameworks/RemoteManagementProtocol.framework/Versions/A/RemoteManagementProtocol
0x00007ffd1f089000 	/usr/lib/libEndpointSecuritySystem.dylib
0x00007ff827ac9000 	/System/Library/PrivateFrameworks/SystemAdministration.framework/Versions/A/SystemAdministration
0x00007ff911337000 	/System/Library/PrivateFrameworks/PowerlogControl.framework/Versions/A/PowerlogControl
0x00007ff81eb8c000 	/System/Library/Frameworks/ServiceManagement.framework/Versions/A/ServiceManagement
0x00007ff911339000 	/usr/lib/libUniversalAccess.dylib
0x00007ff82ef1f000 	/System/Library/PrivateFrameworks/FamilyControls.framework/Versions/A/FamilyControls
0x00007ff82734a000 	/System/Library/Frameworks/DirectoryService.framework/Versions/A/DirectoryService
0x00007ff82b910000 	/System/Library/PrivateFrameworks/LoginUIKit.framework/Versions/A/Frameworks/LoginUICore.framework/Versions/A/LoginUICore
0x00007ff821a7a000 	/usr/lib/libodfde.dylib
0x00007ff82ef1a000 	/System/Library/PrivateFrameworks/UniversalAccess.framework/Versions/A/Libraries/libUAPreferences.dylib
0x00007ff82ef42000 	/System/Library/PrivateFrameworks/CommerceKit.framework/Versions/A/Frameworks/CommerceCore.framework/Versions/A/CommerceCore
0x00007ffb2b463000 	/System/Library/PrivateFrameworks/DEPClientLibrary.framework/Versions/A/DEPClientLibrary
0x00007ffb2b481000 	/System/Library/PrivateFrameworks/DMCEnrollmentLibrary.framework/Versions/A/DMCEnrollmentLibrary
0x00007ff911415000 	/System/Library/PrivateFrameworks/SetupAssistantFramework.framework/Versions/A/SetupAssistantFramework
0x00007ff82bef8000 	/System/Library/PrivateFrameworks/AuthKitUI.framework/Versions/A/AuthKitUI
0x00007ff82b955000 	/System/Library/PrivateFrameworks/AppSSO.framework/Versions/A/AppSSO
0x00007ff92022d000 	/System/Library/PrivateFrameworks/LocalAuthenticationUI.framework/Versions/A/LocalAuthenticationUI
0x00007ffc25524000 	/System/Library/PrivateFrameworks/PlatformSSO.framework/Versions/A/PlatformSSO
0x00007ff920c16000 	/System/Library/PrivateFrameworks/AOSUI.framework/Versions/A/AOSUI
0x00007ff912f03000 	/System/Library/Frameworks/ContactsUI.framework/Versions/A/ContactsUI
0x00007ff828560000 	/System/Library/PrivateFrameworks/FamilyCircle.framework/Versions/A/FamilyCircle
0x00007ff92e417000 	/System/Library/Frameworks/LinkPresentation.framework/Versions/A/LinkPresentation
0x00007ffc25601000 	/System/Library/PrivateFrameworks/PlatformSSOCore.framework/Versions/A/PlatformSSOCore
0x00007ff912c2a000 	/System/Library/PrivateFrameworks/IASUtilities.framework/Versions/A/IASUtilities
0x00007ffc176b2000 	/System/Library/PrivateFrameworks/IASUtilitiesCore.framework/Versions/A/IASUtilitiesCore
0x00007ffc1bc86000 	/System/Library/PrivateFrameworks/LocalAuthenticationCoreUI.framework/Versions/A/LocalAuthenticationCoreUI
0x00007ff919a3d000 	/System/Library/Frameworks/LocalAuthentication.framework/Support/DaemonUtils.framework/Versions/A/DaemonUtils
0x00007ff91ce64000 	/System/Library/PrivateFrameworks/BridgeXPC.framework/Versions/A/BridgeXPC
0x00007ff8218b5000 	/System/Library/PrivateFrameworks/CoreBrightness.framework/Versions/A/CoreBrightness
0x00007ff91a727000 	/System/Library/PrivateFrameworks/CoreKDL.framework/Versions/A/CoreKDL
0x00007ff918ec7000 	/System/Library/PrivateFrameworks/EmbeddedOSSupportHost.framework/Versions/A/EmbeddedOSSupportHost
0x00007ffd10520000 	/System/Library/PrivateFrameworks/SystemStatus.framework/Versions/A/SystemStatus
0x00007ff92831b000 	/System/Library/PrivateFrameworks/StorageKit.framework/Versions/A/StorageKit
0x00007ffa2f162000 	/System/Library/Frameworks/DeviceCheck.framework/Versions/A/DeviceCheck
0x00007ffb19ce9000 	/System/Library/Frameworks/FSKit.framework/Versions/A/FSKit
0x00007ffb2bb66000 	/System/Library/PrivateFrameworks/DiskImages2.framework/Versions/A/DiskImages2
0x00007ffc1bb30000 	/System/Library/PrivateFrameworks/LiveFS.framework/Versions/A/LiveFS
0x00007ffd1c8de000 	/System/Library/PrivateFrameworks/icloudMCCKit.framework/Versions/A/icloudMCCKit
0x00007ffb23089000 	/System/Library/PrivateFrameworks/AppleAccountUI.framework/Versions/A/AppleAccountUI
0x00007ffb26efb000 	/System/Library/PrivateFrameworks/CloudSubscriptionFeatures.framework/Versions/A/CloudSubscriptionFeatures
0x00007ffa19fb1000 	/System/Library/PrivateFrameworks/PreferencePanesSupport.framework/Versions/A/PreferencePanesSupport
0x00007ff920db9000 	/System/Library/PrivateFrameworks/FindMyDeviceUI.framework/Versions/A/FindMyDeviceUI
0x00007ffd1a54d000 	/System/Library/PrivateFrameworks/iCloudQuotaUI.framework/Versions/A/iCloudQuotaUI
0x00007ffa1a170000 	/System/Library/PrivateFrameworks/CoreCDPUI.framework/Versions/A/CoreCDPUI
0x00007ff91b2c5000 	/System/Library/PrivateFrameworks/CoreFollowUpUI.framework/Versions/A/CoreFollowUpUI
0x00007ff823bfd000 	/System/Library/PrivateFrameworks/CoreFollowUp.framework/Versions/A/CoreFollowUp
0x00007ff92713b000 	/System/Library/PrivateFrameworks/IMCore.framework/Versions/A/IMCore
0x00007ff91139c000 	/System/Library/PrivateFrameworks/CoreCDP.framework/Versions/A/CoreCDP
0x00007ff82e709000 	/System/Library/PrivateFrameworks/AskPermission.framework/Versions/A/AskPermission
0x00007ff91ed2e000 	/System/Library/Frameworks/Quartz.framework/Versions/A/Quartz
0x00007ff92aded000 	/System/Library/PrivateFrameworks/CloudPhotoServicesConfiguration.framework/Versions/A/CloudPhotoServicesConfiguration
0x00007ff91d5ae000 	/System/Library/PrivateFrameworks/CommerceKit.framework/Versions/A/CommerceKit
0x00007ff92c631000 	/System/Library/PrivateFrameworks/FindMyMac.framework/Versions/A/FindMyMac
0x00007ff92c518000 	/System/Library/Frameworks/PreferencePanes.framework/Versions/A/PreferencePanes
0x00007ff920324000 	/System/Library/Frameworks/AddressBook.framework/Versions/A/AddressBook
0x00007ff82d60a000 	/System/Library/PrivateFrameworks/AOSAccounts.framework/Versions/A/AOSAccounts
0x00007ff827ac4000 	/System/Library/PrivateFrameworks/AppleSRP.framework/Versions/A/AppleSRP
0x00007ff919968000 	/System/Library/Frameworks/SafariServices.framework/Versions/A/SafariServices
0x00007ff82c044000 	/System/Library/PrivateFrameworks/NetFSServer.framework/Versions/A/NetFSServer
0x00007ff91c398000 	/System/Library/Frameworks/PDFKit.framework/Versions/A/PDFKit
0x00007ff92d5d7000 	/System/Library/PrivateFrameworks/EmailFoundation.framework/Versions/A/EmailFoundation
0x00007ff92c572000 	/System/Library/PrivateFrameworks/EmailCore.framework/Versions/A/EmailCore
0x00007ffa105a4000 	/System/Library/PrivateFrameworks/EmailAddressing.framework/Versions/A/EmailAddressing
0x00007ffa105b0000 	/System/Library/PrivateFrameworks/Email.framework/Versions/A/Email
0x00007ffb1f03d000 	/System/Library/Frameworks/TabularData.framework/Versions/A/TabularData
0x00007ffd20328000 	/usr/lib/swift/libswiftPassKit.dylib
0x00007ffb24a0d000 	/System/Library/PrivateFrameworks/BackgroundSystemTasks.framework/Versions/A/BackgroundSystemTasks
0x00007ffc1bd01000 	/System/Library/PrivateFrameworks/LockdownMode.framework/Versions/A/LockdownMode
0x00007ff82855a000 	/System/Library/PrivateFrameworks/CommunicationsFilter.framework/Versions/A/CommunicationsFilter
0x00007ffa1e043000 	/System/Library/Frameworks/PassKit.framework/Versions/A/PassKit
0x00007ff82f9f7000 	/System/Library/PrivateFrameworks/PassKitCore.framework/Versions/A/PassKitCore
0x00007ffc22f06000 	/System/Library/PrivateFrameworks/PassKitMacHelperTemp.framework/Versions/A/PassKitMacHelperTemp
0x00007ffb22433000 	/System/Library/PrivateFrameworks/AppIntentsServices.framework/Versions/A/AppIntentsServices
0x00007ff82d253000 	/System/Library/PrivateFrameworks/CoreRecents.framework/Versions/A/CoreRecents
0x00007ff919a71000 	/System/Library/PrivateFrameworks/BiometricKit.framework/Versions/A/BiometricKit
0x00007ffc27990000 	/System/Library/PrivateFrameworks/SEService.framework/Versions/A/SEService
0x00007ff82decc000 	/System/Library/Frameworks/EventKit.framework/Versions/A/EventKit
0x00007ff91edd0000 	/System/Library/PrivateFrameworks/NearField.framework/Versions/A/NearField
0x00007ff920a4e000 	/System/Library/PrivateFrameworks/FTClientServices.framework/Versions/A/FTClientServices
0x00007ffa19a7e000 	/System/Library/PrivateFrameworks/DiagnosticRequest.framework/Versions/A/DiagnosticRequest
0x00007ffd1f1c1000 	/usr/lib/libSESShared.dylib
0x00007ffc27b21000 	/System/Library/PrivateFrameworks/STSXPCHelperClient.framework/Versions/A/STSXPCHelperClient
0x00007ffd1032a000 	/System/Library/PrivateFrameworks/Symptoms.framework/Versions/A/Frameworks/SymptomPresentationFeed.framework/Versions/A/SymptomPresentationFeed
0x00007ffb23a3c000 	/System/Library/PrivateFrameworks/AppleMediaServicesKitInternal.framework/Versions/A/AppleMediaServicesKitInternal
0x00007ffd100a4000 	/System/Library/PrivateFrameworks/SymptomShared.framework/Versions/A/SymptomShared
0x00007ffb2613d000 	/System/Library/PrivateFrameworks/CalendarDatabase.framework/Versions/A/CalendarDatabase
0x00007ffb26091000 	/System/Library/PrivateFrameworks/CalendarDaemon.framework/Versions/A/CalendarDaemon
0x00007ff82d2a7000 	/System/Library/PrivateFrameworks/CalendarFoundation.framework/Versions/A/CalendarFoundation
0x00007ff82d262000 	/System/Library/PrivateFrameworks/iCalendar.framework/Versions/A/iCalendar
0x00007ffb2b6ce000 	/System/Library/PrivateFrameworks/DataAccessExpress.framework/Versions/A/DataAccessExpress
0x00007ff912ab5000 	/System/Library/PrivateFrameworks/CoreDAV.framework/Versions/A/CoreDAV
0x00007ff82dda5000 	/System/Library/PrivateFrameworks/CalDAV.framework/Versions/A/CalDAV
0x00007ff917027000 	/System/Library/PrivateFrameworks/TelephonyUtilities.framework/Versions/A/TelephonyUtilities
0x00007ff91b383000 	/System/Library/Frameworks/CallKit.framework/Versions/A/CallKit
0x00007ffa232cc000 	/System/Library/PrivateFrameworks/IMTransferServices.framework/Versions/A/IMTransferServices
0x00007ff9197d4000 	/System/Library/PrivateFrameworks/IncomingCallFilter.framework/Versions/A/IncomingCallFilter
0x00007ffc20a5a000 	/System/Library/PrivateFrameworks/NeighborhoodActivityConduit.framework/Versions/A/NeighborhoodActivityConduit
0x00007ffd1f05f000 	/usr/lib/libBASupport.dylib
0x00007ff926ed6000 	/System/Library/PrivateFrameworks/SpotlightReceiver.framework/Versions/A/SpotlightReceiver
0x00007ff9206c8000 	/usr/lib/libnfshared.dylib
0x00007ffa20933000 	/System/Library/PrivateFrameworks/PassKitUIFoundation.framework/Versions/A/PassKitUIFoundation
0x00007ff8273a5000 	/System/Library/Frameworks/MapKit.framework/Versions/A/MapKit
0x00007ffb19cb2000 	/System/Library/Frameworks/ExtensionKit.framework/Versions/A/ExtensionKit
0x00007ffc14d04000 	/System/Library/PrivateFrameworks/GeoAnalytics.framework/Versions/A/GeoAnalytics
0x00007ff91a87c000 	/System/Library/PrivateFrameworks/SearchFoundation.framework/Versions/A/SearchFoundation
0x00007ff9206fe000 	/System/Library/PrivateFrameworks/Navigation.framework/Versions/A/Navigation
0x00007ff9296a2000 	/System/Library/PrivateFrameworks/VectorKit.framework/Versions/A/VectorKit
0x00007ff912ce3000 	/System/Library/PrivateFrameworks/VirtualGarage.framework/Versions/A/VirtualGarage
0x00007ff920892000 	/System/Library/Frameworks/ExternalAccessory.framework/ExternalAccessory
0x00007ff9208ab000 	/System/Library/PrivateFrameworks/IAP.framework/Versions/A/IAP
0x00007ff827669000 	/System/Library/PrivateFrameworks/IOPlatformPluginFamily.framework/Versions/A/IOPlatformPluginFamily
0x00007ffb248c9000 	/System/Library/PrivateFrameworks/AvatarKit.framework/Versions/A/AvatarKit
0x00007ffb2498a000 	/System/Library/PrivateFrameworks/AvatarPersistence.framework/Versions/A/AvatarPersistence
0x00007ffc27105000 	/System/Library/PrivateFrameworks/RemoteUI.framework/Versions/A/RemoteUI
0x00007ff82776d000 	/usr/lib/libCTGreenTeaLogger.dylib
0x00007ffb1f24d000 	/System/Library/Frameworks/TipKit.framework/Versions/A/TipKit
0x00007ffa1c102000 	/System/Library/PrivateFrameworks/AppleCVA.framework/Versions/A/AppleCVA
0x00007ffb24989000 	/System/Library/PrivateFrameworks/AvatarKitContent.framework/Versions/A/AvatarKitContent
0x00007ff827799000 	/System/Library/PrivateFrameworks/CoreAppleCVA.framework/Versions/A/CoreAppleCVA
0x00007ffc1aea7000 	/System/Library/PrivateFrameworks/LiftUI.framework/Versions/A/LiftUI
0x00007ffb26e75000 	/System/Library/PrivateFrameworks/CloudSettings.framework/Versions/A/CloudSettings
0x00007ff919408000 	/System/Library/PrivateFrameworks/CoreRoutine.framework/Versions/A/CoreRoutine
0x00007ff927edb000 	/System/Library/PrivateFrameworks/Categories.framework/Versions/A/Categories
0x00007ffb272e3000 	/System/Library/PrivateFrameworks/Coherence.framework/Versions/A/Coherence
0x00007ff916f29000 	/System/Library/PrivateFrameworks/CoreParsec.framework/Versions/A/CoreParsec
0x00007ffc2349a000 	/System/Library/PrivateFrameworks/PegasusAPI.framework/Versions/A/PegasusAPI
0x00007ffc23f4d000 	/System/Library/PrivateFrameworks/PegasusConfiguration.framework/Versions/A/PegasusConfiguration
0x00007ffc1bcdf000 	/System/Library/PrivateFrameworks/LocalStatusKit.framework/Versions/A/LocalStatusKit
0x00007ff91b52f000 	/System/Library/PrivateFrameworks/ContextKit.framework/Versions/A/ContextKit
0x00007ffb27b55000 	/System/Library/PrivateFrameworks/ContextKitCore.framework/Versions/A/ContextKitCore
0x00007ff920a52000 	/System/Library/PrivateFrameworks/CharacterPicker.framework/Versions/A/CharacterPicker
0x00007ff9198d7000 	/System/Library/PrivateFrameworks/ContactsDonation.framework/Versions/A/ContactsDonation
0x00007ff912e17000 	/System/Library/PrivateFrameworks/ContactsUICore.framework/Versions/A/ContactsUICore
0x00007ff9191e4000 	/System/Library/PrivateFrameworks/DataDetectors.framework/Versions/A/DataDetectors
0x00007ff82dd93000 	/System/Library/Frameworks/MediaLibrary.framework/Versions/A/MediaLibrary
0x00007ff82854a000 	/System/Library/PrivateFrameworks/PersonaKit.framework/Versions/A/PersonaKit
0x00007ff912e06000 	/System/Library/PrivateFrameworks/PersonaUI.framework/Versions/A/PersonaUI
0x00007ffc17e5d000 	/System/Library/PrivateFrameworks/InputToolKitUI.framework/Versions/A/InputToolKitUI
0x00007ffc17e48000 	/System/Library/PrivateFrameworks/InputToolKit.framework/Versions/A/InputToolKit
0x00007ffd0fa40000 	/System/Library/PrivateFrameworks/Stickers.framework/Versions/A/Stickers
0x00007ffc17db3000 	/System/Library/PrivateFrameworks/InputAnalytics.framework/Versions/A/InputAnalytics
0x00007ff9220ce000 	/System/Library/PrivateFrameworks/EmojiFoundation.framework/Versions/A/EmojiFoundation
0x00007ffb2cde3000 	/System/Library/PrivateFrameworks/FeedbackService.framework/Versions/A/FeedbackService
0x00007ff8281e5000 	/System/Library/PrivateFrameworks/AddressBookCore.framework/Versions/A/AddressBookCore
0x00007ff91b247000 	/System/Library/PrivateFrameworks/IntlPreferences.framework/Versions/A/IntlPreferences
0x00007ff920496000 	/System/Library/PrivateFrameworks/ToneKit.framework/Versions/A/ToneKit
0x00007ff91b28c000 	/System/Library/PrivateFrameworks/ToneLibrary.framework/Versions/A/ToneLibrary
0x00007ffb279f7000 	/System/Library/PrivateFrameworks/ContactsAccounts.framework/Versions/A/ContactsAccounts
0x00007ff92bf37000 	/System/Library/PrivateFrameworks/Transparency.framework/Versions/A/Transparency
0x00007ff91ec52000 	/System/Library/PrivateFrameworks/Lookup.framework/Versions/A/Lookup
0x00007ffb1d53e000 	/System/Library/Frameworks/QuickLookUI.framework/Versions/A/QuickLookUI
0x00007ffb1debd000 	/System/Library/Frameworks/ScreenCaptureKit.framework/Versions/A/ScreenCaptureKit
0x00007ff91beca000 	/System/Library/Frameworks/Quartz.framework/Versions/A/Frameworks/QuartzComposer.framework/Versions/A/QuartzComposer
0x00007ff91b21e000 	/System/Library/Frameworks/Quartz.framework/Versions/A/Frameworks/QuartzFilters.framework/Versions/A/QuartzFilters
0x00007ff91a20d000 	/System/Library/Frameworks/Quartz.framework/Versions/A/Frameworks/ImageKit.framework/Versions/A/ImageKit
0x00007ff918917000 	/System/Library/PrivateFrameworks/CorePDF.framework/Versions/A/CorePDF
0x00007ff8254e8000 	/System/Library/Frameworks/QuickLook.framework/Versions/A/QuickLook
0x00007ff82f901000 	/System/Library/PrivateFrameworks/DisplayServices.framework/Versions/A/DisplayServices
0x00007ff91b186000 	/System/Library/Frameworks/ImageCaptureCore.framework/Versions/A/ImageCaptureCore
0x00007ffd16b14000 	/System/Library/PrivateFrameworks/VisionKitCore.framework/Versions/A/VisionKitCore
0x00007ff916efa000 	/System/Library/PrivateFrameworks/QuickLookSupport.framework/Versions/A/QuickLookSupport
0x00007ffc1e28c000 	/System/Library/PrivateFrameworks/MediaAnalysisServices.framework/Versions/A/MediaAnalysisServices
0x00007ff91db92000 	/System/Library/PrivateFrameworks/PhotoLibraryServices.framework/Versions/A/PhotoLibraryServices
0x00007ff91ada9000 	/System/Library/Frameworks/Photos.framework/Versions/A/Photos
0x00007ff92e7fb000 	/System/Library/PrivateFrameworks/PhotosFormats.framework/Versions/A/PhotosFormats
0x00007ff92ae1d000 	/System/Library/PrivateFrameworks/CloudPhotoLibrary.framework/Versions/A/CloudPhotoLibrary
0x00007ffa13f4f000 	/System/Library/PrivateFrameworks/CloudPhotoServices.framework/Versions/A/CloudPhotoServices
0x00007ffa10726000 	/System/Library/PrivateFrameworks/CoreMediaStream.framework/Versions/A/CoreMediaStream
0x00007ff828f0e000 	/System/Library/PrivateFrameworks/CPAnalytics.framework/Versions/A/CPAnalytics
0x00007ff92cc24000 	/System/Library/PrivateFrameworks/MediaConversionService.framework/Versions/A/MediaConversionService
0x00007ff82f59e000 	/System/Library/PrivateFrameworks/PhotoFoundation.framework/Versions/A/PhotoFoundation
0x00007ffc2446c000 	/System/Library/PrivateFrameworks/PhotoLibraryServicesCore.framework/Versions/A/PhotoLibraryServicesCore
0x00007ff9268f3000 	/System/Library/PrivateFrameworks/MMCS.framework/Versions/A/MMCS
0x00007ff82dbe2000 	/System/Library/PrivateFrameworks/ChunkingLibrary.framework/Versions/A/ChunkingLibrary
0x00007ff827a71000 	/System/Library/PrivateFrameworks/AssetCacheServices.framework/Versions/A/AssetCacheServices
0x00007ff829a4d000 	/System/Library/PrivateFrameworks/AVFoundationCF.framework/Versions/A/AVFoundationCF
0x00007ffa231ca000 	/usr/lib/swift/libswiftDemangle.dylib
0x00007ff919468000 	/System/Library/PrivateFrameworks/MediaStream.framework/Versions/A/MediaStream
0x00007ff92d1a1000 	/System/Library/PrivateFrameworks/NeutrinoCore.framework/Versions/A/NeutrinoCore
0x00007ff818335000 	/System/Library/PrivateFrameworks/NLP.framework/Versions/A/NLP
0x00007ffa12cb2000 	/System/Library/PrivateFrameworks/PhotoImaging.framework/Versions/A/PhotoImaging
0x00007ffa13f0f000 	/System/Library/PrivateFrameworks/PhotosImagingFoundation.framework/Versions/A/PhotosImagingFoundation
0x00007ffc24f6e000 	/System/Library/PrivateFrameworks/PhotosIntelligenceCore.framework/Versions/A/PhotosIntelligenceCore
0x00007ff829f08000 	/System/Library/PrivateFrameworks/EmbeddedAcousticRecognition.framework/Versions/A/EmbeddedAcousticRecognition
0x00007ff92b08d000 	/System/Library/PrivateFrameworks/SDAPI.framework/Versions/A/SDAPI
0x00007ffa13f5c000 	/System/Library/PrivateFrameworks/AutoLoop.framework/Versions/A/AutoLoop
0x00007ffc25902000 	/System/Library/PrivateFrameworks/Portrait.framework/Versions/A/Portrait
0x00007ffb23124000 	/System/Library/PrivateFrameworks/AppleDepth.framework/Versions/A/AppleDepth
0x00007ffb2d820000 	/System/Library/PrivateFrameworks/FusionTracker.framework/Versions/A/FusionTracker
0x00007ffb23252000 	/System/Library/PrivateFrameworks/AppleDepthCore.framework/Versions/A/AppleDepthCore
0x00007ff91b985000 	/System/Library/PrivateFrameworks/iTunesCloud.framework/Versions/A/iTunesCloud
0x00007ff924071000 	/System/Library/PrivateFrameworks/DAAPKit.framework/Versions/A/DAAPKit
0x00007ffd203c5000 	/usr/lib/swift/libswiftVideoToolbox.dylib
0x00007ff9171fe000 	/System/Library/PrivateFrameworks/DeviceManagement.framework/Versions/A/DeviceManagement
0x00007ffa199de000 	/System/Library/PrivateFrameworks/ScreenTimeUI.framework/Versions/A/ScreenTimeUI
0x00007ff9191de000 	/System/Library/PrivateFrameworks/QuickLookNonBaseSystem.framework/Versions/A/QuickLookNonBaseSystem
0x00007ff9199a6000 	/System/Library/PrivateFrameworks/Catalyst.framework/Versions/A/Catalyst
0x00007ffc1d9eb000 	/System/Library/PrivateFrameworks/ManagedSettingsObjC.framework/Versions/A/ManagedSettingsObjC
0x00007ff91b420000 	/System/Library/PrivateFrameworks/ScreenTimeCore.framework/Versions/A/ScreenTimeCore
0x00007ff92dd36000 	/System/Library/PrivateFrameworks/ScreenTimeServiceUI.framework/Versions/A/ScreenTimeServiceUI
0x00007ff926a8b000 	/System/Library/PrivateFrameworks/ConfigurationEngineModel.framework/Versions/A/ConfigurationEngineModel
0x00007ff929657000 	/System/Library/PrivateFrameworks/UsageTracking.framework/Versions/A/UsageTracking
0x00007ffb19ae9000 	/System/Library/Frameworks/DeviceActivity.framework/Versions/A/DeviceActivity
0x00007ff929629000 	/System/Library/PrivateFrameworks/KnowledgeMonitor.framework/Versions/A/KnowledgeMonitor
0x00007ffa208da000 	/System/Library/PrivateFrameworks/BluetoothManager.framework/Versions/A/BluetoothManager
0x00007ffb1a9f4000 	/System/Library/Frameworks/ManagedSettings.framework/Versions/A/ManagedSettings
0x00007ffc1da23000 	/System/Library/PrivateFrameworks/ManagedSettingsSupport.framework/Versions/A/ManagedSettingsSupport
0x00007ffa1e129000 	/System/Library/Frameworks/ReplayKit.framework/Versions/A/ReplayKit
0x00007ff830859000 	/System/Library/PrivateFrameworks/MarkupUI.framework/Versions/A/MarkupUI
0x00007ff9191b8000 	/System/Library/PrivateFrameworks/SidecarCore.framework/Versions/A/SidecarCore
0x00007ff91bd79000 	/System/Library/PrivateFrameworks/AnnotationKit.framework/Versions/A/AnnotationKit
0x00007ffb1f390000 	/System/Library/Frameworks/Translation.framework/Versions/A/Translation
0x00007ffa1584b000 	/System/Library/PrivateFrameworks/RevealCore.framework/Versions/A/RevealCore
0x00007ffa15840000 	/System/Library/PrivateFrameworks/Reveal.framework/Versions/A/Reveal
0x00007ffd139d2000 	/System/Library/PrivateFrameworks/TranslationUIServices.framework/Versions/A/TranslationUIServices
0x00007ff91a46f000 	/System/Library/Frameworks/PencilKit.framework/Versions/A/PencilKit
0x00007ff91a63a000 	/System/Library/PrivateFrameworks/SidecarUI.framework/Versions/A/SidecarUI
0x00007ff919d3a000 	/System/Library/PrivateFrameworks/CoreHandwriting.framework/Versions/A/CoreHandwriting
0x00007ff8122af000 	/usr/lib/libmecabra.dylib
0x00007ff913257000 	/System/Library/PrivateFrameworks/Calculate.framework/Versions/A/Calculate
0x00007ff821134000 	/usr/lib/libChineseTokenizer.dylib
0x00007ffa2d929000 	/System/Library/PrivateFrameworks/ScreenReaderCore.framework/Versions/A/ScreenReaderCore
0x00007ffd0fdb9000 	/System/Library/PrivateFrameworks/StocksKit.framework/Versions/A/StocksKit
0x00007ff91243a000 	/System/Library/PrivateFrameworks/OAuth.framework/Versions/A/OAuth
0x00007ffd0fab5000 	/System/Library/PrivateFrameworks/StocksCore.framework/Versions/A/StocksCore
0x00007ffd109ad000 	/System/Library/PrivateFrameworks/TeaFoundation.framework/Versions/A/TeaFoundation
0x00007ffd10b35000 	/System/Library/PrivateFrameworks/TeaSettings.framework/Versions/A/TeaSettings
0x00007ffa24428000 	/System/Library/PrivateFrameworks/NewsCore.framework/Versions/A/NewsCore
0x00007ffd1095a000 	/System/Library/PrivateFrameworks/TeaDB.framework/Versions/A/TeaDB
0x00007ffa21784000 	/System/Library/PrivateFrameworks/RemoteConfiguration.framework/Versions/A/RemoteConfiguration
0x00007ffa24041000 	/System/Library/PrivateFrameworks/NewsTransport.framework/Versions/A/NewsTransport
0x00007ffa2441a000 	/System/Library/PrivateFrameworks/NewsFoundation.framework/Versions/A/NewsFoundation
0x00007ffc20f3e000 	/System/Library/PrivateFrameworks/NewsURLBucket.framework/Versions/A/NewsURLBucket
0x00007ff91d7d2000 	/System/Library/PrivateFrameworks/MobileInstallation.framework/Versions/A/MobileInstallation
0x00007ffd12bc6000 	/System/Library/PrivateFrameworks/TipKitCore.framework/Versions/A/TipKitCore
0x00007ff92214d000 	/System/Library/PrivateFrameworks/CoreCDPInternal.framework/Versions/A/CoreCDPInternal
0x00007ff912386000 	/System/Library/PrivateFrameworks/AccountsDaemon.framework/Versions/A/AccountsDaemon
0x00007ffc26db3000 	/System/Library/PrivateFrameworks/RegulatoryDomain.framework/Versions/A/RegulatoryDomain
0x00007ffa1a16d000 	/System/Library/PrivateFrameworks/MachineSettings.framework/Versions/A/MachineSettings
0x00007ff92c49d000 	/System/Library/PrivateFrameworks/BezelServices.framework/Versions/A/BezelServices
0x00007ff9240fd000 	/System/Library/PrivateFrameworks/SPOwner.framework/Versions/A/SPOwner
0x00007ff91d612000 	/System/Library/PrivateFrameworks/FMCore.framework/Versions/A/FMCore
0x00007ffd1a4b3000 	/System/Library/PrivateFrameworks/iCloudQuota.framework/Versions/A/iCloudQuota
0x00007ff912d7b000 	/System/Library/PrivateFrameworks/CoreRecognition.framework/Versions/A/CoreRecognition
0x00007ff92c54e000 	/System/Library/PrivateFrameworks/InAppMessages.framework/Versions/A/InAppMessages
0x00007ffa2c74d000 	/System/Library/PrivateFrameworks/JetUI.framework/Versions/A/JetUI
0x00007ffc1ac0f000 	/System/Library/PrivateFrameworks/JetPack.framework/Versions/A/JetPack
0x00007ff92c546000 	/System/Library/PrivateFrameworks/InAppMessagesCore.framework/Versions/A/InAppMessagesCore
0x00007ffd19c0b000 	/System/Library/PrivateFrameworks/_JetEngine_SwiftUI.framework/Versions/A/_JetEngine_SwiftUI
0x00007ffd10352000 	/System/Library/PrivateFrameworks/Synapse.framework/Versions/A/Synapse
0x00007ffb25f5a000 	/System/Library/PrivateFrameworks/CSExattrCrypto.framework/Versions/A/CSExattrCrypto
0x00007ff82f5ae000 	/System/Library/PrivateFrameworks/IMSharedUtilities.framework/Versions/A/IMSharedUtilities
0x00007ff92780b000 	/System/Library/Frameworks/InstantMessage.framework/Versions/A/InstantMessage
0x00007ff920227000 	/System/Library/PrivateFrameworks/IDSKVStore.framework/Versions/A/IDSKVStore
0x00007ff920066000 	/System/Library/PrivateFrameworks/IMDPersistence.framework/Versions/A/IMDPersistence
0x00007ffd202cf000 	/usr/lib/swift/libswiftAppleArchive.dylib
0x00007ffd150c5000 	/System/Library/PrivateFrameworks/UserSafety.framework/Versions/A/UserSafety
0x00007ffa1fb81000 	/System/Library/PrivateFrameworks/BlastDoor.framework/Versions/A/BlastDoor
0x00007ffb1df39000 	/System/Library/Frameworks/SensitiveContentAnalysis.framework/Versions/A/SensitiveContentAnalysis
0x00007ffc1b9c0000 	/System/Library/PrivateFrameworks/LinkPresentationStyleSheetParsing.framework/Versions/A/LinkPresentationStyleSheetParsing
0x00007ff919833000 	/System/Library/PrivateFrameworks/CoreSDB.framework/Versions/A/CoreSDB
0x00007ffb24435000 	/System/Library/PrivateFrameworks/AskToCore.framework/Versions/A/AskToCore
0x00007ff91e953000 	/System/Library/PrivateFrameworks/StoreFoundation.framework/Versions/A/StoreFoundation
0x00007ff91d60c000 	/System/Library/PrivateFrameworks/ServerInformation.framework/Versions/A/ServerInformation
0x00007ff91d077000 	/System/Library/PrivateFrameworks/Install.framework/Frameworks/DistributionKit.framework/Versions/A/DistributionKit
0x00007ff916cb9000 	/System/Library/PrivateFrameworks/PackageKit.framework/Versions/A/PackageKit
0x00007ff91d098000 	/System/Library/PrivateFrameworks/OSPersonalization.framework/Versions/A/OSPersonalization
0x00007ff91ee9e000 	/System/Library/PrivateFrameworks/BridgeOSSoftwareUpdate.framework/Versions/A/BridgeOSSoftwareUpdate
0x00007ff919c7b000 	/System/Library/PrivateFrameworks/StorageManagement.framework/Versions/A/StorageManagement
0x00007ff92d8ff000 	/usr/lib/libauthinstall.dylib
0x00007ff91eea6000 	/System/Library/PrivateFrameworks/InstallerDiagnostics.framework/Versions/A/InstallerDiagnostics
0x00007ff92def6000 	/usr/lib/libcrypto.42.dylib
0x00007ff91ee8e000 	/System/Library/PrivateFrameworks/GPUInfo.framework/Versions/A/GPUInfo
0x00007ff92c637000 	/System/Library/PrivateFrameworks/MobileActivationMacOS.framework/Versions/A/MobileActivationMacOS
0x00007ff828eb4000 	/System/Library/PrivateFrameworks/GenerationalStorage.framework/Versions/A/GenerationalStorage
0x00007ff823ff1000 	/System/Library/PrivateFrameworks/CacheDelete.framework/Versions/A/CacheDelete
0x00007ff82c16e000 	/System/Library/Frameworks/QuickLookThumbnailing.framework/Versions/A/QuickLookThumbnailing
0x00007ff828ce4000 	/System/Library/Frameworks/FileProvider.framework/Versions/A/FileProvider
0x00007ff8165e7000 	/System/Library/PrivateFrameworks/DesktopServicesPriv.framework/Versions/A/DesktopServicesPriv
0x00007ff818b18000 	/System/Library/Frameworks/Accounts.framework/Versions/A/Accounts
0x00007ff91eeee000 	/System/Library/PrivateFrameworks/AOSKit.framework/Versions/A/AOSKit
0x00007ff821361000 	/System/Library/PrivateFrameworks/AppSSOCore.framework/Versions/A/AppSSOCore
0x00007ff82b916000 	/System/Library/PrivateFrameworks/AppSupport.framework/Versions/A/AppSupport
0x00007ff918cd0000 	/System/Library/Frameworks/AVFoundation.framework/Versions/A/AVFoundation
0x00007ff82c099000 	/System/Library/PrivateFrameworks/DuetActivityScheduler.framework/Versions/A/DuetActivityScheduler
0x00007ff9197da000 	/System/Library/PrivateFrameworks/FTServices.framework/Versions/A/FTServices
0x00007ff92ad57000 	/System/Library/PrivateFrameworks/NetworkServiceProxy.framework/Versions/A/NetworkServiceProxy
0x00007ff829e21000 	/System/Library/PrivateFrameworks/Rapport.framework/Versions/A/Rapport
0x00007ffd100b3000 	/System/Library/PrivateFrameworks/Symptoms.framework/Versions/A/Frameworks/SymptomAnalytics.framework/Versions/A/SymptomAnalytics
0x00007ff8276d9000 	/usr/lib/libnetworkextension.dylib
0x00007ffa2070d000 	/System/Library/Frameworks/CryptoKit.framework/Versions/A/CryptoKit
0x00007ff82c038000 	/System/Library/PrivateFrameworks/CryptoKitCBridging.framework/Versions/A/CryptoKitCBridging
0x00007ff829973000 	/System/Library/Frameworks/CryptoTokenKit.framework/Versions/A/CryptoTokenKit
0x00007ffa144ef000 	/usr/lib/swift/libswiftCryptoTokenKit.dylib
0x00007ff8299d4000 	/System/Library/Frameworks/LocalAuthentication.framework/Versions/A/LocalAuthentication
0x00007ffc1bb80000 	/System/Library/PrivateFrameworks/LocalAuthenticationCore.framework/Versions/A/LocalAuthenticationCore
0x00007ff829a23000 	/System/Library/Frameworks/LocalAuthentication.framework/Support/SharedUtils.framework/Versions/A/SharedUtils
0x00007ff8286eb000 	/System/Library/PrivateFrameworks/SymptomDiagnosticReporter.framework/Versions/A/SymptomDiagnosticReporter
0x00007ffb2b3a1000 	/System/Library/PrivateFrameworks/CryptoKitPrivate.framework/Versions/A/CryptoKitPrivate
0x00007ff81af02000 	/System/Library/PrivateFrameworks/ApplePushService.framework/Versions/A/ApplePushService
0x00007ff918ef3000 	/System/Library/PrivateFrameworks/FindMyDevice.framework/Versions/A/FindMyDevice
0x00007ff818b9e000 	/System/Library/PrivateFrameworks/CommonUtilities.framework/Versions/A/CommonUtilities
0x00007ff92f33b000 	/System/Library/PrivateFrameworks/DeviceIdentity.framework/Versions/A/DeviceIdentity
0x00007ff821a7b000 	/System/Library/PrivateFrameworks/Bom.framework/Versions/A/Bom
0x00007ff823b5c000 	/usr/lib/libParallelCompression.dylib
0x00007ff823b4f000 	/System/Library/PrivateFrameworks/MultiverseSupport.framework/Versions/A/MultiverseSupport
0x00007ff82f9db000 	/System/Library/PrivateFrameworks/FMCoreLite.framework/Versions/A/FMCoreLite
0x00007ff81f460000 	/System/Library/PrivateFrameworks/AuthKit.framework/Versions/A/AuthKit
0x00007ff82880f000 	/System/Library/PrivateFrameworks/DiskManagement.framework/Versions/A/DiskManagement
0x00007ff828729000 	/System/Library/PrivateFrameworks/AppleIDAuthSupport.framework/Versions/A/AppleIDAuthSupport
0x00007ffb20333000 	/System/Library/PrivateFrameworks/AAAFoundation.framework/Versions/A/AAAFoundation
0x00007ff824040000 	/System/Library/PrivateFrameworks/KeychainCircle.framework/Versions/A/KeychainCircle
0x00007ff91372c000 	/System/Library/PrivateFrameworks/URLFormatting.framework/Versions/A/URLFormatting
0x00007ff82b881000 	/usr/lib/libcsfde.dylib
0x00007ff8214ec000 	/usr/lib/libCoreStorage.dylib
0x00007ff82545e000 	/System/Library/PrivateFrameworks/ProtectedCloudStorage.framework/Versions/A/ProtectedCloudStorage
0x00007ff82b87d000 	/System/Library/PrivateFrameworks/EFILogin.framework/Versions/A/EFILogin
0x00007ff912a0f000 	/System/Library/PrivateFrameworks/CloudServices.framework/Versions/A/CloudServices
0x00007ff828ede000 	/System/Library/PrivateFrameworks/OctagonTrust.framework/Versions/A/OctagonTrust
0x00007ff829587000 	/System/Library/PrivateFrameworks/AVFCore.framework/Versions/A/AVFCore
0x00007ff911424000 	/System/Library/PrivateFrameworks/AVFCapture.framework/Versions/A/AVFCapture
0x00007ffb25d45000 	/System/Library/PrivateFrameworks/CMImaging.framework/Versions/A/CMImaging
0x00007ff911647000 	/System/Library/PrivateFrameworks/Quagga.framework/Versions/A/Quagga
0x00007ff911776000 	/System/Library/PrivateFrameworks/CMCapture.framework/Versions/A/CMCapture
0x00007ff823c2d000 	/System/Library/Frameworks/CoreMediaIO.framework/Versions/A/CoreMediaIO
0x00007ff82c1b5000 	/System/Library/PrivateFrameworks/Espresso.framework/Versions/A/Espresso
0x00007ffa2dca7000 	/System/Library/PrivateFrameworks/ANECompiler.framework/Versions/A/ANECompiler
0x00007ff82e333000 	/System/Library/PrivateFrameworks/AppleNeuralEngine.framework/Versions/A/AppleNeuralEngine
0x00007ffb1b6b8000 	/System/Library/Frameworks/MetalPerformanceShadersGraph.framework/Versions/A/MetalPerformanceShadersGraph
0x00007ffc1c673000 	/System/Library/PrivateFrameworks/MLCompilerServices.framework/Versions/A/MLCompilerServices
0x00007ff82d19b000 	/System/Library/PrivateFrameworks/ANEServices.framework/Versions/A/ANEServices
0x00007ff91ec6c000 	/usr/lib/libncurses.5.4.dylib
0x00007ff814e4a000 	/usr/lib/libsandbox.1.dylib
0x00007ff8214e4000 	/usr/lib/libMatch.1.dylib
0x00007ffc1c615000 	/System/Library/PrivateFrameworks/MLCompilerRuntime.framework/Versions/A/MLCompilerRuntime
0x00007ffb25c74000 	/System/Library/PrivateFrameworks/CMCaptureDevice.framework/Versions/A/CMCaptureDevice
0x00007ffb268ac000 	/System/Library/PrivateFrameworks/CinematicFraming.framework/Versions/A/CinematicFraming
0x00007ff918919000 	/System/Library/Frameworks/CoreMotion.framework/Versions/A/CoreMotion
0x00007ff9278de000 	/System/Library/PrivateFrameworks/TimeSync.framework/Versions/A/TimeSync
0x00007ffb2bd1b000 	/System/Library/PrivateFrameworks/DistributedSensing.framework/Versions/A/DistributedSensing
0x00007ff923482000 	/System/Library/PrivateFrameworks/MobileBluetooth.framework/Versions/A/MobileBluetooth
0x00007ff8237f3000 	/System/Library/PrivateFrameworks/LocationSupport.framework/Versions/A/LocationSupport
0x00007ff9292c2000 	/System/Library/PrivateFrameworks/IOKitten.framework/Versions/A/IOKitten
0x00007ff81685f000 	/System/Library/PrivateFrameworks/CoreDuet.framework/Versions/A/CoreDuet
0x00007ff82ab7f000 	/System/Library/PrivateFrameworks/CoreDuetContext.framework/Versions/A/CoreDuetContext
0x00007ff924019000 	/System/Library/PrivateFrameworks/BiomeFoundation.framework/Versions/A/BiomeFoundation
0x00007ffb24ac2000 	/System/Library/PrivateFrameworks/BiomeLibrary.framework/Versions/A/BiomeLibrary
0x00007ff92795e000 	/System/Library/PrivateFrameworks/BiomeStreams.framework/Versions/A/BiomeStreams
0x00007ff92dd3d000 	/System/Library/PrivateFrameworks/BiomePubSub.framework/Versions/A/BiomePubSub
0x00007ff81af65000 	/System/Library/Frameworks/CloudKit.framework/Versions/A/CloudKit
0x00007ff82abd4000 	/System/Library/Frameworks/Intents.framework/Versions/A/Intents
0x00007ff82d339000 	/System/Library/PrivateFrameworks/CoreDuetDaemonProtocol.framework/Versions/A/CoreDuetDaemonProtocol
0x00007ff82d1c8000 	/System/Library/PrivateFrameworks/ProactiveSupport.framework/Versions/A/ProactiveSupport
0x00007ffc2586f000 	/System/Library/PrivateFrameworks/PoirotSchematizer.framework/Versions/A/PoirotSchematizer
0x00007ffb251e2000 	/System/Library/PrivateFrameworks/BiomeSync.framework/Versions/A/BiomeSync
0x00007ffb24aa3000 	/System/Library/PrivateFrameworks/BiomeFlexibleStorage.framework/Versions/A/BiomeFlexibleStorage
0x00007ffb24a89000 	/System/Library/PrivateFrameworks/BiomeDSL.framework/Versions/A/BiomeDSL
0x00007ff92dd9d000 	/System/Library/PrivateFrameworks/BiomeStorage.framework/Versions/A/BiomeStorage
0x00007ffc258de000 	/System/Library/PrivateFrameworks/PoirotUDFs.framework/Versions/A/PoirotUDFs
0x00007ffc25846000 	/System/Library/PrivateFrameworks/PoirotSQLite.framework/Versions/A/PoirotSQLite
0x00007ff82bc0a000 	/System/Library/PrivateFrameworks/InternationalTextSearch.framework/Versions/A/InternationalTextSearch
0x00007ffc1a51a000 	/System/Library/PrivateFrameworks/IntelligencePlatformLibrary.framework/Versions/A/IntelligencePlatformLibrary
0x00007ffb26514000 	/System/Library/PrivateFrameworks/CascadeSets.framework/Versions/A/CascadeSets
0x00007ff824b85000 	/System/Library/PrivateFrameworks/IDS.framework/Versions/A/IDS
0x00007ff82377e000 	/System/Library/PrivateFrameworks/IMFoundation.framework/Versions/A/IMFoundation
0x00007ff912d2f000 	/System/Library/PrivateFrameworks/Marco.framework/Versions/A/Marco
0x00007ff824d56000 	/System/Library/PrivateFrameworks/IDSFoundation.framework/Versions/A/IDSFoundation
0x00007ff830883000 	/System/Library/PrivateFrameworks/Engram.framework/Versions/A/Engram
0x00007ff830827000 	/usr/lib/libtidy.A.dylib
0x00007ff927409000 	/System/Library/PrivateFrameworks/FTAWD.framework/Versions/A/FTAWD
0x00007ffb1dfeb000 	/System/Library/Frameworks/SharedWithYouCore.framework/Versions/A/SharedWithYouCore
0x00007ff82bcd3000 	/System/Library/PrivateFrameworks/AppleAccount.framework/Versions/A/AppleAccount
0x00007ff82c118000 	/System/Library/PrivateFrameworks/C2.framework/Versions/A/C2
0x00007ff81c667000 	/System/Library/Frameworks/CoreLocation.framework/Versions/A/CoreLocation
0x00007ffb26ba5000 	/System/Library/PrivateFrameworks/CloudAssets.framework/Versions/A/CloudAssets
0x00007ff82c110000 	/System/Library/Frameworks/PushKit.framework/Versions/A/PushKit
0x00007ffa1602e000 	/usr/lib/swift/libswiftAVFoundation.dylib
0x00007ff920012000 	/usr/lib/swift/libswiftCoreLocation.dylib
0x00007ff920024000 	/usr/lib/swift/libswiftCoreMIDI.dylib
0x00007ffa144f1000 	/usr/lib/swift/libswiftCoreMedia.dylib
0x00007ff82500e000 	/System/Library/PrivateFrameworks/Sharing.framework/Versions/A/Sharing
0x00007ff82b264000 	/System/Library/PrivateFrameworks/Apple80211.framework/Versions/A/Apple80211
0x00007ff81e8b7000 	/System/Library/Frameworks/CoreWLAN.framework/Versions/A/CoreWLAN
0x00007ff82f31b000 	/System/Library/PrivateFrameworks/AssistantServices.framework/Versions/A/AssistantServices
0x00007ff829c25000 	/System/Library/PrivateFrameworks/SAObjects.framework/Versions/A/SAObjects
0x00007ff82ef4d000 	/System/Library/PrivateFrameworks/MediaRemote.framework/Versions/A/MediaRemote
0x00007ff91f22d000 	/System/Library/PrivateFrameworks/SiriInstrumentation.framework/Versions/A/SiriInstrumentation
0x00007ffc28c43000 	/System/Library/PrivateFrameworks/SiriAnalytics.framework/Versions/A/SiriAnalytics
0x00007ffc2ddf1000 	/System/Library/PrivateFrameworks/SiriTTSService.framework/Versions/A/SiriTTSService
0x00007ffc294c4000 	/System/Library/PrivateFrameworks/SiriCrossDeviceArbitration.framework/Versions/A/SiriCrossDeviceArbitration
0x00007ff91ce6e000 	/System/Library/PrivateFrameworks/FeedbackLogger.framework/Versions/A/FeedbackLogger
0x00007ffc29514000 	/System/Library/PrivateFrameworks/SiriCrossDeviceArbitrationFeedback.framework/Versions/A/SiriCrossDeviceArbitrationFeedback
0x00007ffc14c04000 	/System/Library/PrivateFrameworks/GenerativeModels.framework/Versions/A/GenerativeModels
0x00007ff912ba9000 	/System/Library/PrivateFrameworks/MediaServices.framework/Versions/A/MediaServices
0x00007ff821758000 	/System/Library/PrivateFrameworks/PersistentConnection.framework/Versions/A/PersistentConnection
0x00007ff8256dd000 	/System/Library/PrivateFrameworks/GeoServices.framework/Versions/A/GeoServices
0x00007ffc14e0d000 	/System/Library/PrivateFrameworks/GeoServicesCore.framework/Versions/A/GeoServicesCore
0x00007ff91372b000 	/System/Library/PrivateFrameworks/PhoneNumbers.framework/Versions/A/PhoneNumbers
0x00007ffb2b81a000 	/System/Library/PrivateFrameworks/Dendrite.framework/Versions/A/Dendrite
0x00007ffb24551000 	/System/Library/PrivateFrameworks/AtomicsInternal.framework/Versions/A/AtomicsInternal
0x00007ff920e08000 	/usr/lib/libtailspin.dylib
0x00007ffa14068000 	/System/Library/PrivateFrameworks/Osprey.framework/Versions/A/Osprey
0x00007ffc2d41e000 	/System/Library/PrivateFrameworks/SiriTTS.framework/Versions/A/SiriTTS
0x00007ff9198f1000 	/System/Library/Frameworks/NaturalLanguage.framework/Versions/A/NaturalLanguage
0x00007ffc2c365000 	/System/Library/PrivateFrameworks/SiriPowerInstrumentation.framework/Versions/A/SiriPowerInstrumentation
0x00007ff91a7b4000 	/System/Library/PrivateFrameworks/Trial.framework/Versions/A/Trial
0x00007ff91a738000 	/System/Library/PrivateFrameworks/TrialProto.framework/Versions/A/TrialProto
0x00007ffd1497f000 	/System/Library/PrivateFrameworks/UnifiedAssetFramework.framework/Versions/A/UnifiedAssetFramework
0x00007ffa24d41000 	/usr/lib/swift/libswiftNaturalLanguage.dylib
0x00007ffd10958000 	/System/Library/PrivateFrameworks/TailspinSymbolication.framework/Versions/A/TailspinSymbolication
0x00007ffb2b599000 	/System/Library/PrivateFrameworks/Darwinup.framework/Versions/A/Darwinup
0x00007ff92cc8d000 	/System/Library/PrivateFrameworks/SignpostSupport.framework/Versions/A/SignpostSupport
0x00007ff9197bf000 	/System/Library/PrivateFrameworks/FeatureFlagsSupport.framework/Versions/A/FeatureFlagsSupport
0x00007ff92c3b4000 	/System/Library/PrivateFrameworks/ktrace.framework/Versions/A/ktrace
0x00007ff92cf47000 	/System/Library/PrivateFrameworks/SampleAnalysis.framework/Versions/A/SampleAnalysis
0x00007ffa15813000 	/System/Library/PrivateFrameworks/kperfdata.framework/Versions/A/kperfdata
0x00007ff825601000 	/usr/lib/libdscsym.dylib
0x00007ffa15d78000 	/System/Library/PrivateFrameworks/BulkSymbolication.framework/Versions/A/BulkSymbolication
0x00007ff81b3f3000 	/System/Library/Frameworks/CoreML.framework/Versions/A/CoreML
0x00007ffa23197000 	/usr/lib/libedit.3.dylib
0x00007ff81efb8000 	/System/Library/Frameworks/MLCompute.framework/Versions/A/MLCompute
0x00007ffc1c4e3000 	/System/Library/PrivateFrameworks/MLAssetIO.framework/Versions/A/MLAssetIO
0x00007ffd2030a000 	/usr/lib/swift/libswiftMLCompute.dylib
0x00007ff813358000 	/System/Library/PrivateFrameworks/LanguageModeling.framework/Versions/A/LanguageModeling
0x00007ff8180ca000 	/System/Library/PrivateFrameworks/Montreal.framework/Versions/A/Montreal
0x00007ff81f911000 	/usr/lib/libcmph.dylib
0x00007ffc14ca2000 	/System/Library/PrivateFrameworks/GenerativeModelsFoundation.framework/Versions/A/GenerativeModelsFoundation
0x00007ffd12e9a000 	/System/Library/PrivateFrameworks/TokenGeneration.framework/Versions/A/TokenGeneration
0x00007ffc14ad4000 	/System/Library/PrivateFrameworks/GenerativeFunctions.framework/Versions/A/GenerativeFunctions
0x00007ffc14b1a000 	/System/Library/PrivateFrameworks/GenerativeFunctionsFoundation.framework/Versions/A/GenerativeFunctionsFoundation
0x00007ffc1f288000 	/System/Library/PrivateFrameworks/ModelCatalog.framework/Versions/A/ModelCatalog
0x00007ffc285c8000 	/System/Library/PrivateFrameworks/SensitiveContentAnalysisML.framework/Versions/A/SensitiveContentAnalysisML
0x00007ffc14baf000 	/System/Library/PrivateFrameworks/GenerativeFunctionsInstrumentation.framework/Versions/A/GenerativeFunctionsInstrumentation
0x00007ffc26721000 	/System/Library/PrivateFrameworks/PromptKit.framework/Versions/A/PromptKit
0x00007ffc262b2000 	/System/Library/PrivateFrameworks/ProactiveDaemonSupport.framework/Versions/A/ProactiveDaemonSupport
0x00007ffd13011000 	/System/Library/PrivateFrameworks/TokenGenerationCore.framework/Versions/A/TokenGenerationCore
0x00007ffd15ff9000 	/System/Library/PrivateFrameworks/VectorSearch.framework/Versions/A/VectorSearch
0x00007ffc1f550000 	/System/Library/PrivateFrameworks/ModelManagerServices.framework/Versions/A/ModelManagerServices
0x00007ffb23328000 	/System/Library/PrivateFrameworks/AppleFlatBuffers.framework/Versions/A/AppleFlatBuffers
0x00007ff913121000 	/System/Library/PrivateFrameworks/ProactiveEventTracker.framework/Versions/A/ProactiveEventTracker
0x00007ffb2034c000 	/System/Library/PrivateFrameworks/AAAFoundationSwift.framework/Versions/A/AAAFoundationSwift
0x00007ff82be69000 	/System/Library/PrivateFrameworks/AppleIDSSOAuthentication.framework/Versions/A/AppleIDSSOAuthentication
0x00007ff926be6000 	/usr/lib/swift/libswiftCompression.dylib
0x00007ffc28728000 	/System/Library/PrivateFrameworks/SentencePieceInternal.framework/Versions/A/SentencePieceInternal
0x00007ff827b04000 	/System/Library/Frameworks/Vision.framework/Versions/A/Vision
0x00007ffb2b034000 	/System/Library/PrivateFrameworks/CoreSceneUnderstanding.framework/Versions/A/CoreSceneUnderstanding
0x00007ffd16ac9000 	/System/Library/PrivateFrameworks/VisionCore.framework/Versions/A/VisionCore
0x00007ff922222000 	/System/Library/Frameworks/Vision.framework/libfaceCore.dylib
0x00007ff922f2d000 	/System/Library/PrivateFrameworks/Futhark.framework/Versions/A/Futhark
0x00007ff9269a0000 	/System/Library/PrivateFrameworks/InertiaCam.framework/Versions/A/InertiaCam
0x00007ff922cae000 	/System/Library/PrivateFrameworks/TextRecognition.framework/Versions/A/TextRecognition
0x00007ff821380000 	/System/Library/PrivateFrameworks/CVNLP.framework/Versions/A/CVNLP
0x00007ffc139d0000 	/System/Library/PrivateFrameworks/GRDBInternal.framework/Versions/A/GRDBInternal
0x00007ff82e0bc000 	/System/Library/PrivateFrameworks/RTCReporting.framework/Versions/A/RTCReporting
0x00007ff82c100000 	/System/Library/PrivateFrameworks/IntentsFoundation.framework/Versions/A/IntentsFoundation
0x00007ff8248d7000 	/System/Library/Frameworks/NetworkExtension.framework/Versions/A/NetworkExtension
0x00007ff91e7f1000 	/System/Library/PrivateFrameworks/CaptiveNetwork.framework/Versions/A/CaptiveNetwork
0x00007ff82b789000 	/System/Library/PrivateFrameworks/EAP8021X.framework/Versions/A/EAP8021X
0x00007ff92cf14000 	/System/Library/PrivateFrameworks/UIKitServices.framework/Versions/A/UIKitServices
0x00007ffb180b6000 	/System/Library/Extensions/AMDRadeonX6000MTLDriver.bundle/Contents/MacOS/AMDRadeonX6000MTLDriver
0x00007ffb0f53b000 	/System/Library/Extensions/AppleIntelKBLGraphicsMTLDriver.bundle/Contents/MacOS/AppleIntelKBLGraphicsMTLDriver
0x000000017e163000 	/Users/gregory/Library/Caches/JNA/temp/jna1808625320167286505.tmp
0x000000017e17e000 	/Users/gregory/Library/Java/JavaVirtualMachines/corretto-21.0.4/Contents/Home/lib/libosxui.dylib
0x00000001ab6fa000 	/private/var/folders/b7/xf84s60j05z0cd3l7fzd82bw0000gn/T/libflatlaf-macos-x86_64-1986290274410.dylib
0x00007ffd10e6d000 	/System/Library/PrivateFrameworks/TextInputUI.framework/Versions/A/TextInputUI
0x00007ffd10e8d000 	/System/Library/PrivateFrameworks/TextInputUIMacHelper.framework/Versions/A/TextInputUIMacHelper
0x00007ffc27c71000 	/System/Library/PrivateFrameworks/Sage.framework/Versions/A/Sage
0x00000001add3f000 	/Users/gregory/Library/Java/JavaVirtualMachines/corretto-21.0.4/Contents/Home/lib/libextnet.dylib
0x00007ffa198b3000 	/System/Library/PrivateFrameworks/Shortcut.framework/Versions/A/Shortcut
0x00007ffa19883000 	/System/Library/PrivateFrameworks/HelpData.framework/Versions/A/HelpData
0x00007ffb21675000 	/System/Library/PrivateFrameworks/AccessibilityBundles.framework/Versions/A/AccessibilityBundles
0x00007ffa2d44f000 	/System/Library/PrivateFrameworks/VoiceShortcutClient.framework/Versions/A/VoiceShortcutClient
0x00007ff920af8000 	/System/Library/PrivateFrameworks/ChronoServices.framework/Versions/A/ChronoServices
0x00007ffc2735e000 	/System/Library/PrivateFrameworks/ReplicatorEngine.framework/Versions/A/ReplicatorEngine
0x00007ffc274cf000 	/System/Library/PrivateFrameworks/ReplicatorServices.framework/Versions/A/ReplicatorServices
0x00007ffd10594000 	/System/Library/PrivateFrameworks/SystemWake.framework/Versions/A/SystemWake


VM Arguments:
jvm_args: -agentlib:jdwp=transport=dt_socket,address=127.0.0.1:49536,suspend=y,server=n -javaagent:/Users/gregory/Library/Caches/JetBrains/IntelliJIdea2025.3/captureAgent/debugger-agent.jar=file:///var/folders/b7/xf84s60j05z0cd3l7fzd82bw0000gn/T/capture5166345672449462020.props -Dkotlinx.coroutines.debug.enable.creation.stack.trace=false -Ddebugger.agent.enable.coroutines=true -Dkotlinx.coroutines.debug.enable.flows.stack.trace=true -Dkotlinx.coroutines.debug.enable.mutable.state.flows.stack.trace=true -Ddebugger.async.stack.trace.for.all.threads=true -Dfile.encoding=UTF-8 -Dsun.stdout.encoding=UTF-8 -Dsun.stderr.encoding=UTF-8 
java_command: com.gl.langchain4j.easyworkflow.samples.SampleSequentialAndRepeatableAgentsPlayground
java_class_path (initial): /Users/gregory/Local/Home/Projects/ LangChain4j EasyWorkflow/target/test-classes:/Users/gregory/Local/Home/Projects/ LangChain4j EasyWorkflow/target/classes:/Users/gregory/.m2/repository/com/jgoodies/jgoodies-forms/1.9.0/jgoodies-forms-1.9.0.jar:/Users/gregory/.m2/repository/com/jgoodies/jgoodies-common/1.8.1/jgoodies-common-1.8.1.jar:/Users/gregory/.m2/repository/org/openani/jsystemthemedetector/jSystemThemeDetector/3.8/jSystemThemeDetector-3.8.jar:/Users/gregory/.m2/repository/net/java/dev/jna/jna/5.15.0/jna-5.15.0.jar:/Users/gregory/.m2/repository/net/java/dev/jna/jna-platform/5.15.0/jna-platform-5.15.0.jar:/Users/gregory/.m2/repository/de/jangassen/jfa/1.2.0/jfa-1.2.0.jar:/Users/gregory/.m2/repository/com/github/oshi/oshi-core/5.8.6/oshi-core-5.8.6.jar:/Users/gregory/.m2/repository/io/github/g00fy2/versioncompare/1.4.1/versioncompare-1.4.1.jar:/Users/gregory/.m2/repository/org/jetbrains/annotations/22.0.0/annotations-22.0.0.jar:/Users/gregory/.m2/repository/com/formdev/flatlaf/3.6.1/flatlaf-3.6.1.jar:/Users/gregory/.m2/repository/com/formdev/flatlaf-extras/3.6.1/flatlaf-extras-3.6.1.jar:/Users/gregory/.m2/repository/com/github/weisj/jsvg/2.0.0/jsvg-2.0.0.jar:/Users/gregory/.m2/repository/org/commonmark/commonmark/0.26.0/commonmark-0.26.0.jar:/Users/gregory/.m2/repository/org/junit/jupiter/junit-jupiter/5.8.1/junit-jupiter-5.8.1.jar:/Users/gregory/.m2/repository/org/junit/jupiter/junit-jupiter-api/5.8.1/junit-jupiter-api-5.8.1.jar:/Users/gregory/.m2/repository/org/opentest4j/opentest4j/1.2.0/opentest4j-1.2.0.jar:/Users/gregory/.m2/repository/org/junit/platform/junit-platform-commons/1.8.1/junit-platform-commons-1.8.1.jar:/Users/gregory/.m2/repository/org/apiguardian/apiguardian-api/1.1.2/apiguardian-api-1.1.2.jar:/Users/gregory/.m2/repository/org/junit/jupiter/junit-jupiter-params/5.8.1/junit-jupiter-params-5.8.1.jar:/Users/gregory/.m2/repository/org/junit/jupiter/junit-jupiter-engine/5.8.1/junit-jupiter-engine-5.8.1.jar:/Users/gregory/.m2/repository/org/junit/platform/junit-platform-engine/1.8.1/junit-platform-engine-1.8.1.jar:/Users/gregory/.m2/repository/ai/djl/huggingface/tokenizers/0.28.0/tokenizers-0.28.0.jar:/Users/gregory/.m2/repository/ai/djl/api/0.28.0/api-0.28.0.jar:/Users/gregory/.m2/repository/com/google/code/gson/gson/2.10.1/gson-2.10.1.jar:/Users/gregory/.m2/repository/org/apache/commons/commons-compress/1.26.1/commons-compress-1.26.1.jar:/Users/gregory/.m2/repository/commons-codec/commons-codec/1.16.1/commons-codec-1.16.1.jar:/Users/gregory/.m2/repository/commons-io/commons-io/2.15.1/commons-io-2.15.1.jar:/Users/gregory/.m2/repository/ai/djl/huggingface/tokenizers/0.28.0/tokenizers-0.28.0-sources.jar:/Users/gregory/.m2/repository/dev/langchain4j/langchain4j-embeddings-all-minilm-l6-v2/1.9.1-beta17/langchain4j-embeddings-all-minilm-l6-v2-1.9.1-beta17.jar:/Users/gregory/.m2/repository/dev/langchain4j/langchain4j-embeddings/1.9.1-beta17/langchain4j-embeddings-1.9.1-beta17.jar:/Users/gregory/.m2/repository/com/microsoft/onnxruntime/onnxruntime/1.20.0/onnxruntime-1.20.0.jar:/Users/gregory/.m2/repository/dev/langchain4j/langchain4j-open-ai/1.10.0/langchain4j-open-ai-1.10.0.jar:/Users/gregory/.m2/repository/dev/langchain4j/langchain4j-core/1.10.0/langchain4j-core-1.10.0.jar:/Users/gregory/.m2/repository/org/jspecify/jspecify/1.0.0/jspecify-1.0.0.jar:/Users/gregory/.m2/repository/dev/langchain4j/langchain4j-http-client/1.10.0/langchain4j-http-client-1.10.0.jar:/Users/gregory/.m2/repository/dev/langchain4j/langchain4j-http-client-jdk/1.10.0/langchain4j-http-client-jdk-1.10.0.jar:/Users/gregory/.m2/repository/com/fasterxml/jackson/core/jackson-annotations/2.20/jackson-annotations-2.20.jar:/Users/gregory/.m2/repository/com/fasterxml/jackson/core/jackson-core/2.20.1/jackson-core-2.20.1.jar:/Users/gregory/.m2/repository/com/fasterxml/jackson/core/jackson-databind/2.20.1/jackson-databind-2.20.1.jar:/Users/gregory/.m2/repository/com/knuddels/jtokkit/1.1.0/jtokkit-1.1.0.jar:/Users/gregory/.m2/repository/dev/langchain4j/langchain4j/1.10.0/langchain4j-1.10.0.jar:/Users/gregory/.m2/repository/org/apache/opennlp/opennlp-tools/2.5.4/opennlp-tools-2.5.4.jar:/Users/gregory/.m2/repository/dev/langchain4j/langchain4j/1.10.0/langchain4j-1.10.0-sources.jar:/Users/gregory/.m2/repository/dev/langchain4j/langchain4j/1.10.0/langchain4j-1.10.0-javadoc.jar:/Users/gregory/.m2/repository/dev/langchain4j/langchain4j-agentic/1.10.0-beta18/langchain4j-agentic-1.10.0-beta18.jar:/Users/gregory/.m2/repository/dev/langchain4j/langchain4j-agentic-a2a/1.10.0-beta18/langchain4j-agentic-a2a-1.10.0-beta18.jar:/Users/gregory/.m2/repository/io/github/a2asdk/a2a-java-sdk-client/0.3.2.Final/a2a-java-sdk-client-0.3.2.Final.jar:/Users/gregory/.m2/repository/io/github/a2asdk/a2a-java-sdk-http-client/0.3.2.Final/a2a-java-sdk-http-client-0.3.2.Final.jar:/Users/gregory/.m2/repository/io/github/a2asdk/a2a-java-sdk-client-transport-spi/0.3.2.Final/a2a-java-sdk-client-transport-spi-0.3.2.Final.jar:/Users/gregory/.m2/repository/io/github/a2asdk/a2a-java-sdk-common/0.3.2.Final/a2a-java-sdk-common-0.3.2.Final.jar:/Users/gregory/.m2/repository/io/github/a2asdk/a2a-java-sdk-spec/0.3.2.Final/a2a-java-sdk-spec-0.3.2.Final.jar:/Users/gregory/.m2/repository/com/fasterxml/jackson/datatype/jackson-datatype-jsr310/2.17.0/jackson-datatype-jsr310-2.17.0.jar:/Users/gregory/.m2/repository/io/github/a2asdk/a2a-java-sdk-client-transport-jsonrpc/0.3.2.Final/a2a-java-sdk-client-transport-jsonrpc-0.3.2.Final.jar:/Users/gregory/.m2/repository/dev/langchain4j/langchain4j-agentic/1.10.0-beta18/langchain4j-agentic-1.10.0-beta18-javadoc.jar:/Users/gregory/.m2/repository/dev/langchain4j/langchain4j-agentic/1.10.0-beta18/langchain4j-agentic-1.10.0-beta18-sources.jar:/Users/gregory/.m2/repository/org/slf4j/slf4j-api/1.7.36/slf4j-api-1.7.36.jar:/Users/gregory/.m2/repository/org/slf4j/slf4j-jdk14/1.7.36/slf4j-jdk14-1.7.36.jar:/Applications/IntelliJ IDEA.app/Contents/lib/idea_rt.jar
Launcher Type: SUN_STANDARD

[Global flags]
     intx CICompilerCount                          = 4                                         {product} {ergonomic}
     uint ConcGCThreads                            = 3                                         {product} {ergonomic}
     uint G1ConcRefinementThreads                  = 10                                        {product} {ergonomic}
   size_t G1HeapRegionSize                         = 4194304                                   {product} {ergonomic}
    uintx GCDrainStackTargetSize                   = 64                                        {product} {ergonomic}
   size_t InitialHeapSize                          = 536870912                                 {product} {ergonomic}
   size_t MarkStackSize                            = 4194304                                   {product} {ergonomic}
   size_t MaxHeapSize                              = 8589934592                                {product} {ergonomic}
   size_t MaxNewSize                               = 5150605312                                {product} {ergonomic}
   size_t MinHeapDeltaBytes                        = 4194304                                   {product} {ergonomic}
   size_t MinHeapSize                              = 8388608                                   {product} {ergonomic}
    uintx NonNMethodCodeHeapSize                   = 5839372                                {pd product} {ergonomic}
    uintx NonProfiledCodeHeapSize                  = 122909434                              {pd product} {ergonomic}
    uintx ProfiledCodeHeapSize                     = 122909434                              {pd product} {ergonomic}
    uintx ReservedCodeCacheSize                    = 251658240                              {pd product} {ergonomic}
     bool SegmentedCodeCache                       = true                                      {product} {ergonomic}
   size_t SoftMaxHeapSize                          = 8589934592                             {manageable} {ergonomic}
     bool UseCompressedOops                        = true                           {product lp64_product} {ergonomic}
     bool UseG1GC                                  = true                                      {product} {ergonomic}
     bool UseNUMA                                  = false                                     {product} {ergonomic}
     bool UseNUMAInterleaving                      = false                                     {product} {ergonomic}

Logging:
Log output configuration:
 #0: stdout all=warning uptime,level,tags foldmultilines=false
 #1: stderr all=off uptime,level,tags foldmultilines=false

Environment Variables:
PATH=/usr/local/bin:/System/Cryptexes/App/usr/bin:/usr/bin:/bin:/usr/sbin:/sbin:/var/run/com.apple.security.cryptexd/codex.system/bootstrap/usr/local/bin:/var/run/com.apple.security.cryptexd/codex.system/bootstrap/usr/bin:/var/run/com.apple.security.cryptexd/codex.system/bootstrap/usr/appleinternal/bin:/Library/Apple/usr/bin:/Applications/VMware Fusion.app/Contents/Public
SHELL=/bin/zsh
LC_CTYPE=en_US.UTF-8
TMPDIR=/var/folders/b7/xf84s60j05z0cd3l7fzd82bw0000gn/T/

Active Locale:
LC_ALL=C/en_US.UTF-8/C/C/C/C
LC_COLLATE=C
LC_CTYPE=en_US.UTF-8
LC_MESSAGES=C
LC_MONETARY=C
LC_NUMERIC=C
LC_TIME=C

Signal Handlers:
   SIGSEGV: crash_handler in libjvm.dylib, mask=11100110000111110111111111111111, flags=SA_ONSTACK|SA_RESTART|SA_SIGINFO, unblocked
    SIGBUS: crash_handler in libjvm.dylib, mask=11100110000111110111111111111111, flags=SA_RESTART|SA_SIGINFO, unblocked
    SIGFPE: crash_handler in libjvm.dylib, mask=11100110000111110111111111111111, flags=SA_RESTART|SA_SIGINFO, unblocked
   SIGPIPE: javaSignalHandler in libjvm.dylib, mask=11100110000111110111111111111111, flags=SA_RESTART|SA_SIGINFO, blocked
   SIGXFSZ: javaSignalHandler in libjvm.dylib, mask=11100110000111110111111111111111, flags=SA_RESTART|SA_SIGINFO, blocked
    SIGILL: crash_handler in libjvm.dylib, mask=11100110000111110111111111111111, flags=SA_RESTART|SA_SIGINFO, unblocked
   SIGUSR2: SR_handler in libjvm.dylib, mask=00000000000000000000000000000000, flags=SA_RESTART|SA_SIGINFO, blocked
    SIGHUP: UserHandler in libjvm.dylib, mask=11100110000111110111111111111111, flags=SA_RESTART|SA_SIGINFO, blocked
    SIGINT: UserHandler in libjvm.dylib, mask=11100110000111110111111111111111, flags=SA_RESTART|SA_SIGINFO, blocked
   SIGTERM: UserHandler in libjvm.dylib, mask=11100110000111110111111111111111, flags=SA_RESTART|SA_SIGINFO, blocked
   SIGQUIT: UserHandler in libjvm.dylib, mask=11100110000111110111111111111111, flags=SA_RESTART|SA_SIGINFO, blocked
   SIGTRAP: crash_handler in libjvm.dylib, mask=11100110000111110111111111111111, flags=SA_RESTART|SA_SIGINFO, unblocked


Periodic native trim disabled

---------------  S Y S T E M  ---------------

OS:
uname: Darwin 24.6.0 Darwin Kernel Version 24.6.0: Mon Jul 14 11:28:17 PDT 2025; root:xnu-11417.140.69~1/RELEASE_X86_64 x86_64
OS uptime: 0 days 12:18 hours
rlimit (soft/hard): STACK 8192k/65532k , CORE 0k/infinity , NPROC 5568/8352 , NOFILE 12544/infinity , AS infinity/infinity , CPU infinity/infinity , DATA infinity/infinity , FSIZE infinity/infinity , MEMLOCK infinity/infinity , RSS infinity/infinity
load average: 3.42 5.22 4.65

CPU: total 12 (initial active 12) (6 cores per cpu, 2 threads per core) family 6 model 158 stepping 10 microcode 0xfa, cx8, cmov, fxsr, ht, mmx, 3dnowpref, sse, sse2, sse3, ssse3, sse4.1, sse4.2, popcnt, lzcnt, tsc, tscinvbit, avx, avx2, aes, erms, clmul, bmi1, bmi2, adx, fma, vzeroupper, clflush, clflushopt, rdtscp, f16c
machdep.cpu.brand_string:Intel(R) Core(TM) i7-9750H CPU @ 2.60GHz
hw.cpufrequency:2600000000
hw.cpufrequency_min:2600000000
hw.cpufrequency_max:2600000000
hw.cachelinesize:64
hw.l1icachesize:32768
hw.l1dcachesize:32768
hw.l2cachesize:262144
hw.l3cachesize:12582912

Memory: 4k page, physical 33554432k(1687116k free), swap 1048576k(1040896k free)

vm_info: OpenJDK 64-Bit Server VM (21.0.4+7-LTS) for bsd-amd64 JRE (21.0.4+7-LTS), built on 2024-07-10T17:32:35Z by "ec2user" with clang Apple LLVM 14.0.0 (clang-1400.0.29.202)

END.
